run_id,timestamp,event,video_id,keyword,duration_s,batch_size,status,detail
20260707T100811_a53ac0,2026-07-07T10:08:11.275676+00:00,run_start,,,0.0,1,ok,
20260707T100811_a53ac0,2026-07-07T10:08:11.773070+00:00,keyword_search,,messi,0.483,1,ok,results=50
20260707T100811_a53ac0,2026-07-07T10:08:11.837688+00:00,video_stats_fetch,_R_WVxW8N3A,messi,0.0645,1,ok,
20260707T100811_a53ac0,2026-07-07T10:08:11.894972+00:00,channel_stats_fetch,_R_WVxW8N3A,messi,0.0572,1,ok,
20260707T100811_a53ac0,2026-07-07T10:08:11.895044+00:00,transcript_fetch,_R_WVxW8N3A,messi,0.0,1,skip,no_transcript
20260707T100811_a53ac0,2026-07-07T10:08:11.973234+00:00,thumbnail_download,_R_WVxW8N3A,messi,0.0782,1,ok,
20260707T100811_a53ac0,2026-07-07T10:08:12.036135+00:00,video_stats_fetch,EsZcf4Qn9oM,messi,0.0628,1,ok,
20260707T100811_a53ac0,2026-07-07T10:08:12.091107+00:00,channel_stats_fetch,EsZcf4Qn9oM,messi,0.0549,1,ok,
20260707T100811_a53ac0,2026-07-07T10:08:12.091169+00:00,transcript_fetch,EsZcf4Qn9oM,messi,0.0,1,skip,no_transcript
20260707T100811_a53ac0,2026-07-07T10:08:12.174449+00:00,thumbnail_download,EsZcf4Qn9oM,messi,0.0833,1,ok,
20260707T100811_a53ac0,2026-07-07T10:08:12.225917+00:00,video_stats_fetch,3crHpC7zD38,messi,0.0514,1,ok,
20260707T100811_a53ac0,2026-07-07T10:08:12.274353+00:00,channel_stats_fetch,3crHpC7zD38,messi,0.0483,1,ok,
20260707T100811_a53ac0,2026-07-07T10:08:12.274393+00:00,transcript_fetch,3crHpC7zD38,messi,0.0,1,skip,no_transcript
20260707T100811_a53ac0,2026-07-07T10:08:12.351186+00:00,thumbnail_download,3crHpC7zD38,messi,0.0768,1,ok,
20260707T100811_a53ac0,2026-07-07T10:08:12.405711+00:00,video_stats_fetch,yv7GbosCV7I,messi,0.0544,1,ok,
20260707T100811_a53ac0,2026-07-07T10:08:12.463892+00:00,channel_stats_fetch,yv7GbosCV7I,messi,0.0581,1,ok,
20260707T100811_a53ac0,2026-07-07T10:08:12.464004+00:00,transcript_fetch,yv7GbosCV7I,messi,0.0,1,skip,no_transcript
20260707T100811_a53ac0,2026-07-07T10:08:12.534402+00:00,thumbnail_download,yv7GbosCV7I,messi,0.0703,1,ok,
20260707T100811_a53ac0,2026-07-07T10:08:12.581757+00:00,video_stats_fetch,HgZCOkHVlFk,messi,0.0472,1,ok,
20260707T100811_a53ac0,2026-07-07T10:08:12.654648+00:00,channel_stats_fetch,HgZCOkHVlFk,messi,0.0728,1,ok,
20260707T100811_a53ac0,2026-07-07T10:08:12.654769+00:00,transcript_fetch,HgZCOkHVlFk,messi,0.0,1,skip,no_transcript
20260707T100811_a53ac0,2026-07-07T10:08:12.728400+00:00,thumbnail_download,HgZCOkHVlFk,messi,0.0736,1,ok,
20260707T100811_a53ac0,2026-07-07T10:08:28.718188+00:00,llm_batch_call,,messi,15.9894,5,ok,
20260707T100811_a53ac0,2026-07-07T10:08:28.718630+00:00,csv_write,_R_WVxW8N3A,messi,0.0,1,ok,video_row
20260707T100811_a53ac0,2026-07-07T10:08:28.871590+00:00,comment_page_fetch,_R_WVxW8N3A,messi,0.1529,100,ok,page=1
20260707T100811_a53ac0,2026-07-07T10:08:28.873431+00:00,csv_write,_R_WVxW8N3A,messi,0.0013,100,ok,comment_rows
20260707T100811_a53ac0,2026-07-07T10:08:29.068423+00:00,comment_page_fetch,_R_WVxW8N3A,messi,0.1949,100,ok,page=2
20260707T100811_a53ac0,2026-07-07T10:08:29.070212+00:00,csv_write,_R_WVxW8N3A,messi,0.0013,100,ok,comment_rows
20260707T100811_a53ac0,2026-07-07T10:08:29.226973+00:00,comment_page_fetch,_R_WVxW8N3A,messi,0.1567,100,ok,page=3
20260707T100811_a53ac0,2026-07-07T10:08:29.228693+00:00,csv_write,_R_WVxW8N3A,messi,0.0013,100,ok,comment_rows
20260707T100811_a53ac0,2026-07-07T10:08:29.230091+00:00,csv_write,3crHpC7zD38,messi,0.0001,1,ok,video_row
20260707T100811_a53ac0,2026-07-07T10:08:29.463683+00:00,comment_page_fetch,3crHpC7zD38,messi,0.2334,100,ok,page=1
20260707T100811_a53ac0,2026-07-07T10:08:29.464110+00:00,csv_write,3crHpC7zD38,messi,0.0003,100,ok,comment_rows
20260707T100811_a53ac0,2026-07-07T10:08:29.677837+00:00,comment_page_fetch,3crHpC7zD38,messi,0.2137,100,ok,page=2
20260707T100811_a53ac0,2026-07-07T10:08:29.679858+00:00,csv_write,3crHpC7zD38,messi,0.0015,100,ok,comment_rows
20260707T100811_a53ac0,2026-07-07T10:08:29.893907+00:00,comment_page_fetch,3crHpC7zD38,messi,0.214,100,ok,page=3
20260707T100811_a53ac0,2026-07-07T10:08:29.895881+00:00,csv_write,3crHpC7zD38,messi,0.0015,100,ok,comment_rows
20260707T100811_a53ac0,2026-07-07T10:08:30.166155+00:00,comment_page_fetch,3crHpC7zD38,messi,0.2702,100,ok,page=4
20260707T100811_a53ac0,2026-07-07T10:08:30.167101+00:00,csv_write,3crHpC7zD38,messi,0.0007,100,ok,comment_rows
20260707T100811_a53ac0,2026-07-07T10:08:30.315316+00:00,comment_page_fetch,3crHpC7zD38,messi,0.1482,100,ok,page=5
20260707T100811_a53ac0,2026-07-07T10:08:30.317348+00:00,csv_write,3crHpC7zD38,messi,0.0016,100,ok,comment_rows
20260707T100811_a53ac0,2026-07-07T10:08:30.503351+00:00,comment_page_fetch,3crHpC7zD38,messi,0.1859,100,ok,page=6
20260707T100811_a53ac0,2026-07-07T10:08:30.505381+00:00,csv_write,3crHpC7zD38,messi,0.0015,100,ok,comment_rows
20260707T100811_a53ac0,2026-07-07T10:08:30.658367+00:00,comment_page_fetch,3crHpC7zD38,messi,0.1529,100,ok,page=7
20260707T100811_a53ac0,2026-07-07T10:08:30.660298+00:00,csv_write,3crHpC7zD38,messi,0.0015,100,ok,comment_rows
20260707T100811_a53ac0,2026-07-07T10:08:30.905988+00:00,comment_page_fetch,3crHpC7zD38,messi,0.2456,100,ok,page=8
20260707T100811_a53ac0,2026-07-07T10:08:30.908016+00:00,csv_write,3crHpC7zD38,messi,0.0015,100,ok,comment_rows
20260707T100811_a53ac0,2026-07-07T10:08:31.022215+00:00,comment_page_fetch,3crHpC7zD38,messi,0.1141,23,ok,page=9
20260707T100811_a53ac0,2026-07-07T10:08:31.023046+00:00,csv_write,3crHpC7zD38,messi,0.0005,23,ok,comment_rows
20260707T100811_a53ac0,2026-07-07T10:08:31.025188+00:00,csv_write,yv7GbosCV7I,messi,0.0002,1,ok,video_row
20260707T100811_a53ac0,2026-07-07T10:08:31.275781+00:00,comment_page_fetch,yv7GbosCV7I,messi,0.2501,100,ok,page=1
20260707T100811_a53ac0,2026-07-07T10:08:31.277585+00:00,csv_write,yv7GbosCV7I,messi,0.0013,100,ok,comment_rows
20260707T100811_a53ac0,2026-07-07T10:08:31.458170+00:00,comment_page_fetch,yv7GbosCV7I,messi,0.1805,100,ok,page=2
20260707T100811_a53ac0,2026-07-07T10:08:31.460401+00:00,csv_write,yv7GbosCV7I,messi,0.0015,100,ok,comment_rows
20260707T100811_a53ac0,2026-07-07T10:08:31.624306+00:00,comment_page_fetch,yv7GbosCV7I,messi,0.1638,100,ok,page=3
20260707T100811_a53ac0,2026-07-07T10:08:31.625672+00:00,csv_write,yv7GbosCV7I,messi,0.001,100,ok,comment_rows
20260707T100811_a53ac0,2026-07-07T10:08:31.892467+00:00,comment_page_fetch,yv7GbosCV7I,messi,0.2667,100,ok,page=4
20260707T100811_a53ac0,2026-07-07T10:08:31.894292+00:00,csv_write,yv7GbosCV7I,messi,0.0014,100,ok,comment_rows
20260707T100811_a53ac0,2026-07-07T10:08:32.089231+00:00,comment_page_fetch,yv7GbosCV7I,messi,0.1949,100,ok,page=5
20260707T100811_a53ac0,2026-07-07T10:08:32.091051+00:00,csv_write,yv7GbosCV7I,messi,0.0014,100,ok,comment_rows
20260707T100811_a53ac0,2026-07-07T10:08:32.229326+00:00,comment_page_fetch,yv7GbosCV7I,messi,0.1382,100,ok,page=6
20260707T100811_a53ac0,2026-07-07T10:08:32.231303+00:00,csv_write,yv7GbosCV7I,messi,0.0015,100,ok,comment_rows
20260707T100811_a53ac0,2026-07-07T10:08:32.395829+00:00,comment_page_fetch,yv7GbosCV7I,messi,0.1644,100,ok,page=7
20260707T100811_a53ac0,2026-07-07T10:08:32.396204+00:00,csv_write,yv7GbosCV7I,messi,0.0003,100,ok,comment_rows
20260707T100811_a53ac0,2026-07-07T10:08:32.544515+00:00,comment_page_fetch,yv7GbosCV7I,messi,0.1483,32,ok,page=8
20260707T100811_a53ac0,2026-07-07T10:08:32.545230+00:00,csv_write,yv7GbosCV7I,messi,0.0005,32,ok,comment_rows
20260707T100811_a53ac0,2026-07-07T10:08:32.546195+00:00,csv_write,HgZCOkHVlFk,messi,0.0001,1,ok,video_row
20260707T100811_a53ac0,2026-07-07T10:08:32.759933+00:00,comment_page_fetch,HgZCOkHVlFk,messi,0.2134,100,ok,page=1
20260707T100811_a53ac0,2026-07-07T10:08:32.761955+00:00,csv_write,HgZCOkHVlFk,messi,0.0016,100,ok,comment_rows
20260707T100811_a53ac0,2026-07-07T10:08:32.968157+00:00,comment_page_fetch,HgZCOkHVlFk,messi,0.2061,100,ok,page=2
20260707T100811_a53ac0,2026-07-07T10:08:32.970348+00:00,csv_write,HgZCOkHVlFk,messi,0.0017,100,ok,comment_rows
20260707T100811_a53ac0,2026-07-07T10:08:33.170868+00:00,comment_page_fetch,HgZCOkHVlFk,messi,0.2004,100,ok,page=3
20260707T100811_a53ac0,2026-07-07T10:08:33.172835+00:00,csv_write,HgZCOkHVlFk,messi,0.0015,100,ok,comment_rows
20260707T100811_a53ac0,2026-07-07T10:08:33.402557+00:00,comment_page_fetch,HgZCOkHVlFk,messi,0.2297,100,ok,page=4
20260707T100811_a53ac0,2026-07-07T10:08:33.404512+00:00,csv_write,HgZCOkHVlFk,messi,0.0015,100,ok,comment_rows
20260707T100811_a53ac0,2026-07-07T10:08:33.715239+00:00,comment_page_fetch,HgZCOkHVlFk,messi,0.3107,100,ok,page=5
20260707T100811_a53ac0,2026-07-07T10:08:33.715662+00:00,csv_write,HgZCOkHVlFk,messi,0.0003,100,ok,comment_rows
20260707T100811_a53ac0,2026-07-07T10:08:33.880029+00:00,comment_page_fetch,HgZCOkHVlFk,messi,0.1643,100,ok,page=6
20260707T100811_a53ac0,2026-07-07T10:08:33.881159+00:00,csv_write,HgZCOkHVlFk,messi,0.0008,100,ok,comment_rows
20260707T100811_a53ac0,2026-07-07T10:08:34.071734+00:00,comment_page_fetch,HgZCOkHVlFk,messi,0.1905,100,ok,page=7
20260707T100811_a53ac0,2026-07-07T10:08:34.073695+00:00,csv_write,HgZCOkHVlFk,messi,0.0015,100,ok,comment_rows
20260707T100811_a53ac0,2026-07-07T10:08:34.269085+00:00,comment_page_fetch,HgZCOkHVlFk,messi,0.1953,100,ok,page=8
20260707T100811_a53ac0,2026-07-07T10:08:34.270961+00:00,csv_write,HgZCOkHVlFk,messi,0.0014,100,ok,comment_rows
20260707T100811_a53ac0,2026-07-07T10:08:34.426330+00:00,comment_page_fetch,HgZCOkHVlFk,messi,0.1553,77,ok,page=9
20260707T100811_a53ac0,2026-07-07T10:08:34.427910+00:00,csv_write,HgZCOkHVlFk,messi,0.0012,77,ok,comment_rows
20260707T100811_a53ac0,2026-07-07T10:08:34.482058+00:00,video_stats_fetch,L-AwGJ0jF8E,messi,0.0537,1,ok,
20260707T100811_a53ac0,2026-07-07T10:08:34.533268+00:00,channel_stats_fetch,L-AwGJ0jF8E,messi,0.0511,1,ok,
20260707T100811_a53ac0,2026-07-07T10:08:34.533390+00:00,transcript_fetch,L-AwGJ0jF8E,messi,0.0,1,skip,no_transcript
20260707T100811_a53ac0,2026-07-07T10:08:34.622791+00:00,thumbnail_download,L-AwGJ0jF8E,messi,0.0893,1,ok,
20260707T100811_a53ac0,2026-07-07T10:08:34.684995+00:00,video_stats_fetch,jhVnjyIROuY,messi,0.0621,1,ok,
20260707T100811_a53ac0,2026-07-07T10:08:34.748163+00:00,channel_stats_fetch,jhVnjyIROuY,messi,0.0631,1,ok,
20260707T100811_a53ac0,2026-07-07T10:08:34.748258+00:00,transcript_fetch,jhVnjyIROuY,messi,0.0,1,skip,no_transcript
20260707T100811_a53ac0,2026-07-07T10:08:34.834601+00:00,thumbnail_download,jhVnjyIROuY,messi,0.0863,1,ok,
20260707T100811_a53ac0,2026-07-07T10:08:34.885141+00:00,video_stats_fetch,3H5F1qohG_8,messi,0.0504,1,ok,
20260707T100811_a53ac0,2026-07-07T10:08:34.933088+00:00,channel_stats_fetch,3H5F1qohG_8,messi,0.0479,1,ok,
20260707T100811_a53ac0,2026-07-07T10:08:34.933219+00:00,transcript_fetch,3H5F1qohG_8,messi,0.0,1,skip,no_transcript
20260707T100811_a53ac0,2026-07-07T10:08:35.065947+00:00,thumbnail_download,3H5F1qohG_8,messi,0.1327,1,ok,
20260707T100811_a53ac0,2026-07-07T10:08:35.118249+00:00,video_stats_fetch,j6bi_qXs-3E,messi,0.0521,1,ok,
20260707T100811_a53ac0,2026-07-07T10:08:35.187387+00:00,channel_stats_fetch,j6bi_qXs-3E,messi,0.069,1,ok,
20260707T100811_a53ac0,2026-07-07T10:08:35.187518+00:00,transcript_fetch,j6bi_qXs-3E,messi,0.0,1,skip,no_transcript
20260707T100811_a53ac0,2026-07-07T10:08:35.287169+00:00,thumbnail_download,j6bi_qXs-3E,messi,0.0996,1,ok,
20260707T100811_a53ac0,2026-07-07T10:08:35.342705+00:00,video_stats_fetch,zoxziDgVXa4,messi,0.0554,1,ok,
20260707T100811_a53ac0,2026-07-07T10:08:35.415918+00:00,channel_stats_fetch,zoxziDgVXa4,messi,0.0731,1,ok,
20260707T100811_a53ac0,2026-07-07T10:08:35.416035+00:00,transcript_fetch,zoxziDgVXa4,messi,0.0,1,skip,no_transcript
20260707T100811_a53ac0,2026-07-07T10:08:35.551361+00:00,thumbnail_download,zoxziDgVXa4,messi,0.1352,1,ok,
20260707T100811_a53ac0,2026-07-07T10:08:51.524420+00:00,llm_batch_call,,messi,15.9728,5,ok,
20260707T100811_a53ac0,2026-07-07T10:08:51.524875+00:00,csv_write,L-AwGJ0jF8E,messi,0.0,1,ok,video_row
20260707T100811_a53ac0,2026-07-07T10:08:51.793003+00:00,comment_page_fetch,L-AwGJ0jF8E,messi,0.268,100,ok,page=1
20260707T100811_a53ac0,2026-07-07T10:08:51.796460+00:00,csv_write,L-AwGJ0jF8E,messi,0.0026,100,ok,comment_rows
20260707T100811_a53ac0,2026-07-07T10:08:51.940630+00:00,comment_page_fetch,L-AwGJ0jF8E,messi,0.144,100,ok,page=2
20260707T100811_a53ac0,2026-07-07T10:08:51.942477+00:00,csv_write,L-AwGJ0jF8E,messi,0.0013,100,ok,comment_rows
20260707T100811_a53ac0,2026-07-07T10:08:52.045975+00:00,comment_page_fetch,L-AwGJ0jF8E,messi,0.1034,28,ok,page=3
20260707T100811_a53ac0,2026-07-07T10:08:52.046635+00:00,csv_write,L-AwGJ0jF8E,messi,0.0004,28,ok,comment_rows
20260707T100811_a53ac0,2026-07-07T10:08:52.047697+00:00,csv_write,jhVnjyIROuY,messi,0.0001,1,ok,video_row
20260707T100811_a53ac0,2026-07-07T10:08:52.189051+00:00,comment_page_fetch,jhVnjyIROuY,messi,0.1411,48,ok,page=1
20260707T100811_a53ac0,2026-07-07T10:08:52.190045+00:00,csv_write,jhVnjyIROuY,messi,0.0007,48,ok,comment_rows
20260707T100811_a53ac0,2026-07-07T10:08:52.191127+00:00,csv_write,3H5F1qohG_8,messi,0.0001,1,ok,video_row
20260707T100811_a53ac0,2026-07-07T10:08:52.453051+00:00,comment_page_fetch,3H5F1qohG_8,messi,0.2617,100,ok,page=1
20260707T100811_a53ac0,2026-07-07T10:08:52.454984+00:00,csv_write,3H5F1qohG_8,messi,0.0015,100,ok,comment_rows
20260707T100811_a53ac0,2026-07-07T10:08:52.605270+00:00,comment_page_fetch,3H5F1qohG_8,messi,0.1502,18,ok,page=2
20260707T100811_a53ac0,2026-07-07T10:08:52.606185+00:00,csv_write,3H5F1qohG_8,messi,0.0005,18,ok,comment_rows
20260707T100811_a53ac0,2026-07-07T10:08:52.607212+00:00,csv_write,j6bi_qXs-3E,messi,0.0001,1,ok,video_row
20260707T100811_a53ac0,2026-07-07T10:08:52.771889+00:00,comment_page_fetch,j6bi_qXs-3E,messi,0.1643,100,ok,page=1
20260707T100811_a53ac0,2026-07-07T10:08:52.773564+00:00,csv_write,j6bi_qXs-3E,messi,0.0012,100,ok,comment_rows
20260707T100811_a53ac0,2026-07-07T10:08:52.973829+00:00,comment_page_fetch,j6bi_qXs-3E,messi,0.2002,100,ok,page=2
20260707T100811_a53ac0,2026-07-07T10:08:52.975939+00:00,csv_write,j6bi_qXs-3E,messi,0.0012,100,ok,comment_rows
20260707T100811_a53ac0,2026-07-07T10:08:53.356487+00:00,comment_page_fetch,j6bi_qXs-3E,messi,0.3805,100,ok,page=3
20260707T100811_a53ac0,2026-07-07T10:08:53.358261+00:00,csv_write,j6bi_qXs-3E,messi,0.0013,100,ok,comment_rows
20260707T100811_a53ac0,2026-07-07T10:08:53.508749+00:00,comment_page_fetch,j6bi_qXs-3E,messi,0.1504,100,ok,page=4
20260707T100811_a53ac0,2026-07-07T10:08:53.510484+00:00,csv_write,j6bi_qXs-3E,messi,0.0012,100,ok,comment_rows
20260707T100811_a53ac0,2026-07-07T10:08:53.769440+00:00,comment_page_fetch,j6bi_qXs-3E,messi,0.2589,100,ok,page=5
20260707T100811_a53ac0,2026-07-07T10:08:53.771252+00:00,csv_write,j6bi_qXs-3E,messi,0.0013,100,ok,comment_rows
20260707T100811_a53ac0,2026-07-07T10:08:53.940530+00:00,comment_page_fetch,j6bi_qXs-3E,messi,0.1692,100,ok,page=6
20260707T100811_a53ac0,2026-07-07T10:08:53.942285+00:00,csv_write,j6bi_qXs-3E,messi,0.0013,100,ok,comment_rows
20260707T100811_a53ac0,2026-07-07T10:08:54.151773+00:00,comment_page_fetch,j6bi_qXs-3E,messi,0.2094,100,ok,page=7
20260707T100811_a53ac0,2026-07-07T10:08:54.152965+00:00,csv_write,j6bi_qXs-3E,messi,0.0008,100,ok,comment_rows
20260707T100811_a53ac0,2026-07-07T10:08:54.300599+00:00,comment_page_fetch,j6bi_qXs-3E,messi,0.1476,100,ok,page=8
20260707T100811_a53ac0,2026-07-07T10:08:54.302432+00:00,csv_write,j6bi_qXs-3E,messi,0.0014,100,ok,comment_rows
20260707T100811_a53ac0,2026-07-07T10:08:54.458545+00:00,comment_page_fetch,j6bi_qXs-3E,messi,0.156,100,ok,page=9
20260707T100811_a53ac0,2026-07-07T10:08:54.460290+00:00,csv_write,j6bi_qXs-3E,messi,0.0013,100,ok,comment_rows
20260707T100811_a53ac0,2026-07-07T10:08:54.660960+00:00,comment_page_fetch,j6bi_qXs-3E,messi,0.2006,100,ok,page=10
20260707T100811_a53ac0,2026-07-07T10:08:54.661635+00:00,csv_write,j6bi_qXs-3E,messi,0.0005,100,ok,comment_rows
20260707T100811_a53ac0,2026-07-07T10:08:54.847566+00:00,comment_page_fetch,j6bi_qXs-3E,messi,0.1859,100,ok,page=11
20260707T100811_a53ac0,2026-07-07T10:08:54.848225+00:00,csv_write,j6bi_qXs-3E,messi,0.0004,100,ok,comment_rows
20260707T100811_a53ac0,2026-07-07T10:08:55.055776+00:00,comment_page_fetch,j6bi_qXs-3E,messi,0.2075,100,ok,page=12
20260707T100811_a53ac0,2026-07-07T10:08:55.057569+00:00,csv_write,j6bi_qXs-3E,messi,0.0013,100,ok,comment_rows
20260707T100811_a53ac0,2026-07-07T10:08:55.266453+00:00,comment_page_fetch,j6bi_qXs-3E,messi,0.2088,100,ok,page=13
20260707T100811_a53ac0,2026-07-07T10:08:55.268265+00:00,csv_write,j6bi_qXs-3E,messi,0.0013,100,ok,comment_rows
20260707T100811_a53ac0,2026-07-07T10:08:55.485925+00:00,comment_page_fetch,j6bi_qXs-3E,messi,0.2176,100,ok,page=14
20260707T100811_a53ac0,2026-07-07T10:08:55.487782+00:00,csv_write,j6bi_qXs-3E,messi,0.0013,100,ok,comment_rows
20260707T100811_a53ac0,2026-07-07T10:08:55.669768+00:00,comment_page_fetch,j6bi_qXs-3E,messi,0.1819,100,ok,page=15
20260707T100811_a53ac0,2026-07-07T10:08:55.671411+00:00,csv_write,j6bi_qXs-3E,messi,0.0012,100,ok,comment_rows
20260707T100811_a53ac0,2026-07-07T10:08:55.852790+00:00,comment_page_fetch,j6bi_qXs-3E,messi,0.1813,100,ok,page=16
20260707T100811_a53ac0,2026-07-07T10:08:55.853840+00:00,csv_write,j6bi_qXs-3E,messi,0.0007,100,ok,comment_rows
20260707T100811_a53ac0,2026-07-07T10:08:56.018388+00:00,comment_page_fetch,j6bi_qXs-3E,messi,0.1645,100,ok,page=17
20260707T100811_a53ac0,2026-07-07T10:08:56.022135+00:00,csv_write,j6bi_qXs-3E,messi,0.0027,100,ok,comment_rows
20260707T100811_a53ac0,2026-07-07T10:08:56.198638+00:00,comment_page_fetch,j6bi_qXs-3E,messi,0.1764,100,ok,page=18
20260707T100811_a53ac0,2026-07-07T10:08:56.199314+00:00,csv_write,j6bi_qXs-3E,messi,0.0005,100,ok,comment_rows
20260707T100811_a53ac0,2026-07-07T10:08:56.474530+00:00,comment_page_fetch,j6bi_qXs-3E,messi,0.2752,100,ok,page=19
20260707T100811_a53ac0,2026-07-07T10:08:56.476310+00:00,csv_write,j6bi_qXs-3E,messi,0.0013,100,ok,comment_rows
20260707T100811_a53ac0,2026-07-07T10:08:56.678517+00:00,comment_page_fetch,j6bi_qXs-3E,messi,0.2021,100,ok,page=20
20260707T100811_a53ac0,2026-07-07T10:08:56.680337+00:00,csv_write,j6bi_qXs-3E,messi,0.0013,100,ok,comment_rows
20260707T100811_a53ac0,2026-07-07T10:08:56.880775+00:00,comment_page_fetch,j6bi_qXs-3E,messi,0.2004,100,ok,page=21
20260707T100811_a53ac0,2026-07-07T10:08:56.882478+00:00,csv_write,j6bi_qXs-3E,messi,0.0012,100,ok,comment_rows
20260707T100811_a53ac0,2026-07-07T10:08:57.060318+00:00,comment_page_fetch,j6bi_qXs-3E,messi,0.1778,100,ok,page=22
20260707T100811_a53ac0,2026-07-07T10:08:57.061951+00:00,csv_write,j6bi_qXs-3E,messi,0.0012,100,ok,comment_rows
20260707T100811_a53ac0,2026-07-07T10:08:57.244294+00:00,comment_page_fetch,j6bi_qXs-3E,messi,0.1823,100,ok,page=23
20260707T100811_a53ac0,2026-07-07T10:08:57.245266+00:00,csv_write,j6bi_qXs-3E,messi,0.0007,100,ok,comment_rows
20260707T100811_a53ac0,2026-07-07T10:08:57.468753+00:00,comment_page_fetch,j6bi_qXs-3E,messi,0.2234,100,ok,page=24
20260707T100811_a53ac0,2026-07-07T10:08:57.469779+00:00,csv_write,j6bi_qXs-3E,messi,0.0007,100,ok,comment_rows
20260707T100811_a53ac0,2026-07-07T10:08:57.649965+00:00,comment_page_fetch,j6bi_qXs-3E,messi,0.1801,100,ok,page=25
20260707T100811_a53ac0,2026-07-07T10:08:57.651863+00:00,csv_write,j6bi_qXs-3E,messi,0.0013,100,ok,comment_rows
20260707T100811_a53ac0,2026-07-07T10:08:57.879656+00:00,comment_page_fetch,j6bi_qXs-3E,messi,0.2277,100,ok,page=26
20260707T100811_a53ac0,2026-07-07T10:08:57.880739+00:00,csv_write,j6bi_qXs-3E,messi,0.0008,100,ok,comment_rows
20260707T100811_a53ac0,2026-07-07T10:08:58.089902+00:00,comment_page_fetch,j6bi_qXs-3E,messi,0.2091,100,ok,page=27
20260707T100811_a53ac0,2026-07-07T10:08:58.091660+00:00,csv_write,j6bi_qXs-3E,messi,0.0013,100,ok,comment_rows
20260707T100811_a53ac0,2026-07-07T10:08:58.308214+00:00,comment_page_fetch,j6bi_qXs-3E,messi,0.2165,100,ok,page=28
20260707T100811_a53ac0,2026-07-07T10:08:58.309911+00:00,csv_write,j6bi_qXs-3E,messi,0.0012,100,ok,comment_rows
20260707T100811_a53ac0,2026-07-07T10:08:58.480474+00:00,comment_page_fetch,j6bi_qXs-3E,messi,0.1705,100,ok,page=29
20260707T100811_a53ac0,2026-07-07T10:08:58.482211+00:00,csv_write,j6bi_qXs-3E,messi,0.0013,100,ok,comment_rows
20260707T100811_a53ac0,2026-07-07T10:08:58.646333+00:00,comment_page_fetch,j6bi_qXs-3E,messi,0.1641,100,ok,page=30
20260707T100811_a53ac0,2026-07-07T10:08:58.648104+00:00,csv_write,j6bi_qXs-3E,messi,0.0013,100,ok,comment_rows
20260707T100811_a53ac0,2026-07-07T10:08:58.937979+00:00,comment_page_fetch,j6bi_qXs-3E,messi,0.2898,100,ok,page=31
20260707T100811_a53ac0,2026-07-07T10:08:58.939851+00:00,csv_write,j6bi_qXs-3E,messi,0.0013,100,ok,comment_rows
20260707T100811_a53ac0,2026-07-07T10:08:59.084500+00:00,comment_page_fetch,j6bi_qXs-3E,messi,0.1446,100,ok,page=32
20260707T100811_a53ac0,2026-07-07T10:08:59.084878+00:00,csv_write,j6bi_qXs-3E,messi,0.0003,100,ok,comment_rows
20260707T100811_a53ac0,2026-07-07T10:08:59.299199+00:00,comment_page_fetch,j6bi_qXs-3E,messi,0.2143,100,ok,page=33
20260707T100811_a53ac0,2026-07-07T10:08:59.300940+00:00,csv_write,j6bi_qXs-3E,messi,0.0013,100,ok,comment_rows
20260707T100811_a53ac0,2026-07-07T10:08:59.531690+00:00,comment_page_fetch,j6bi_qXs-3E,messi,0.2307,100,ok,page=34
20260707T100811_a53ac0,2026-07-07T10:08:59.533413+00:00,csv_write,j6bi_qXs-3E,messi,0.0013,100,ok,comment_rows
20260707T100811_a53ac0,2026-07-07T10:08:59.756972+00:00,comment_page_fetch,j6bi_qXs-3E,messi,0.2235,100,ok,page=35
20260707T100811_a53ac0,2026-07-07T10:08:59.758830+00:00,csv_write,j6bi_qXs-3E,messi,0.0014,100,ok,comment_rows
20260707T100811_a53ac0,2026-07-07T10:08:59.931093+00:00,comment_page_fetch,j6bi_qXs-3E,messi,0.1722,100,ok,page=36
20260707T100811_a53ac0,2026-07-07T10:08:59.932850+00:00,csv_write,j6bi_qXs-3E,messi,0.0013,100,ok,comment_rows
20260707T100811_a53ac0,2026-07-07T10:09:00.077833+00:00,comment_page_fetch,j6bi_qXs-3E,messi,0.1449,67,ok,page=37
20260707T100811_a53ac0,2026-07-07T10:09:00.079095+00:00,csv_write,j6bi_qXs-3E,messi,0.0009,67,ok,comment_rows
20260707T100811_a53ac0,2026-07-07T10:09:00.080143+00:00,csv_write,zoxziDgVXa4,messi,0.0001,1,ok,video_row
20260707T100811_a53ac0,2026-07-07T10:09:00.289236+00:00,comment_page_fetch,zoxziDgVXa4,messi,0.2088,100,ok,page=1
20260707T100811_a53ac0,2026-07-07T10:09:00.289711+00:00,csv_write,zoxziDgVXa4,messi,0.0003,100,ok,comment_rows
20260707T100811_a53ac0,2026-07-07T10:09:00.476217+00:00,comment_page_fetch,zoxziDgVXa4,messi,0.1865,100,ok,page=2
20260707T100811_a53ac0,2026-07-07T10:09:00.477541+00:00,csv_write,zoxziDgVXa4,messi,0.0005,100,ok,comment_rows
20260707T100811_a53ac0,2026-07-07T10:09:00.673866+00:00,comment_page_fetch,zoxziDgVXa4,messi,0.1963,100,ok,page=3
20260707T100811_a53ac0,2026-07-07T10:09:00.675979+00:00,csv_write,zoxziDgVXa4,messi,0.0016,100,ok,comment_rows
20260707T100811_a53ac0,2026-07-07T10:09:00.857450+00:00,comment_page_fetch,zoxziDgVXa4,messi,0.1814,100,ok,page=4
20260707T100811_a53ac0,2026-07-07T10:09:00.859365+00:00,csv_write,zoxziDgVXa4,messi,0.0014,100,ok,comment_rows
20260707T100811_a53ac0,2026-07-07T10:09:01.022091+00:00,comment_page_fetch,zoxziDgVXa4,messi,0.1627,100,ok,page=5
20260707T100811_a53ac0,2026-07-07T10:09:01.023980+00:00,csv_write,zoxziDgVXa4,messi,0.0014,100,ok,comment_rows
20260707T100811_a53ac0,2026-07-07T10:09:01.171101+00:00,comment_page_fetch,zoxziDgVXa4,messi,0.1471,100,ok,page=6
20260707T100811_a53ac0,2026-07-07T10:09:01.172053+00:00,csv_write,zoxziDgVXa4,messi,0.0007,100,ok,comment_rows
20260707T100811_a53ac0,2026-07-07T10:09:01.353546+00:00,comment_page_fetch,zoxziDgVXa4,messi,0.1814,82,ok,page=7
20260707T100811_a53ac0,2026-07-07T10:09:01.355289+00:00,csv_write,zoxziDgVXa4,messi,0.0013,82,ok,comment_rows
20260707T100811_a53ac0,2026-07-07T10:09:01.400659+00:00,video_stats_fetch,s5HLd8dI3do,messi,0.045,1,ok,
20260707T100811_a53ac0,2026-07-07T10:09:01.467894+00:00,channel_stats_fetch,s5HLd8dI3do,messi,0.0671,1,ok,
20260707T100811_a53ac0,2026-07-07T10:09:01.468009+00:00,transcript_fetch,s5HLd8dI3do,messi,0.0,1,skip,no_transcript
20260707T100811_a53ac0,2026-07-07T10:09:01.565213+00:00,thumbnail_download,s5HLd8dI3do,messi,0.0972,1,ok,
20260707T100811_a53ac0,2026-07-07T10:09:01.604639+00:00,video_stats_fetch,krBktt6GU0E,messi,0.0393,1,ok,
20260707T100811_a53ac0,2026-07-07T10:09:01.648370+00:00,channel_stats_fetch,krBktt6GU0E,messi,0.0436,1,ok,
20260707T100811_a53ac0,2026-07-07T10:09:01.648481+00:00,transcript_fetch,krBktt6GU0E,messi,0.0,1,skip,no_transcript
20260707T100811_a53ac0,2026-07-07T10:09:01.777347+00:00,thumbnail_download,krBktt6GU0E,messi,0.1288,1,ok,
20260707T100811_a53ac0,2026-07-07T10:09:01.825956+00:00,video_stats_fetch,1uU-1oAY77Y,messi,0.0485,1,ok,
20260707T100811_a53ac0,2026-07-07T10:09:01.870735+00:00,channel_stats_fetch,1uU-1oAY77Y,messi,0.0447,1,ok,
20260707T100811_a53ac0,2026-07-07T10:09:01.870858+00:00,transcript_fetch,1uU-1oAY77Y,messi,0.0,1,skip,no_transcript
20260707T100811_a53ac0,2026-07-07T10:09:01.956075+00:00,thumbnail_download,1uU-1oAY77Y,messi,0.0852,1,ok,
20260707T100811_a53ac0,2026-07-07T10:09:02.003643+00:00,video_stats_fetch,cDvJZBwDAmc,messi,0.0475,1,ok,
20260707T100811_a53ac0,2026-07-07T10:09:02.052999+00:00,channel_stats_fetch,cDvJZBwDAmc,messi,0.0492,1,ok,
20260707T100811_a53ac0,2026-07-07T10:09:02.053143+00:00,transcript_fetch,cDvJZBwDAmc,messi,0.0,1,skip,no_transcript
20260707T100811_a53ac0,2026-07-07T10:09:02.147164+00:00,thumbnail_download,cDvJZBwDAmc,messi,0.094,1,ok,
20260707T100811_a53ac0,2026-07-07T10:09:02.216056+00:00,video_stats_fetch,wLFjDmfDrKU,messi,0.0688,1,ok,
20260707T100811_a53ac0,2026-07-07T10:09:02.260012+00:00,channel_stats_fetch,wLFjDmfDrKU,messi,0.0439,1,ok,
20260707T100811_a53ac0,2026-07-07T10:09:02.260164+00:00,transcript_fetch,wLFjDmfDrKU,messi,0.0,1,skip,no_transcript
20260707T100811_a53ac0,2026-07-07T10:09:02.410456+00:00,thumbnail_download,wLFjDmfDrKU,messi,0.1502,1,ok,
20260707T100811_a53ac0,2026-07-07T10:09:16.823015+00:00,llm_batch_call,,messi,14.4115,5,ok,
20260707T100811_a53ac0,2026-07-07T10:09:16.823593+00:00,csv_write,s5HLd8dI3do,messi,0.0,1,ok,video_row
20260707T100811_a53ac0,2026-07-07T10:09:16.994760+00:00,comment_page_fetch,s5HLd8dI3do,messi,0.171,100,ok,page=1
20260707T100811_a53ac0,2026-07-07T10:09:16.996720+00:00,csv_write,s5HLd8dI3do,messi,0.0015,100,ok,comment_rows
20260707T100811_a53ac0,2026-07-07T10:09:17.184841+00:00,comment_page_fetch,s5HLd8dI3do,messi,0.188,97,ok,page=2
20260707T100811_a53ac0,2026-07-07T10:09:17.186640+00:00,csv_write,s5HLd8dI3do,messi,0.0013,97,ok,comment_rows
20260707T100811_a53ac0,2026-07-07T10:09:17.187655+00:00,csv_write,krBktt6GU0E,messi,0.0001,1,ok,video_row
20260707T100811_a53ac0,2026-07-07T10:09:17.308069+00:00,comment_page_fetch,krBktt6GU0E,messi,0.1201,100,ok,page=1
20260707T100811_a53ac0,2026-07-07T10:09:17.309792+00:00,csv_write,krBktt6GU0E,messi,0.0013,100,ok,comment_rows
20260707T100811_a53ac0,2026-07-07T10:09:17.423252+00:00,comment_page_fetch,krBktt6GU0E,messi,0.1134,100,ok,page=2
20260707T100811_a53ac0,2026-07-07T10:09:17.424954+00:00,csv_write,krBktt6GU0E,messi,0.0012,100,ok,comment_rows
20260707T100811_a53ac0,2026-07-07T10:09:18.101894+00:00,comment_page_fetch,krBktt6GU0E,messi,0.6769,100,ok,page=3
20260707T100811_a53ac0,2026-07-07T10:09:18.103660+00:00,csv_write,krBktt6GU0E,messi,0.0012,100,ok,comment_rows
20260707T100811_a53ac0,2026-07-07T10:09:18.298416+00:00,comment_page_fetch,krBktt6GU0E,messi,0.1947,100,ok,page=4
20260707T100811_a53ac0,2026-07-07T10:09:18.300173+00:00,csv_write,krBktt6GU0E,messi,0.0013,100,ok,comment_rows
20260707T100811_a53ac0,2026-07-07T10:09:18.443101+00:00,comment_page_fetch,krBktt6GU0E,messi,0.1428,100,ok,page=5
20260707T100811_a53ac0,2026-07-07T10:09:18.445884+00:00,csv_write,krBktt6GU0E,messi,0.0019,100,ok,comment_rows
20260707T100811_a53ac0,2026-07-07T10:09:18.599935+00:00,comment_page_fetch,krBktt6GU0E,messi,0.154,100,ok,page=6
20260707T100811_a53ac0,2026-07-07T10:09:18.601683+00:00,csv_write,krBktt6GU0E,messi,0.0012,100,ok,comment_rows
20260707T100811_a53ac0,2026-07-07T10:09:18.726616+00:00,comment_page_fetch,krBktt6GU0E,messi,0.1249,100,ok,page=7
20260707T100811_a53ac0,2026-07-07T10:09:18.728494+00:00,csv_write,krBktt6GU0E,messi,0.0014,100,ok,comment_rows
20260707T100811_a53ac0,2026-07-07T10:09:18.833846+00:00,comment_page_fetch,krBktt6GU0E,messi,0.1053,100,ok,page=8
20260707T100811_a53ac0,2026-07-07T10:09:18.835766+00:00,csv_write,krBktt6GU0E,messi,0.0014,100,ok,comment_rows
20260707T100811_a53ac0,2026-07-07T10:09:18.963399+00:00,comment_page_fetch,krBktt6GU0E,messi,0.1276,100,ok,page=9
20260707T100811_a53ac0,2026-07-07T10:09:18.963765+00:00,csv_write,krBktt6GU0E,messi,0.0002,100,ok,comment_rows
20260707T100811_a53ac0,2026-07-07T10:09:19.138677+00:00,comment_page_fetch,krBktt6GU0E,messi,0.1749,100,ok,page=10
20260707T100811_a53ac0,2026-07-07T10:09:19.140432+00:00,csv_write,krBktt6GU0E,messi,0.0013,100,ok,comment_rows
20260707T100811_a53ac0,2026-07-07T10:09:19.275984+00:00,comment_page_fetch,krBktt6GU0E,messi,0.1355,88,ok,page=11
20260707T100811_a53ac0,2026-07-07T10:09:19.277635+00:00,csv_write,krBktt6GU0E,messi,0.0012,88,ok,comment_rows
20260707T100811_a53ac0,2026-07-07T10:09:19.278564+00:00,csv_write,1uU-1oAY77Y,messi,0.0001,1,ok,video_row
20260707T100811_a53ac0,2026-07-07T10:09:19.394499+00:00,comment_page_fetch,1uU-1oAY77Y,messi,0.1157,100,ok,page=1
20260707T100811_a53ac0,2026-07-07T10:09:19.395920+00:00,csv_write,1uU-1oAY77Y,messi,0.0009,100,ok,comment_rows
20260707T100811_a53ac0,2026-07-07T10:09:19.523199+00:00,comment_page_fetch,1uU-1oAY77Y,messi,0.1272,100,ok,page=2
20260707T100811_a53ac0,2026-07-07T10:09:19.524645+00:00,csv_write,1uU-1oAY77Y,messi,0.001,100,ok,comment_rows
20260707T100811_a53ac0,2026-07-07T10:09:19.655565+00:00,comment_page_fetch,1uU-1oAY77Y,messi,0.1309,100,ok,page=3
20260707T100811_a53ac0,2026-07-07T10:09:19.657053+00:00,csv_write,1uU-1oAY77Y,messi,0.001,100,ok,comment_rows
20260707T100811_a53ac0,2026-07-07T10:09:19.763583+00:00,comment_page_fetch,1uU-1oAY77Y,messi,0.1065,100,ok,page=4
20260707T100811_a53ac0,2026-07-07T10:09:19.764964+00:00,csv_write,1uU-1oAY77Y,messi,0.0009,100,ok,comment_rows
20260707T100811_a53ac0,2026-07-07T10:09:19.909203+00:00,comment_page_fetch,1uU-1oAY77Y,messi,0.1442,100,ok,page=5
20260707T100811_a53ac0,2026-07-07T10:09:19.912113+00:00,csv_write,1uU-1oAY77Y,messi,0.0019,100,ok,comment_rows
20260707T100811_a53ac0,2026-07-07T10:09:20.017600+00:00,comment_page_fetch,1uU-1oAY77Y,messi,0.1054,100,ok,page=6
20260707T100811_a53ac0,2026-07-07T10:09:20.019055+00:00,csv_write,1uU-1oAY77Y,messi,0.001,100,ok,comment_rows
20260707T100811_a53ac0,2026-07-07T10:09:20.138809+00:00,comment_page_fetch,1uU-1oAY77Y,messi,0.1197,100,ok,page=7
20260707T100811_a53ac0,2026-07-07T10:09:20.140352+00:00,csv_write,1uU-1oAY77Y,messi,0.001,100,ok,comment_rows
20260707T100811_a53ac0,2026-07-07T10:09:20.257132+00:00,comment_page_fetch,1uU-1oAY77Y,messi,0.1167,100,ok,page=8
20260707T100811_a53ac0,2026-07-07T10:09:20.258579+00:00,csv_write,1uU-1oAY77Y,messi,0.001,100,ok,comment_rows
20260707T100811_a53ac0,2026-07-07T10:09:20.381749+00:00,comment_page_fetch,1uU-1oAY77Y,messi,0.1231,100,ok,page=9
20260707T100811_a53ac0,2026-07-07T10:09:20.383236+00:00,csv_write,1uU-1oAY77Y,messi,0.001,100,ok,comment_rows
20260707T100811_a53ac0,2026-07-07T10:09:20.468919+00:00,comment_page_fetch,1uU-1oAY77Y,messi,0.0856,43,ok,page=10
20260707T100811_a53ac0,2026-07-07T10:09:20.469743+00:00,csv_write,1uU-1oAY77Y,messi,0.0005,43,ok,comment_rows
20260707T100811_a53ac0,2026-07-07T10:09:20.471307+00:00,csv_write,wLFjDmfDrKU,messi,0.0002,1,ok,video_row
20260707T100811_a53ac0,2026-07-07T10:09:20.647312+00:00,comment_page_fetch,wLFjDmfDrKU,messi,0.1758,100,ok,page=1
20260707T100811_a53ac0,2026-07-07T10:09:20.649156+00:00,csv_write,wLFjDmfDrKU,messi,0.0014,100,ok,comment_rows
20260707T100811_a53ac0,2026-07-07T10:09:20.877817+00:00,comment_page_fetch,wLFjDmfDrKU,messi,0.2286,100,ok,page=2
20260707T100811_a53ac0,2026-07-07T10:09:20.879646+00:00,csv_write,wLFjDmfDrKU,messi,0.0014,100,ok,comment_rows
20260707T100811_a53ac0,2026-07-07T10:09:21.031520+00:00,comment_page_fetch,wLFjDmfDrKU,messi,0.1518,100,ok,page=3
20260707T100811_a53ac0,2026-07-07T10:09:21.033269+00:00,csv_write,wLFjDmfDrKU,messi,0.0013,100,ok,comment_rows
20260707T100811_a53ac0,2026-07-07T10:09:21.277576+00:00,comment_page_fetch,wLFjDmfDrKU,messi,0.2442,100,ok,page=4
20260707T100811_a53ac0,2026-07-07T10:09:21.279449+00:00,csv_write,wLFjDmfDrKU,messi,0.0014,100,ok,comment_rows
20260707T100811_a53ac0,2026-07-07T10:09:21.568637+00:00,comment_page_fetch,wLFjDmfDrKU,messi,0.2891,94,ok,page=5
20260707T100811_a53ac0,2026-07-07T10:09:21.570446+00:00,csv_write,wLFjDmfDrKU,messi,0.0013,94,ok,comment_rows
20260707T100811_a53ac0,2026-07-07T10:09:21.616660+00:00,video_stats_fetch,R8KzEgJxT_o,messi,0.0458,1,ok,
20260707T100811_a53ac0,2026-07-07T10:09:21.666446+00:00,channel_stats_fetch,R8KzEgJxT_o,messi,0.0497,1,ok,
20260707T100811_a53ac0,2026-07-07T10:09:21.666481+00:00,transcript_fetch,R8KzEgJxT_o,messi,0.0,1,skip,no_transcript
20260707T100811_a53ac0,2026-07-07T10:09:21.771782+00:00,thumbnail_download,R8KzEgJxT_o,messi,0.1053,1,ok,
20260707T100811_a53ac0,2026-07-07T10:09:21.829280+00:00,video_stats_fetch,ZSxL1_P6NjU,messi,0.0574,1,ok,
20260707T100811_a53ac0,2026-07-07T10:09:21.887303+00:00,channel_stats_fetch,ZSxL1_P6NjU,messi,0.058,1,ok,
20260707T100811_a53ac0,2026-07-07T10:09:21.887344+00:00,transcript_fetch,ZSxL1_P6NjU,messi,0.0,1,skip,no_transcript
20260707T100811_a53ac0,2026-07-07T10:09:21.951726+00:00,thumbnail_download,ZSxL1_P6NjU,messi,0.0644,1,ok,
20260707T100811_a53ac0,2026-07-07T10:09:22.021468+00:00,video_stats_fetch,pti1YvBer_g,messi,0.0696,1,ok,
20260707T100811_a53ac0,2026-07-07T10:09:22.090425+00:00,channel_stats_fetch,pti1YvBer_g,messi,0.0688,1,ok,
20260707T100811_a53ac0,2026-07-07T10:09:22.090550+00:00,transcript_fetch,pti1YvBer_g,messi,0.0,1,skip,no_transcript
20260707T100811_a53ac0,2026-07-07T10:09:22.192363+00:00,thumbnail_download,pti1YvBer_g,messi,0.1018,1,ok,
20260707T100811_a53ac0,2026-07-07T10:09:22.247399+00:00,video_stats_fetch,a4RDFeFAU3o,messi,0.0549,1,ok,
20260707T100811_a53ac0,2026-07-07T10:09:22.294311+00:00,channel_stats_fetch,a4RDFeFAU3o,messi,0.0468,1,ok,
20260707T100811_a53ac0,2026-07-07T10:09:22.294431+00:00,transcript_fetch,a4RDFeFAU3o,messi,0.0,1,skip,no_transcript
20260707T100811_a53ac0,2026-07-07T10:09:22.372761+00:00,thumbnail_download,a4RDFeFAU3o,messi,0.0783,1,ok,
20260707T100811_a53ac0,2026-07-07T10:09:22.414406+00:00,video_stats_fetch,oSSUgXLx0OY,messi,0.0415,1,ok,
20260707T100811_a53ac0,2026-07-07T10:09:22.465227+00:00,channel_stats_fetch,oSSUgXLx0OY,messi,0.0507,1,ok,
20260707T100811_a53ac0,2026-07-07T10:09:22.465346+00:00,transcript_fetch,oSSUgXLx0OY,messi,0.0,1,skip,no_transcript
20260707T100811_a53ac0,2026-07-07T10:09:22.553590+00:00,thumbnail_download,oSSUgXLx0OY,messi,0.0882,1,ok,
20260707T100811_a53ac0,2026-07-07T10:09:35.215733+00:00,llm_batch_call,,messi,12.6615,5,ok,
20260707T100811_a53ac0,2026-07-07T10:09:35.215950+00:00,csv_write,R8KzEgJxT_o,messi,0.0,1,ok,video_row
20260707T100811_a53ac0,2026-07-07T10:09:35.412894+00:00,comment_page_fetch,R8KzEgJxT_o,messi,0.1969,100,ok,page=1
20260707T100811_a53ac0,2026-07-07T10:09:35.414011+00:00,csv_write,R8KzEgJxT_o,messi,0.0005,100,ok,comment_rows
20260707T100811_a53ac0,2026-07-07T10:09:35.797731+00:00,comment_page_fetch,R8KzEgJxT_o,messi,0.3837,100,ok,page=2
20260707T100811_a53ac0,2026-07-07T10:09:35.799608+00:00,csv_write,R8KzEgJxT_o,messi,0.0014,100,ok,comment_rows
20260707T100811_a53ac0,2026-07-07T10:09:35.974709+00:00,comment_page_fetch,R8KzEgJxT_o,messi,0.175,100,ok,page=3
20260707T100811_a53ac0,2026-07-07T10:09:35.975140+00:00,csv_write,R8KzEgJxT_o,messi,0.0003,100,ok,comment_rows
20260707T100811_a53ac0,2026-07-07T10:09:36.162620+00:00,comment_page_fetch,R8KzEgJxT_o,messi,0.1874,100,ok,page=4
20260707T100811_a53ac0,2026-07-07T10:09:36.163010+00:00,csv_write,R8KzEgJxT_o,messi,0.0003,100,ok,comment_rows
20260707T100811_a53ac0,2026-07-07T10:09:36.367261+00:00,comment_page_fetch,R8KzEgJxT_o,messi,0.2042,100,ok,page=5
20260707T100811_a53ac0,2026-07-07T10:09:36.368996+00:00,csv_write,R8KzEgJxT_o,messi,0.0012,100,ok,comment_rows
20260707T100811_a53ac0,2026-07-07T10:09:36.553353+00:00,comment_page_fetch,R8KzEgJxT_o,messi,0.1843,100,ok,page=6
20260707T100811_a53ac0,2026-07-07T10:09:36.555093+00:00,csv_write,R8KzEgJxT_o,messi,0.0013,100,ok,comment_rows
20260707T100811_a53ac0,2026-07-07T10:09:36.689337+00:00,comment_page_fetch,R8KzEgJxT_o,messi,0.1342,18,ok,page=7
20260707T100811_a53ac0,2026-07-07T10:09:36.689783+00:00,csv_write,R8KzEgJxT_o,messi,0.0002,18,ok,comment_rows
20260707T100811_a53ac0,2026-07-07T10:09:36.690837+00:00,csv_write,pti1YvBer_g,messi,0.0001,1,ok,video_row
20260707T100811_a53ac0,2026-07-07T10:09:36.873762+00:00,comment_page_fetch,pti1YvBer_g,messi,0.1827,100,ok,page=1
20260707T100811_a53ac0,2026-07-07T10:09:36.875262+00:00,csv_write,pti1YvBer_g,messi,0.001,100,ok,comment_rows
20260707T100811_a53ac0,2026-07-07T10:09:36.999995+00:00,comment_page_fetch,pti1YvBer_g,messi,0.1247,47,ok,page=2
20260707T100811_a53ac0,2026-07-07T10:09:37.000757+00:00,csv_write,pti1YvBer_g,messi,0.0005,47,ok,comment_rows
20260707T100811_a53ac0,2026-07-07T10:09:37.001535+00:00,csv_write,a4RDFeFAU3o,messi,0.0001,1,ok,video_row
20260707T100811_a53ac0,2026-07-07T10:09:37.133157+00:00,comment_page_fetch,a4RDFeFAU3o,messi,0.1313,55,ok,page=1
20260707T100811_a53ac0,2026-07-07T10:09:37.134226+00:00,csv_write,a4RDFeFAU3o,messi,0.0006,55,ok,comment_rows
20260707T100811_a53ac0,2026-07-07T10:09:37.188048+00:00,video_stats_fetch,1J9rB80Mgoo,messi,0.0533,1,ok,
20260707T100811_a53ac0,2026-07-07T10:09:37.251926+00:00,channel_stats_fetch,1J9rB80Mgoo,messi,0.0637,1,ok,
20260707T100811_a53ac0,2026-07-07T10:09:37.252078+00:00,transcript_fetch,1J9rB80Mgoo,messi,0.0,1,skip,no_transcript
20260707T100811_a53ac0,2026-07-07T10:09:37.375946+00:00,thumbnail_download,1J9rB80Mgoo,messi,0.1238,1,ok,
20260707T100811_a53ac0,2026-07-07T10:09:37.424550+00:00,video_stats_fetch,Wx4X6vw7VVw,messi,0.0485,1,ok,
20260707T100811_a53ac0,2026-07-07T10:09:37.483842+00:00,channel_stats_fetch,Wx4X6vw7VVw,messi,0.0591,1,ok,
20260707T100811_a53ac0,2026-07-07T10:09:37.483964+00:00,transcript_fetch,Wx4X6vw7VVw,messi,0.0,1,skip,no_transcript
20260707T100811_a53ac0,2026-07-07T10:09:37.678675+00:00,thumbnail_download,Wx4X6vw7VVw,messi,0.1947,1,ok,
20260707T100811_a53ac0,2026-07-07T10:09:37.726150+00:00,video_stats_fetch,RJ44HbQaAQg,messi,0.0473,1,ok,
20260707T100811_a53ac0,2026-07-07T10:09:37.782220+00:00,channel_stats_fetch,RJ44HbQaAQg,messi,0.0559,1,ok,
20260707T100811_a53ac0,2026-07-07T10:09:37.782335+00:00,transcript_fetch,RJ44HbQaAQg,messi,0.0,1,skip,no_transcript
20260707T100811_a53ac0,2026-07-07T10:09:37.886362+00:00,thumbnail_download,RJ44HbQaAQg,messi,0.104,1,ok,
20260707T100811_a53ac0,2026-07-07T10:09:37.926543+00:00,video_stats_fetch,Np8TOAIj1Nc,messi,0.0401,1,ok,
20260707T100811_a53ac0,2026-07-07T10:09:37.977947+00:00,channel_stats_fetch,Np8TOAIj1Nc,messi,0.0513,1,ok,
20260707T100811_a53ac0,2026-07-07T10:09:37.978091+00:00,transcript_fetch,Np8TOAIj1Nc,messi,0.0,1,skip,no_transcript
20260707T100811_a53ac0,2026-07-07T10:09:38.115780+00:00,thumbnail_download,Np8TOAIj1Nc,messi,0.1376,1,ok,
20260707T100811_a53ac0,2026-07-07T10:09:38.181612+00:00,video_stats_fetch,9I23ju6VnwA,messi,0.0657,1,ok,
20260707T100811_a53ac0,2026-07-07T10:09:38.222415+00:00,channel_stats_fetch,9I23ju6VnwA,messi,0.0407,1,ok,
20260707T100811_a53ac0,2026-07-07T10:09:38.222525+00:00,transcript_fetch,9I23ju6VnwA,messi,0.0,1,skip,no_transcript
20260707T100811_a53ac0,2026-07-07T10:09:38.318436+00:00,thumbnail_download,9I23ju6VnwA,messi,0.0959,1,ok,
20260707T100811_a53ac0,2026-07-07T10:09:52.688789+00:00,llm_batch_call,,messi,14.3697,5,ok,
20260707T100811_a53ac0,2026-07-07T10:09:52.689196+00:00,csv_write,1J9rB80Mgoo,messi,0.0,1,ok,video_row
20260707T100811_a53ac0,2026-07-07T10:09:52.939842+00:00,comment_page_fetch,1J9rB80Mgoo,messi,0.2506,28,ok,page=1
20260707T100811_a53ac0,2026-07-07T10:09:52.940419+00:00,csv_write,1J9rB80Mgoo,messi,0.0004,28,ok,comment_rows
20260707T100811_a53ac0,2026-07-07T10:09:52.941422+00:00,csv_write,Wx4X6vw7VVw,messi,0.0001,1,ok,video_row
20260707T100811_a53ac0,2026-07-07T10:09:53.156815+00:00,comment_page_fetch,Wx4X6vw7VVw,messi,0.2151,100,ok,page=1
20260707T100811_a53ac0,2026-07-07T10:09:53.158700+00:00,csv_write,Wx4X6vw7VVw,messi,0.0014,100,ok,comment_rows
20260707T100811_a53ac0,2026-07-07T10:09:53.326225+00:00,comment_page_fetch,Wx4X6vw7VVw,messi,0.1675,100,ok,page=2
20260707T100811_a53ac0,2026-07-07T10:09:53.328163+00:00,csv_write,Wx4X6vw7VVw,messi,0.0015,100,ok,comment_rows
20260707T100811_a53ac0,2026-07-07T10:09:53.521568+00:00,comment_page_fetch,Wx4X6vw7VVw,messi,0.1933,100,ok,page=3
20260707T100811_a53ac0,2026-07-07T10:09:53.523552+00:00,csv_write,Wx4X6vw7VVw,messi,0.0015,100,ok,comment_rows
20260707T100811_a53ac0,2026-07-07T10:09:53.727833+00:00,comment_page_fetch,Wx4X6vw7VVw,messi,0.2042,100,ok,page=4
20260707T100811_a53ac0,2026-07-07T10:09:53.728247+00:00,csv_write,Wx4X6vw7VVw,messi,0.0003,100,ok,comment_rows
20260707T100811_a53ac0,2026-07-07T10:09:53.892036+00:00,comment_page_fetch,Wx4X6vw7VVw,messi,0.1638,100,ok,page=5
20260707T100811_a53ac0,2026-07-07T10:09:53.893995+00:00,csv_write,Wx4X6vw7VVw,messi,0.0015,100,ok,comment_rows
20260707T100811_a53ac0,2026-07-07T10:09:54.069387+00:00,comment_page_fetch,Wx4X6vw7VVw,messi,0.1753,100,ok,page=6
20260707T100811_a53ac0,2026-07-07T10:09:54.071353+00:00,csv_write,Wx4X6vw7VVw,messi,0.0015,100,ok,comment_rows
20260707T100811_a53ac0,2026-07-07T10:09:54.224006+00:00,comment_page_fetch,Wx4X6vw7VVw,messi,0.1526,100,ok,page=7
20260707T100811_a53ac0,2026-07-07T10:09:54.224714+00:00,csv_write,Wx4X6vw7VVw,messi,0.0005,100,ok,comment_rows
20260707T100811_a53ac0,2026-07-07T10:09:54.435606+00:00,comment_page_fetch,Wx4X6vw7VVw,messi,0.2108,100,ok,page=8
20260707T100811_a53ac0,2026-07-07T10:09:54.437612+00:00,csv_write,Wx4X6vw7VVw,messi,0.0014,100,ok,comment_rows
20260707T100811_a53ac0,2026-07-07T10:09:54.614405+00:00,comment_page_fetch,Wx4X6vw7VVw,messi,0.1767,100,ok,page=9
20260707T100811_a53ac0,2026-07-07T10:09:54.614792+00:00,csv_write,Wx4X6vw7VVw,messi,0.0003,100,ok,comment_rows
20260707T100811_a53ac0,2026-07-07T10:09:54.922656+00:00,comment_page_fetch,Wx4X6vw7VVw,messi,0.3078,100,ok,page=10
20260707T100811_a53ac0,2026-07-07T10:09:54.924286+00:00,csv_write,Wx4X6vw7VVw,messi,0.0012,100,ok,comment_rows
20260707T100811_a53ac0,2026-07-07T10:09:55.067120+00:00,comment_page_fetch,Wx4X6vw7VVw,messi,0.1428,45,ok,page=11
20260707T100811_a53ac0,2026-07-07T10:09:55.068214+00:00,csv_write,Wx4X6vw7VVw,messi,0.0007,45,ok,comment_rows
20260707T100811_a53ac0,2026-07-07T10:09:55.069041+00:00,csv_write,RJ44HbQaAQg,messi,0.0001,1,ok,video_row
20260707T100811_a53ac0,2026-07-07T10:09:55.262977+00:00,comment_page_fetch,RJ44HbQaAQg,messi,0.1936,100,ok,page=1
20260707T100811_a53ac0,2026-07-07T10:09:55.263330+00:00,csv_write,RJ44HbQaAQg,messi,0.0002,100,ok,comment_rows
20260707T100811_a53ac0,2026-07-07T10:09:55.488058+00:00,comment_page_fetch,RJ44HbQaAQg,messi,0.2247,100,ok,page=2
20260707T100811_a53ac0,2026-07-07T10:09:55.489343+00:00,csv_write,RJ44HbQaAQg,messi,0.0009,100,ok,comment_rows
20260707T100811_a53ac0,2026-07-07T10:09:55.671557+00:00,comment_page_fetch,RJ44HbQaAQg,messi,0.1822,100,ok,page=3
20260707T100811_a53ac0,2026-07-07T10:09:55.671900+00:00,csv_write,RJ44HbQaAQg,messi,0.0002,100,ok,comment_rows
20260707T100811_a53ac0,2026-07-07T10:09:55.827409+00:00,comment_page_fetch,RJ44HbQaAQg,messi,0.1555,37,ok,page=4
20260707T100811_a53ac0,2026-07-07T10:09:55.827591+00:00,csv_write,RJ44HbQaAQg,messi,0.0001,37,ok,comment_rows
20260707T100811_a53ac0,2026-07-07T10:09:55.827729+00:00,csv_write,Np8TOAIj1Nc,messi,0.0,1,ok,video_row
20260707T100811_a53ac0,2026-07-07T10:09:56.019630+00:00,comment_page_fetch,Np8TOAIj1Nc,messi,0.1918,100,ok,page=1
20260707T100811_a53ac0,2026-07-07T10:09:56.021180+00:00,csv_write,Np8TOAIj1Nc,messi,0.0011,100,ok,comment_rows
20260707T100811_a53ac0,2026-07-07T10:09:56.197532+00:00,comment_page_fetch,Np8TOAIj1Nc,messi,0.1763,100,ok,page=2
20260707T100811_a53ac0,2026-07-07T10:09:56.199033+00:00,csv_write,Np8TOAIj1Nc,messi,0.001,100,ok,comment_rows
20260707T100811_a53ac0,2026-07-07T10:09:56.358836+00:00,comment_page_fetch,Np8TOAIj1Nc,messi,0.1597,36,ok,page=3
20260707T100811_a53ac0,2026-07-07T10:09:56.359527+00:00,csv_write,Np8TOAIj1Nc,messi,0.0004,36,ok,comment_rows
20260707T100811_a53ac0,2026-07-07T10:09:56.360547+00:00,csv_write,9I23ju6VnwA,messi,0.0001,1,ok,video_row
20260707T100811_a53ac0,2026-07-07T10:09:56.624300+00:00,comment_page_fetch,9I23ju6VnwA,messi,0.2635,100,ok,page=1
20260707T100811_a53ac0,2026-07-07T10:09:56.626631+00:00,csv_write,9I23ju6VnwA,messi,0.0019,100,ok,comment_rows
20260707T100811_a53ac0,2026-07-07T10:09:56.765156+00:00,comment_page_fetch,9I23ju6VnwA,messi,0.1384,70,ok,page=2
20260707T100811_a53ac0,2026-07-07T10:09:56.766748+00:00,csv_write,9I23ju6VnwA,messi,0.0012,70,ok,comment_rows
20260707T100811_a53ac0,2026-07-07T10:09:56.833730+00:00,video_stats_fetch,XBxXPaLOHy8,messi,0.0666,1,ok,
20260707T100811_a53ac0,2026-07-07T10:09:56.908418+00:00,channel_stats_fetch,XBxXPaLOHy8,messi,0.0747,1,ok,
20260707T100811_a53ac0,2026-07-07T10:09:56.908458+00:00,transcript_fetch,XBxXPaLOHy8,messi,0.0,1,skip,no_transcript
20260707T100811_a53ac0,2026-07-07T10:09:57.000328+00:00,thumbnail_download,XBxXPaLOHy8,messi,0.0918,1,ok,
20260707T100811_a53ac0,2026-07-07T10:09:57.048014+00:00,video_stats_fetch,T7sjL0rkq9E,messi,0.0476,1,ok,
20260707T100811_a53ac0,2026-07-07T10:09:57.091542+00:00,channel_stats_fetch,T7sjL0rkq9E,messi,0.0434,1,ok,
20260707T100811_a53ac0,2026-07-07T10:09:57.091666+00:00,transcript_fetch,T7sjL0rkq9E,messi,0.0,1,skip,no_transcript
20260707T100811_a53ac0,2026-07-07T10:09:57.176539+00:00,thumbnail_download,T7sjL0rkq9E,messi,0.0848,1,ok,
20260707T100811_a53ac0,2026-07-07T10:09:57.214036+00:00,video_stats_fetch,U8QZJRXQrH0,messi,0.0375,1,ok,
20260707T100811_a53ac0,2026-07-07T10:09:57.274885+00:00,channel_stats_fetch,U8QZJRXQrH0,messi,0.0607,1,ok,
20260707T100811_a53ac0,2026-07-07T10:09:57.275001+00:00,transcript_fetch,U8QZJRXQrH0,messi,0.0,1,skip,no_transcript
20260707T100811_a53ac0,2026-07-07T10:09:57.369321+00:00,thumbnail_download,U8QZJRXQrH0,messi,0.0943,1,ok,
20260707T100811_a53ac0,2026-07-07T10:09:57.415886+00:00,video_stats_fetch,xqr8mvS97ow,messi,0.0464,1,ok,
20260707T100811_a53ac0,2026-07-07T10:09:57.477535+00:00,channel_stats_fetch,xqr8mvS97ow,messi,0.0615,1,ok,
20260707T100811_a53ac0,2026-07-07T10:09:57.477658+00:00,transcript_fetch,xqr8mvS97ow,messi,0.0,1,skip,no_transcript
20260707T100811_a53ac0,2026-07-07T10:09:57.579780+00:00,thumbnail_download,xqr8mvS97ow,messi,0.1021,1,ok,
20260707T100811_a53ac0,2026-07-07T10:09:57.620671+00:00,video_stats_fetch,WjoVLXqZ67Y,messi,0.0408,1,ok,
20260707T100811_a53ac0,2026-07-07T10:09:57.665340+00:00,channel_stats_fetch,WjoVLXqZ67Y,messi,0.0445,1,ok,
20260707T100811_a53ac0,2026-07-07T10:09:57.665546+00:00,transcript_fetch,WjoVLXqZ67Y,messi,0.0,1,skip,no_transcript
20260707T100811_a53ac0,2026-07-07T10:09:57.797993+00:00,thumbnail_download,WjoVLXqZ67Y,messi,0.1323,1,ok,
20260707T100811_a53ac0,2026-07-07T10:10:12.564039+00:00,llm_batch_call,,messi,14.7654,5,ok,
20260707T100811_a53ac0,2026-07-07T10:10:12.564351+00:00,csv_write,XBxXPaLOHy8,messi,0.0,1,ok,video_row
20260707T100811_a53ac0,2026-07-07T10:10:12.620830+00:00,comment_page_fetch,XBxXPaLOHy8,messi,0.0564,27,ok,page=1
20260707T100811_a53ac0,2026-07-07T10:10:12.620946+00:00,csv_write,XBxXPaLOHy8,messi,0.0001,27,ok,comment_rows
20260707T100811_a53ac0,2026-07-07T10:10:12.621318+00:00,csv_write,xqr8mvS97ow,messi,0.0,1,ok,video_row
20260707T100811_a53ac0,2026-07-07T10:10:12.756742+00:00,comment_page_fetch,xqr8mvS97ow,messi,0.1354,100,ok,page=1
20260707T100811_a53ac0,2026-07-07T10:10:12.758733+00:00,csv_write,xqr8mvS97ow,messi,0.0015,100,ok,comment_rows
20260707T100811_a53ac0,2026-07-07T10:10:12.934643+00:00,comment_page_fetch,xqr8mvS97ow,messi,0.1758,100,ok,page=2
20260707T100811_a53ac0,2026-07-07T10:10:12.936693+00:00,csv_write,xqr8mvS97ow,messi,0.0016,100,ok,comment_rows
20260707T100811_a53ac0,2026-07-07T10:10:13.087465+00:00,comment_page_fetch,xqr8mvS97ow,messi,0.1507,100,ok,page=3
20260707T100811_a53ac0,2026-07-07T10:10:13.089628+00:00,csv_write,xqr8mvS97ow,messi,0.0017,100,ok,comment_rows
20260707T100811_a53ac0,2026-07-07T10:10:13.287053+00:00,comment_page_fetch,xqr8mvS97ow,messi,0.1974,100,ok,page=4
20260707T100811_a53ac0,2026-07-07T10:10:13.289090+00:00,csv_write,xqr8mvS97ow,messi,0.0015,100,ok,comment_rows
20260707T100811_a53ac0,2026-07-07T10:10:13.442718+00:00,comment_page_fetch,xqr8mvS97ow,messi,0.1536,100,ok,page=5
20260707T100811_a53ac0,2026-07-07T10:10:13.444739+00:00,csv_write,xqr8mvS97ow,messi,0.0015,100,ok,comment_rows
20260707T100811_a53ac0,2026-07-07T10:10:13.675011+00:00,comment_page_fetch,xqr8mvS97ow,messi,0.2302,100,ok,page=6
20260707T100811_a53ac0,2026-07-07T10:10:13.677086+00:00,csv_write,xqr8mvS97ow,messi,0.0016,100,ok,comment_rows
20260707T100811_a53ac0,2026-07-07T10:10:13.876655+00:00,comment_page_fetch,xqr8mvS97ow,messi,0.1995,100,ok,page=7
20260707T100811_a53ac0,2026-07-07T10:10:13.878605+00:00,csv_write,xqr8mvS97ow,messi,0.0015,100,ok,comment_rows
20260707T100811_a53ac0,2026-07-07T10:10:14.038338+00:00,comment_page_fetch,xqr8mvS97ow,messi,0.1597,100,ok,page=8
20260707T100811_a53ac0,2026-07-07T10:10:14.040381+00:00,csv_write,xqr8mvS97ow,messi,0.0016,100,ok,comment_rows
20260707T100811_a53ac0,2026-07-07T10:10:14.375094+00:00,comment_page_fetch,xqr8mvS97ow,messi,0.3346,100,ok,page=9
20260707T100811_a53ac0,2026-07-07T10:10:14.376958+00:00,csv_write,xqr8mvS97ow,messi,0.0014,100,ok,comment_rows
20260707T100811_a53ac0,2026-07-07T10:10:14.563553+00:00,comment_page_fetch,xqr8mvS97ow,messi,0.1865,100,ok,page=10
20260707T100811_a53ac0,2026-07-07T10:10:14.565423+00:00,csv_write,xqr8mvS97ow,messi,0.0014,100,ok,comment_rows
20260707T100811_a53ac0,2026-07-07T10:10:14.722528+00:00,comment_page_fetch,xqr8mvS97ow,messi,0.157,100,ok,page=11
20260707T100811_a53ac0,2026-07-07T10:10:14.724356+00:00,csv_write,xqr8mvS97ow,messi,0.0014,100,ok,comment_rows
20260707T100811_a53ac0,2026-07-07T10:10:14.886319+00:00,comment_page_fetch,xqr8mvS97ow,messi,0.1619,100,ok,page=12
20260707T100811_a53ac0,2026-07-07T10:10:14.888298+00:00,csv_write,xqr8mvS97ow,messi,0.0014,100,ok,comment_rows
20260707T100811_a53ac0,2026-07-07T10:10:15.043303+00:00,comment_page_fetch,xqr8mvS97ow,messi,0.1549,100,ok,page=13
20260707T100811_a53ac0,2026-07-07T10:10:15.044247+00:00,csv_write,xqr8mvS97ow,messi,0.0007,100,ok,comment_rows
20260707T100811_a53ac0,2026-07-07T10:10:15.204166+00:00,comment_page_fetch,xqr8mvS97ow,messi,0.1599,100,ok,page=14
20260707T100811_a53ac0,2026-07-07T10:10:15.206031+00:00,csv_write,xqr8mvS97ow,messi,0.0014,100,ok,comment_rows
20260707T100811_a53ac0,2026-07-07T10:10:15.329841+00:00,comment_page_fetch,xqr8mvS97ow,messi,0.1237,44,ok,page=15
20260707T100811_a53ac0,2026-07-07T10:10:15.330855+00:00,csv_write,xqr8mvS97ow,messi,0.0007,44,ok,comment_rows
20260707T100811_a53ac0,2026-07-07T10:10:15.331647+00:00,csv_write,WjoVLXqZ67Y,messi,0.0001,1,ok,video_row
20260707T100811_a53ac0,2026-07-07T10:10:15.472203+00:00,comment_page_fetch,WjoVLXqZ67Y,messi,0.1403,59,ok,page=1
20260707T100811_a53ac0,2026-07-07T10:10:15.472879+00:00,csv_write,WjoVLXqZ67Y,messi,0.0005,59,ok,comment_rows
20260707T100811_a53ac0,2026-07-07T10:10:15.511636+00:00,video_stats_fetch,XKvJyA5jBDo,messi,0.0386,1,ok,
20260707T100811_a53ac0,2026-07-07T10:10:15.557905+00:00,channel_stats_fetch,XKvJyA5jBDo,messi,0.0462,1,ok,
20260707T100811_a53ac0,2026-07-07T10:10:15.557946+00:00,transcript_fetch,XKvJyA5jBDo,messi,0.0,1,skip,no_transcript
20260707T100811_a53ac0,2026-07-07T10:10:15.700181+00:00,thumbnail_download,XKvJyA5jBDo,messi,0.1422,1,ok,
20260707T100811_a53ac0,2026-07-07T10:10:15.739203+00:00,video_stats_fetch,DdTn30izYuc,messi,0.0389,1,ok,
20260707T100811_a53ac0,2026-07-07T10:10:15.792310+00:00,channel_stats_fetch,DdTn30izYuc,messi,0.053,1,ok,
20260707T100811_a53ac0,2026-07-07T10:10:15.792351+00:00,transcript_fetch,DdTn30izYuc,messi,0.0,1,skip,no_transcript
20260707T100811_a53ac0,2026-07-07T10:10:15.850873+00:00,thumbnail_download,DdTn30izYuc,messi,0.0585,1,ok,
20260707T100811_a53ac0,2026-07-07T10:10:15.915181+00:00,video_stats_fetch,VoYh6T6TVBQ,messi,0.0642,1,ok,
20260707T100811_a53ac0,2026-07-07T10:10:15.969650+00:00,channel_stats_fetch,VoYh6T6TVBQ,messi,0.0544,1,ok,
20260707T100811_a53ac0,2026-07-07T10:10:15.969761+00:00,transcript_fetch,VoYh6T6TVBQ,messi,0.0,1,skip,no_transcript
20260707T100811_a53ac0,2026-07-07T10:10:16.041898+00:00,thumbnail_download,VoYh6T6TVBQ,messi,0.0721,1,ok,
20260707T100811_a53ac0,2026-07-07T10:10:16.108395+00:00,video_stats_fetch,JH_WRKTCPK4,messi,0.0664,1,ok,
20260707T100811_a53ac0,2026-07-07T10:10:16.156546+00:00,channel_stats_fetch,JH_WRKTCPK4,messi,0.048,1,ok,
20260707T100811_a53ac0,2026-07-07T10:10:16.156698+00:00,transcript_fetch,JH_WRKTCPK4,messi,0.0,1,skip,no_transcript
20260707T100811_a53ac0,2026-07-07T10:10:16.224896+00:00,thumbnail_download,JH_WRKTCPK4,messi,0.0681,1,ok,
20260707T100811_a53ac0,2026-07-07T10:10:16.271668+00:00,video_stats_fetch,lwWqGR5cT4s,messi,0.0466,1,ok,
20260707T100811_a53ac0,2026-07-07T10:10:16.329017+00:00,channel_stats_fetch,lwWqGR5cT4s,messi,0.0572,1,ok,
20260707T100811_a53ac0,2026-07-07T10:10:16.329170+00:00,transcript_fetch,lwWqGR5cT4s,messi,0.0,1,skip,no_transcript
20260707T100811_a53ac0,2026-07-07T10:10:16.419811+00:00,thumbnail_download,lwWqGR5cT4s,messi,0.0906,1,ok,
20260707T100811_a53ac0,2026-07-07T10:10:31.041079+00:00,llm_batch_call,,messi,14.6206,5,ok,
20260707T100811_a53ac0,2026-07-07T10:10:31.041374+00:00,csv_write,XKvJyA5jBDo,messi,0.0,1,ok,video_row
20260707T100811_a53ac0,2026-07-07T10:10:31.212104+00:00,comment_page_fetch,XKvJyA5jBDo,messi,0.1706,48,ok,page=1
20260707T100811_a53ac0,2026-07-07T10:10:31.212441+00:00,csv_write,XKvJyA5jBDo,messi,0.0002,48,ok,comment_rows
20260707T100811_a53ac0,2026-07-07T10:10:31.212845+00:00,csv_write,DdTn30izYuc,messi,0.0,1,ok,video_row
20260707T100811_a53ac0,2026-07-07T10:10:31.433847+00:00,comment_page_fetch,DdTn30izYuc,messi,0.2209,100,ok,page=1
20260707T100811_a53ac0,2026-07-07T10:10:31.435321+00:00,csv_write,DdTn30izYuc,messi,0.001,100,ok,comment_rows
20260707T100811_a53ac0,2026-07-07T10:10:31.552278+00:00,comment_page_fetch,DdTn30izYuc,messi,0.1169,42,ok,page=2
20260707T100811_a53ac0,2026-07-07T10:10:31.552799+00:00,csv_write,DdTn30izYuc,messi,0.0003,42,ok,comment_rows
20260707T100811_a53ac0,2026-07-07T10:10:31.553150+00:00,csv_write,VoYh6T6TVBQ,messi,0.0,1,ok,video_row
20260707T100811_a53ac0,2026-07-07T10:10:31.717400+00:00,comment_page_fetch,VoYh6T6TVBQ,messi,0.1641,100,ok,page=1
20260707T100811_a53ac0,2026-07-07T10:10:31.718196+00:00,csv_write,VoYh6T6TVBQ,messi,0.0006,100,ok,comment_rows
20260707T100811_a53ac0,2026-07-07T10:10:31.908163+00:00,comment_page_fetch,VoYh6T6TVBQ,messi,0.1899,100,ok,page=2
20260707T100811_a53ac0,2026-07-07T10:10:31.908971+00:00,csv_write,VoYh6T6TVBQ,messi,0.0006,100,ok,comment_rows
20260707T100811_a53ac0,2026-07-07T10:10:32.082562+00:00,comment_page_fetch,VoYh6T6TVBQ,messi,0.1736,100,ok,page=3
20260707T100811_a53ac0,2026-07-07T10:10:32.083032+00:00,csv_write,VoYh6T6TVBQ,messi,0.0004,100,ok,comment_rows
20260707T100811_a53ac0,2026-07-07T10:10:32.240001+00:00,comment_page_fetch,VoYh6T6TVBQ,messi,0.1569,78,ok,page=4
20260707T100811_a53ac0,2026-07-07T10:10:32.240645+00:00,csv_write,VoYh6T6TVBQ,messi,0.0005,78,ok,comment_rows
20260707T100811_a53ac0,2026-07-07T10:10:32.240993+00:00,csv_write,JH_WRKTCPK4,messi,0.0,1,ok,video_row
20260707T100811_a53ac0,2026-07-07T10:10:32.397283+00:00,comment_page_fetch,JH_WRKTCPK4,messi,0.1562,100,ok,page=1
20260707T100811_a53ac0,2026-07-07T10:10:32.397816+00:00,csv_write,JH_WRKTCPK4,messi,0.0003,100,ok,comment_rows
20260707T100811_a53ac0,2026-07-07T10:10:32.661001+00:00,comment_page_fetch,JH_WRKTCPK4,messi,0.2632,100,ok,page=2
20260707T100811_a53ac0,2026-07-07T10:10:32.661588+00:00,csv_write,JH_WRKTCPK4,messi,0.0004,100,ok,comment_rows
20260707T100811_a53ac0,2026-07-07T10:10:32.912156+00:00,comment_page_fetch,JH_WRKTCPK4,messi,0.2505,100,ok,page=3
20260707T100811_a53ac0,2026-07-07T10:10:32.912759+00:00,csv_write,JH_WRKTCPK4,messi,0.0004,100,ok,comment_rows
20260707T100811_a53ac0,2026-07-07T10:10:33.261540+00:00,comment_page_fetch,JH_WRKTCPK4,messi,0.3487,100,ok,page=4
20260707T100811_a53ac0,2026-07-07T10:10:33.264643+00:00,csv_write,JH_WRKTCPK4,messi,0.0021,100,ok,comment_rows
20260707T100811_a53ac0,2026-07-07T10:10:34.298931+00:00,comment_page_fetch,JH_WRKTCPK4,messi,1.0342,100,ok,page=5
20260707T100811_a53ac0,2026-07-07T10:10:34.300477+00:00,csv_write,JH_WRKTCPK4,messi,0.001,100,ok,comment_rows
20260707T100811_a53ac0,2026-07-07T10:10:34.510261+00:00,comment_page_fetch,JH_WRKTCPK4,messi,0.2097,100,ok,page=6
20260707T100811_a53ac0,2026-07-07T10:10:34.511725+00:00,csv_write,JH_WRKTCPK4,messi,0.001,100,ok,comment_rows
20260707T100811_a53ac0,2026-07-07T10:10:34.693212+00:00,comment_page_fetch,JH_WRKTCPK4,messi,0.1814,100,ok,page=7
20260707T100811_a53ac0,2026-07-07T10:10:34.694715+00:00,csv_write,JH_WRKTCPK4,messi,0.001,100,ok,comment_rows
20260707T100811_a53ac0,2026-07-07T10:10:35.007174+00:00,comment_page_fetch,JH_WRKTCPK4,messi,0.3124,100,ok,page=8
20260707T100811_a53ac0,2026-07-07T10:10:35.008564+00:00,csv_write,JH_WRKTCPK4,messi,0.0009,100,ok,comment_rows
20260707T100811_a53ac0,2026-07-07T10:10:35.252873+00:00,comment_page_fetch,JH_WRKTCPK4,messi,0.2442,100,ok,page=9
20260707T100811_a53ac0,2026-07-07T10:10:35.254412+00:00,csv_write,JH_WRKTCPK4,messi,0.001,100,ok,comment_rows
20260707T100811_a53ac0,2026-07-07T10:10:35.453933+00:00,comment_page_fetch,JH_WRKTCPK4,messi,0.1995,100,ok,page=10
20260707T100811_a53ac0,2026-07-07T10:10:35.454363+00:00,csv_write,JH_WRKTCPK4,messi,0.0003,100,ok,comment_rows
20260707T100811_a53ac0,2026-07-07T10:10:35.616156+00:00,comment_page_fetch,JH_WRKTCPK4,messi,0.1618,100,ok,page=11
20260707T100811_a53ac0,2026-07-07T10:10:35.617672+00:00,csv_write,JH_WRKTCPK4,messi,0.001,100,ok,comment_rows
20260707T100811_a53ac0,2026-07-07T10:10:35.794982+00:00,comment_page_fetch,JH_WRKTCPK4,messi,0.1772,100,ok,page=12
20260707T100811_a53ac0,2026-07-07T10:10:35.795454+00:00,csv_write,JH_WRKTCPK4,messi,0.0003,100,ok,comment_rows
20260707T100811_a53ac0,2026-07-07T10:10:36.120274+00:00,comment_page_fetch,JH_WRKTCPK4,messi,0.3248,100,ok,page=13
20260707T100811_a53ac0,2026-07-07T10:10:36.121779+00:00,csv_write,JH_WRKTCPK4,messi,0.001,100,ok,comment_rows
20260707T100811_a53ac0,2026-07-07T10:10:36.299585+00:00,comment_page_fetch,JH_WRKTCPK4,messi,0.1777,100,ok,page=14
20260707T100811_a53ac0,2026-07-07T10:10:36.301045+00:00,csv_write,JH_WRKTCPK4,messi,0.001,100,ok,comment_rows
20260707T100811_a53ac0,2026-07-07T10:10:36.492977+00:00,comment_page_fetch,JH_WRKTCPK4,messi,0.1918,100,ok,page=15
20260707T100811_a53ac0,2026-07-07T10:10:36.494336+00:00,csv_write,JH_WRKTCPK4,messi,0.0004,100,ok,comment_rows
20260707T100811_a53ac0,2026-07-07T10:10:36.772845+00:00,comment_page_fetch,JH_WRKTCPK4,messi,0.2785,100,ok,page=16
20260707T100811_a53ac0,2026-07-07T10:10:36.773514+00:00,csv_write,JH_WRKTCPK4,messi,0.0005,100,ok,comment_rows
20260707T100811_a53ac0,2026-07-07T10:10:37.052887+00:00,comment_page_fetch,JH_WRKTCPK4,messi,0.2793,100,ok,page=17
20260707T100811_a53ac0,2026-07-07T10:10:37.053583+00:00,csv_write,JH_WRKTCPK4,messi,0.0005,100,ok,comment_rows
20260707T100811_a53ac0,2026-07-07T10:10:37.262278+00:00,comment_page_fetch,JH_WRKTCPK4,messi,0.2087,100,ok,page=18
20260707T100811_a53ac0,2026-07-07T10:10:37.262823+00:00,csv_write,JH_WRKTCPK4,messi,0.0004,100,ok,comment_rows
20260707T100811_a53ac0,2026-07-07T10:10:37.504861+00:00,comment_page_fetch,JH_WRKTCPK4,messi,0.242,100,ok,page=19
20260707T100811_a53ac0,2026-07-07T10:10:37.506349+00:00,csv_write,JH_WRKTCPK4,messi,0.001,100,ok,comment_rows
20260707T100811_a53ac0,2026-07-07T10:10:37.747440+00:00,comment_page_fetch,JH_WRKTCPK4,messi,0.241,100,ok,page=20
20260707T100811_a53ac0,2026-07-07T10:10:37.749044+00:00,csv_write,JH_WRKTCPK4,messi,0.0011,100,ok,comment_rows
20260707T100811_a53ac0,2026-07-07T10:10:38.011387+00:00,comment_page_fetch,JH_WRKTCPK4,messi,0.2623,100,ok,page=21
20260707T100811_a53ac0,2026-07-07T10:10:38.014161+00:00,csv_write,JH_WRKTCPK4,messi,0.0018,100,ok,comment_rows
20260707T100811_a53ac0,2026-07-07T10:10:38.181639+00:00,comment_page_fetch,JH_WRKTCPK4,messi,0.1674,100,ok,page=22
20260707T100811_a53ac0,2026-07-07T10:10:38.183141+00:00,csv_write,JH_WRKTCPK4,messi,0.001,100,ok,comment_rows
20260707T100811_a53ac0,2026-07-07T10:10:38.414128+00:00,comment_page_fetch,JH_WRKTCPK4,messi,0.2309,100,ok,page=23
20260707T100811_a53ac0,2026-07-07T10:10:38.415636+00:00,csv_write,JH_WRKTCPK4,messi,0.001,100,ok,comment_rows
20260707T100811_a53ac0,2026-07-07T10:10:38.603643+00:00,comment_page_fetch,JH_WRKTCPK4,messi,0.1879,100,ok,page=24
20260707T100811_a53ac0,2026-07-07T10:10:38.605139+00:00,csv_write,JH_WRKTCPK4,messi,0.001,100,ok,comment_rows
20260707T100811_a53ac0,2026-07-07T10:10:38.748140+00:00,comment_page_fetch,JH_WRKTCPK4,messi,0.1429,30,ok,page=25
20260707T100811_a53ac0,2026-07-07T10:10:38.748764+00:00,csv_write,JH_WRKTCPK4,messi,0.0003,30,ok,comment_rows
20260707T100811_a53ac0,2026-07-07T10:10:38.789427+00:00,video_stats_fetch,MLQGgqv0kXs,messi,0.0402,1,ok,
20260707T100811_a53ac0,2026-07-07T10:10:38.846791+00:00,channel_stats_fetch,MLQGgqv0kXs,messi,0.0573,1,ok,
20260707T100811_a53ac0,2026-07-07T10:10:38.846815+00:00,transcript_fetch,MLQGgqv0kXs,messi,0.0,1,skip,no_transcript
20260707T100811_a53ac0,2026-07-07T10:10:38.945378+00:00,thumbnail_download,MLQGgqv0kXs,messi,0.0985,1,ok,
20260707T100811_a53ac0,2026-07-07T10:10:38.989523+00:00,video_stats_fetch,FtV0Dw0s8Fc,messi,0.0439,1,ok,
20260707T100811_a53ac0,2026-07-07T10:10:39.034404+00:00,channel_stats_fetch,FtV0Dw0s8Fc,messi,0.0447,1,ok,
20260707T100811_a53ac0,2026-07-07T10:10:39.034529+00:00,transcript_fetch,FtV0Dw0s8Fc,messi,0.0,1,skip,no_transcript
20260707T100811_a53ac0,2026-07-07T10:10:39.146386+00:00,thumbnail_download,FtV0Dw0s8Fc,messi,0.1118,1,ok,
20260707T100811_a53ac0,2026-07-07T10:10:39.194124+00:00,video_stats_fetch,OmaGdbX7tEc,messi,0.0477,1,ok,
20260707T100811_a53ac0,2026-07-07T10:10:39.240600+00:00,channel_stats_fetch,OmaGdbX7tEc,messi,0.0464,1,ok,
20260707T100811_a53ac0,2026-07-07T10:10:39.240737+00:00,transcript_fetch,OmaGdbX7tEc,messi,0.0,1,skip,no_transcript
20260707T100811_a53ac0,2026-07-07T10:10:39.374953+00:00,thumbnail_download,OmaGdbX7tEc,messi,0.1342,1,ok,
20260707T100811_a53ac0,2026-07-07T10:10:39.416552+00:00,video_stats_fetch,pfciKRwDY6A,messi,0.0415,1,ok,
20260707T100811_a53ac0,2026-07-07T10:10:39.479035+00:00,channel_stats_fetch,pfciKRwDY6A,messi,0.0624,1,ok,
20260707T100811_a53ac0,2026-07-07T10:10:39.479239+00:00,transcript_fetch,pfciKRwDY6A,messi,0.0,1,skip,no_transcript
20260707T100811_a53ac0,2026-07-07T10:10:39.552264+00:00,thumbnail_download,pfciKRwDY6A,messi,0.0729,1,ok,
20260707T100811_a53ac0,2026-07-07T10:10:39.591877+00:00,video_stats_fetch,9SnjtNJ13R0,messi,0.0395,1,ok,
20260707T100811_a53ac0,2026-07-07T10:10:39.649509+00:00,channel_stats_fetch,9SnjtNJ13R0,messi,0.0575,1,ok,
20260707T100811_a53ac0,2026-07-07T10:10:39.649628+00:00,transcript_fetch,9SnjtNJ13R0,messi,0.0,1,skip,no_transcript
20260707T100811_a53ac0,2026-07-07T10:10:39.750867+00:00,thumbnail_download,9SnjtNJ13R0,messi,0.1012,1,ok,
20260707T100811_a53ac0,2026-07-07T10:10:52.756292+00:00,llm_batch_call,,messi,13.0047,5,ok,
20260707T100811_a53ac0,2026-07-07T10:10:52.756830+00:00,csv_write,FtV0Dw0s8Fc,messi,0.0,1,ok,video_row
20260707T100811_a53ac0,2026-07-07T10:10:52.952016+00:00,comment_page_fetch,FtV0Dw0s8Fc,messi,0.1951,100,ok,page=1
20260707T100811_a53ac0,2026-07-07T10:10:52.952652+00:00,csv_write,FtV0Dw0s8Fc,messi,0.0004,100,ok,comment_rows
20260707T100811_a53ac0,2026-07-07T10:10:53.166777+00:00,comment_page_fetch,FtV0Dw0s8Fc,messi,0.2141,100,ok,page=2
20260707T100811_a53ac0,2026-07-07T10:10:53.167458+00:00,csv_write,FtV0Dw0s8Fc,messi,0.0005,100,ok,comment_rows
20260707T100811_a53ac0,2026-07-07T10:10:53.388638+00:00,comment_page_fetch,FtV0Dw0s8Fc,messi,0.2212,100,ok,page=3
20260707T100811_a53ac0,2026-07-07T10:10:53.389287+00:00,csv_write,FtV0Dw0s8Fc,messi,0.0005,100,ok,comment_rows
20260707T100811_a53ac0,2026-07-07T10:10:53.598096+00:00,comment_page_fetch,FtV0Dw0s8Fc,messi,0.2088,100,ok,page=4
20260707T100811_a53ac0,2026-07-07T10:10:53.598712+00:00,csv_write,FtV0Dw0s8Fc,messi,0.0004,100,ok,comment_rows
20260707T100811_a53ac0,2026-07-07T10:10:53.769073+00:00,comment_page_fetch,FtV0Dw0s8Fc,messi,0.1703,100,ok,page=5
20260707T100811_a53ac0,2026-07-07T10:10:53.769719+00:00,csv_write,FtV0Dw0s8Fc,messi,0.0004,100,ok,comment_rows
20260707T100811_a53ac0,2026-07-07T10:10:53.948810+00:00,comment_page_fetch,FtV0Dw0s8Fc,messi,0.179,100,ok,page=6
20260707T100811_a53ac0,2026-07-07T10:10:53.952016+00:00,csv_write,FtV0Dw0s8Fc,messi,0.0023,100,ok,comment_rows
20260707T100811_a53ac0,2026-07-07T10:10:54.207234+00:00,comment_page_fetch,FtV0Dw0s8Fc,messi,0.2551,100,ok,page=7
20260707T100811_a53ac0,2026-07-07T10:10:54.210475+00:00,csv_write,FtV0Dw0s8Fc,messi,0.0023,100,ok,comment_rows
20260707T100811_a53ac0,2026-07-07T10:10:54.404019+00:00,comment_page_fetch,FtV0Dw0s8Fc,messi,0.1934,100,ok,page=8
20260707T100811_a53ac0,2026-07-07T10:10:54.405632+00:00,csv_write,FtV0Dw0s8Fc,messi,0.0011,100,ok,comment_rows
20260707T100811_a53ac0,2026-07-07T10:10:54.631464+00:00,comment_page_fetch,FtV0Dw0s8Fc,messi,0.2258,100,ok,page=9
20260707T100811_a53ac0,2026-07-07T10:10:54.631873+00:00,csv_write,FtV0Dw0s8Fc,messi,0.0003,100,ok,comment_rows
20260707T100811_a53ac0,2026-07-07T10:10:54.817835+00:00,comment_page_fetch,FtV0Dw0s8Fc,messi,0.1859,100,ok,page=10
20260707T100811_a53ac0,2026-07-07T10:10:54.818444+00:00,csv_write,FtV0Dw0s8Fc,messi,0.0004,100,ok,comment_rows
20260707T100811_a53ac0,2026-07-07T10:10:54.981089+00:00,comment_page_fetch,FtV0Dw0s8Fc,messi,0.1626,100,ok,page=11
20260707T100811_a53ac0,2026-07-07T10:10:54.982809+00:00,csv_write,FtV0Dw0s8Fc,messi,0.0012,100,ok,comment_rows
20260707T100811_a53ac0,2026-07-07T10:10:55.179010+00:00,comment_page_fetch,FtV0Dw0s8Fc,messi,0.1961,100,ok,page=12
20260707T100811_a53ac0,2026-07-07T10:10:55.180698+00:00,csv_write,FtV0Dw0s8Fc,messi,0.0011,100,ok,comment_rows
20260707T100811_a53ac0,2026-07-07T10:10:55.388622+00:00,comment_page_fetch,FtV0Dw0s8Fc,messi,0.2079,100,ok,page=13
20260707T100811_a53ac0,2026-07-07T10:10:55.390242+00:00,csv_write,FtV0Dw0s8Fc,messi,0.0011,100,ok,comment_rows
20260707T100811_a53ac0,2026-07-07T10:10:55.571769+00:00,comment_page_fetch,FtV0Dw0s8Fc,messi,0.1815,100,ok,page=14
20260707T100811_a53ac0,2026-07-07T10:10:55.573654+00:00,csv_write,FtV0Dw0s8Fc,messi,0.0014,100,ok,comment_rows
20260707T100811_a53ac0,2026-07-07T10:10:55.763222+00:00,comment_page_fetch,FtV0Dw0s8Fc,messi,0.1895,100,ok,page=15
20260707T100811_a53ac0,2026-07-07T10:10:55.764840+00:00,csv_write,FtV0Dw0s8Fc,messi,0.0011,100,ok,comment_rows
20260707T100811_a53ac0,2026-07-07T10:10:55.954656+00:00,comment_page_fetch,FtV0Dw0s8Fc,messi,0.1898,100,ok,page=16
20260707T100811_a53ac0,2026-07-07T10:10:55.956342+00:00,csv_write,FtV0Dw0s8Fc,messi,0.0012,100,ok,comment_rows
20260707T100811_a53ac0,2026-07-07T10:10:56.182294+00:00,comment_page_fetch,FtV0Dw0s8Fc,messi,0.2259,100,ok,page=17
20260707T100811_a53ac0,2026-07-07T10:10:56.183937+00:00,csv_write,FtV0Dw0s8Fc,messi,0.0011,100,ok,comment_rows
20260707T100811_a53ac0,2026-07-07T10:10:56.440501+00:00,comment_page_fetch,FtV0Dw0s8Fc,messi,0.2565,100,ok,page=18
20260707T100811_a53ac0,2026-07-07T10:10:56.442130+00:00,csv_write,FtV0Dw0s8Fc,messi,0.0012,100,ok,comment_rows
20260707T100811_a53ac0,2026-07-07T10:10:56.633261+00:00,comment_page_fetch,FtV0Dw0s8Fc,messi,0.1911,100,ok,page=19
20260707T100811_a53ac0,2026-07-07T10:10:56.634868+00:00,csv_write,FtV0Dw0s8Fc,messi,0.0011,100,ok,comment_rows
20260707T100811_a53ac0,2026-07-07T10:10:56.821235+00:00,comment_page_fetch,FtV0Dw0s8Fc,messi,0.1863,100,ok,page=20
20260707T100811_a53ac0,2026-07-07T10:10:56.822836+00:00,csv_write,FtV0Dw0s8Fc,messi,0.0011,100,ok,comment_rows
20260707T100811_a53ac0,2026-07-07T10:10:57.033033+00:00,comment_page_fetch,FtV0Dw0s8Fc,messi,0.2101,100,ok,page=21
20260707T100811_a53ac0,2026-07-07T10:10:57.034737+00:00,csv_write,FtV0Dw0s8Fc,messi,0.0012,100,ok,comment_rows
20260707T100811_a53ac0,2026-07-07T10:10:57.194428+00:00,comment_page_fetch,FtV0Dw0s8Fc,messi,0.1596,100,ok,page=22
20260707T100811_a53ac0,2026-07-07T10:10:57.195126+00:00,csv_write,FtV0Dw0s8Fc,messi,0.0005,100,ok,comment_rows
20260707T100811_a53ac0,2026-07-07T10:10:57.468489+00:00,comment_page_fetch,FtV0Dw0s8Fc,messi,0.2733,100,ok,page=23
20260707T100811_a53ac0,2026-07-07T10:10:57.469869+00:00,csv_write,FtV0Dw0s8Fc,messi,0.001,100,ok,comment_rows
20260707T100811_a53ac0,2026-07-07T10:10:57.658880+00:00,comment_page_fetch,FtV0Dw0s8Fc,messi,0.1889,100,ok,page=24
20260707T100811_a53ac0,2026-07-07T10:10:57.660517+00:00,csv_write,FtV0Dw0s8Fc,messi,0.0011,100,ok,comment_rows
20260707T100811_a53ac0,2026-07-07T10:10:57.834782+00:00,comment_page_fetch,FtV0Dw0s8Fc,messi,0.1742,100,ok,page=25
20260707T100811_a53ac0,2026-07-07T10:10:57.836404+00:00,csv_write,FtV0Dw0s8Fc,messi,0.0011,100,ok,comment_rows
20260707T100811_a53ac0,2026-07-07T10:10:58.027380+00:00,comment_page_fetch,FtV0Dw0s8Fc,messi,0.1909,100,ok,page=26
20260707T100811_a53ac0,2026-07-07T10:10:58.028747+00:00,csv_write,FtV0Dw0s8Fc,messi,0.001,100,ok,comment_rows
20260707T100811_a53ac0,2026-07-07T10:10:58.224168+00:00,comment_page_fetch,FtV0Dw0s8Fc,messi,0.1954,100,ok,page=27
20260707T100811_a53ac0,2026-07-07T10:10:58.225859+00:00,csv_write,FtV0Dw0s8Fc,messi,0.0012,100,ok,comment_rows
20260707T100811_a53ac0,2026-07-07T10:10:58.389844+00:00,comment_page_fetch,FtV0Dw0s8Fc,messi,0.1639,100,ok,page=28
20260707T100811_a53ac0,2026-07-07T10:10:58.393120+00:00,csv_write,FtV0Dw0s8Fc,messi,0.0023,100,ok,comment_rows
20260707T100811_a53ac0,2026-07-07T10:10:58.564909+00:00,comment_page_fetch,FtV0Dw0s8Fc,messi,0.1717,100,ok,page=29
20260707T100811_a53ac0,2026-07-07T10:10:58.566536+00:00,csv_write,FtV0Dw0s8Fc,messi,0.0011,100,ok,comment_rows
20260707T100811_a53ac0,2026-07-07T10:10:58.788319+00:00,comment_page_fetch,FtV0Dw0s8Fc,messi,0.2217,100,ok,page=30
20260707T100811_a53ac0,2026-07-07T10:10:58.788934+00:00,csv_write,FtV0Dw0s8Fc,messi,0.0004,100,ok,comment_rows
20260707T100811_a53ac0,2026-07-07T10:10:59.131668+00:00,comment_page_fetch,FtV0Dw0s8Fc,messi,0.3427,100,ok,page=31
20260707T100811_a53ac0,2026-07-07T10:10:59.133357+00:00,csv_write,FtV0Dw0s8Fc,messi,0.0012,100,ok,comment_rows
20260707T100811_a53ac0,2026-07-07T10:10:59.309272+00:00,comment_page_fetch,FtV0Dw0s8Fc,messi,0.1759,100,ok,page=32
20260707T100811_a53ac0,2026-07-07T10:10:59.309653+00:00,csv_write,FtV0Dw0s8Fc,messi,0.0002,100,ok,comment_rows
20260707T100811_a53ac0,2026-07-07T10:10:59.475249+00:00,comment_page_fetch,FtV0Dw0s8Fc,messi,0.1656,100,ok,page=33
20260707T100811_a53ac0,2026-07-07T10:10:59.476851+00:00,csv_write,FtV0Dw0s8Fc,messi,0.0011,100,ok,comment_rows
20260707T100811_a53ac0,2026-07-07T10:10:59.637336+00:00,comment_page_fetch,FtV0Dw0s8Fc,messi,0.1604,100,ok,page=34
20260707T100811_a53ac0,2026-07-07T10:10:59.638956+00:00,csv_write,FtV0Dw0s8Fc,messi,0.0012,100,ok,comment_rows
20260707T100811_a53ac0,2026-07-07T10:10:59.821661+00:00,comment_page_fetch,FtV0Dw0s8Fc,messi,0.1826,100,ok,page=35
20260707T100811_a53ac0,2026-07-07T10:10:59.823262+00:00,csv_write,FtV0Dw0s8Fc,messi,0.0011,100,ok,comment_rows
20260707T100811_a53ac0,2026-07-07T10:11:00.002672+00:00,comment_page_fetch,FtV0Dw0s8Fc,messi,0.1793,100,ok,page=36
20260707T100811_a53ac0,2026-07-07T10:11:00.004316+00:00,csv_write,FtV0Dw0s8Fc,messi,0.0012,100,ok,comment_rows
20260707T100811_a53ac0,2026-07-07T10:11:00.270340+00:00,comment_page_fetch,FtV0Dw0s8Fc,messi,0.266,100,ok,page=37
20260707T100811_a53ac0,2026-07-07T10:11:00.272022+00:00,csv_write,FtV0Dw0s8Fc,messi,0.0012,100,ok,comment_rows
20260707T100811_a53ac0,2026-07-07T10:11:00.412370+00:00,comment_page_fetch,FtV0Dw0s8Fc,messi,0.1403,19,ok,page=38
20260707T100811_a53ac0,2026-07-07T10:11:00.412864+00:00,csv_write,FtV0Dw0s8Fc,messi,0.0003,19,ok,comment_rows
20260707T100811_a53ac0,2026-07-07T10:11:00.413870+00:00,csv_write,OmaGdbX7tEc,messi,0.0001,1,ok,video_row
20260707T100811_a53ac0,2026-07-07T10:11:00.523327+00:00,comment_page_fetch,OmaGdbX7tEc,messi,0.1091,37,ok,page=1
20260707T100811_a53ac0,2026-07-07T10:11:00.524296+00:00,csv_write,OmaGdbX7tEc,messi,0.0006,37,ok,comment_rows
20260707T100811_a53ac0,2026-07-07T10:11:00.525044+00:00,csv_write,pfciKRwDY6A,messi,0.0,1,ok,video_row
20260707T100811_a53ac0,2026-07-07T10:11:00.690598+00:00,comment_page_fetch,pfciKRwDY6A,messi,0.1653,100,ok,page=1
20260707T100811_a53ac0,2026-07-07T10:11:00.693926+00:00,csv_write,pfciKRwDY6A,messi,0.0024,100,ok,comment_rows
20260707T100811_a53ac0,2026-07-07T10:11:00.874160+00:00,comment_page_fetch,pfciKRwDY6A,messi,0.1801,100,ok,page=2
20260707T100811_a53ac0,2026-07-07T10:11:00.875933+00:00,csv_write,pfciKRwDY6A,messi,0.0013,100,ok,comment_rows
20260707T100811_a53ac0,2026-07-07T10:11:01.027239+00:00,comment_page_fetch,pfciKRwDY6A,messi,0.1512,91,ok,page=3
20260707T100811_a53ac0,2026-07-07T10:11:01.028888+00:00,csv_write,pfciKRwDY6A,messi,0.0012,91,ok,comment_rows
20260707T100811_a53ac0,2026-07-07T10:11:01.029915+00:00,csv_write,9SnjtNJ13R0,messi,0.0001,1,ok,video_row
20260707T100811_a53ac0,2026-07-07T10:11:01.289493+00:00,comment_page_fetch,9SnjtNJ13R0,messi,0.2592,100,ok,page=1
20260707T100811_a53ac0,2026-07-07T10:11:01.291388+00:00,csv_write,9SnjtNJ13R0,messi,0.0014,100,ok,comment_rows
20260707T100811_a53ac0,2026-07-07T10:11:01.520493+00:00,comment_page_fetch,9SnjtNJ13R0,messi,0.229,49,ok,page=2
20260707T100811_a53ac0,2026-07-07T10:11:01.521515+00:00,csv_write,9SnjtNJ13R0,messi,0.0007,49,ok,comment_rows
20260707T100811_a53ac0,2026-07-07T10:11:01.564338+00:00,video_stats_fetch,CJyHeu3uv0A,messi,0.0425,1,ok,
20260707T100811_a53ac0,2026-07-07T10:11:01.614502+00:00,channel_stats_fetch,CJyHeu3uv0A,messi,0.0501,1,ok,
20260707T100811_a53ac0,2026-07-07T10:11:01.614618+00:00,transcript_fetch,CJyHeu3uv0A,messi,0.0,1,skip,no_transcript
20260707T100811_a53ac0,2026-07-07T10:11:01.719698+00:00,thumbnail_download,CJyHeu3uv0A,messi,0.105,1,ok,
20260707T100811_a53ac0,2026-07-07T10:11:01.768507+00:00,video_stats_fetch,UeA-lGtrbFo,messi,0.0487,1,ok,
20260707T100811_a53ac0,2026-07-07T10:11:01.832025+00:00,channel_stats_fetch,UeA-lGtrbFo,messi,0.0634,1,ok,
20260707T100811_a53ac0,2026-07-07T10:11:01.832162+00:00,transcript_fetch,UeA-lGtrbFo,messi,0.0,1,skip,no_transcript
20260707T100811_a53ac0,2026-07-07T10:11:01.935294+00:00,thumbnail_download,UeA-lGtrbFo,messi,0.1031,1,ok,
20260707T100811_a53ac0,2026-07-07T10:11:01.974606+00:00,video_stats_fetch,bQUNecKA87g,messi,0.0393,1,ok,
20260707T100811_a53ac0,2026-07-07T10:11:02.019191+00:00,channel_stats_fetch,bQUNecKA87g,messi,0.0445,1,ok,
20260707T100811_a53ac0,2026-07-07T10:11:02.019308+00:00,transcript_fetch,bQUNecKA87g,messi,0.0,1,skip,no_transcript
20260707T100811_a53ac0,2026-07-07T10:11:02.151688+00:00,thumbnail_download,bQUNecKA87g,messi,0.1323,1,ok,
20260707T100811_a53ac0,2026-07-07T10:11:02.194576+00:00,video_stats_fetch,lHF20vQmu4s,messi,0.0427,1,ok,
20260707T100811_a53ac0,2026-07-07T10:11:02.244961+00:00,channel_stats_fetch,lHF20vQmu4s,messi,0.0502,1,ok,
20260707T100811_a53ac0,2026-07-07T10:11:02.245115+00:00,transcript_fetch,lHF20vQmu4s,messi,0.0,1,skip,no_transcript
20260707T100811_a53ac0,2026-07-07T10:11:02.347557+00:00,thumbnail_download,lHF20vQmu4s,messi,0.1024,1,ok,
20260707T100811_a53ac0,2026-07-07T10:11:02.393833+00:00,video_stats_fetch,ejCLQ0wvQn0,messi,0.0461,1,ok,
20260707T100811_a53ac0,2026-07-07T10:11:02.446137+00:00,channel_stats_fetch,ejCLQ0wvQn0,messi,0.0522,1,ok,
20260707T100811_a53ac0,2026-07-07T10:11:02.446250+00:00,transcript_fetch,ejCLQ0wvQn0,messi,0.0,1,skip,no_transcript
20260707T100811_a53ac0,2026-07-07T10:11:02.577725+00:00,thumbnail_download,ejCLQ0wvQn0,messi,0.1314,1,ok,
20260707T100811_a53ac0,2026-07-07T10:11:14.786929+00:00,llm_batch_call,,messi,12.2082,5,ok,
20260707T100811_a53ac0,2026-07-07T10:11:14.787180+00:00,csv_write,CJyHeu3uv0A,messi,0.0,1,ok,video_row
20260707T100811_a53ac0,2026-07-07T10:11:14.944047+00:00,comment_page_fetch,CJyHeu3uv0A,messi,0.1568,100,ok,page=1
20260707T100811_a53ac0,2026-07-07T10:11:14.944574+00:00,csv_write,CJyHeu3uv0A,messi,0.0003,100,ok,comment_rows
20260707T100811_a53ac0,2026-07-07T10:11:15.125030+00:00,comment_page_fetch,CJyHeu3uv0A,messi,0.1804,100,ok,page=2
20260707T100811_a53ac0,2026-07-07T10:11:15.126333+00:00,csv_write,CJyHeu3uv0A,messi,0.0008,100,ok,comment_rows
20260707T100811_a53ac0,2026-07-07T10:11:15.272252+00:00,comment_page_fetch,CJyHeu3uv0A,messi,0.1459,49,ok,page=3
20260707T100811_a53ac0,2026-07-07T10:11:15.273072+00:00,csv_write,CJyHeu3uv0A,messi,0.0005,49,ok,comment_rows
20260707T100811_a53ac0,2026-07-07T10:11:15.274054+00:00,csv_write,UeA-lGtrbFo,messi,0.0,1,ok,video_row
20260707T100811_a53ac0,2026-07-07T10:11:15.495168+00:00,comment_page_fetch,UeA-lGtrbFo,messi,0.2208,100,ok,page=1
20260707T100811_a53ac0,2026-07-07T10:11:15.496803+00:00,csv_write,UeA-lGtrbFo,messi,0.0011,100,ok,comment_rows
20260707T100811_a53ac0,2026-07-07T10:11:15.653561+00:00,comment_page_fetch,UeA-lGtrbFo,messi,0.1567,100,ok,page=2
20260707T100811_a53ac0,2026-07-07T10:11:15.655101+00:00,csv_write,UeA-lGtrbFo,messi,0.0011,100,ok,comment_rows
20260707T100811_a53ac0,2026-07-07T10:11:15.829558+00:00,comment_page_fetch,UeA-lGtrbFo,messi,0.1744,100,ok,page=3
20260707T100811_a53ac0,2026-07-07T10:11:15.830493+00:00,csv_write,UeA-lGtrbFo,messi,0.0006,100,ok,comment_rows
20260707T100811_a53ac0,2026-07-07T10:11:15.952179+00:00,comment_page_fetch,UeA-lGtrbFo,messi,0.1216,58,ok,page=4
20260707T100811_a53ac0,2026-07-07T10:11:15.953212+00:00,csv_write,UeA-lGtrbFo,messi,0.0007,58,ok,comment_rows
20260707T100811_a53ac0,2026-07-07T10:11:15.954202+00:00,csv_write,bQUNecKA87g,messi,0.0001,1,ok,video_row
20260707T100811_a53ac0,2026-07-07T10:11:16.051426+00:00,comment_page_fetch,bQUNecKA87g,messi,0.0969,23,ok,page=1
20260707T100811_a53ac0,2026-07-07T10:11:16.051581+00:00,csv_write,bQUNecKA87g,messi,0.0001,23,ok,comment_rows
20260707T100811_a53ac0,2026-07-07T10:11:16.051767+00:00,csv_write,lHF20vQmu4s,messi,0.0,1,ok,video_row
20260707T100811_a53ac0,2026-07-07T10:11:16.198653+00:00,comment_page_fetch,lHF20vQmu4s,messi,0.1468,100,ok,page=1
20260707T100811_a53ac0,2026-07-07T10:11:16.200501+00:00,csv_write,lHF20vQmu4s,messi,0.0014,100,ok,comment_rows
20260707T100811_a53ac0,2026-07-07T10:11:16.468365+00:00,comment_page_fetch,lHF20vQmu4s,messi,0.2678,100,ok,page=2
20260707T100811_a53ac0,2026-07-07T10:11:16.468890+00:00,csv_write,lHF20vQmu4s,messi,0.0003,100,ok,comment_rows
20260707T100811_a53ac0,2026-07-07T10:11:16.693996+00:00,comment_page_fetch,lHF20vQmu4s,messi,0.2251,100,ok,page=3
20260707T100811_a53ac0,2026-07-07T10:11:16.695834+00:00,csv_write,lHF20vQmu4s,messi,0.0013,100,ok,comment_rows
20260707T100811_a53ac0,2026-07-07T10:11:16.860511+00:00,comment_page_fetch,lHF20vQmu4s,messi,0.1646,100,ok,page=4
20260707T100811_a53ac0,2026-07-07T10:11:16.862452+00:00,csv_write,lHF20vQmu4s,messi,0.0015,100,ok,comment_rows
20260707T100811_a53ac0,2026-07-07T10:11:17.007543+00:00,comment_page_fetch,lHF20vQmu4s,messi,0.145,87,ok,page=5
20260707T100811_a53ac0,2026-07-07T10:11:17.009179+00:00,csv_write,lHF20vQmu4s,messi,0.0012,87,ok,comment_rows
20260707T100811_a53ac0,2026-07-07T10:11:17.010055+00:00,csv_write,ejCLQ0wvQn0,messi,0.0001,1,ok,video_row
20260707T100811_a53ac0,2026-07-07T10:11:17.202888+00:00,comment_page_fetch,ejCLQ0wvQn0,messi,0.1925,100,ok,page=1
20260707T100811_a53ac0,2026-07-07T10:11:17.204921+00:00,csv_write,ejCLQ0wvQn0,messi,0.0015,100,ok,comment_rows
20260707T100811_a53ac0,2026-07-07T10:11:17.372599+00:00,comment_page_fetch,ejCLQ0wvQn0,messi,0.1676,100,ok,page=2
20260707T100811_a53ac0,2026-07-07T10:11:17.374719+00:00,csv_write,ejCLQ0wvQn0,messi,0.0014,100,ok,comment_rows
20260707T100811_a53ac0,2026-07-07T10:11:17.554004+00:00,comment_page_fetch,ejCLQ0wvQn0,messi,0.1792,100,ok,page=3
20260707T100811_a53ac0,2026-07-07T10:11:17.555892+00:00,csv_write,ejCLQ0wvQn0,messi,0.0014,100,ok,comment_rows
20260707T100811_a53ac0,2026-07-07T10:11:17.734898+00:00,comment_page_fetch,ejCLQ0wvQn0,messi,0.1789,100,ok,page=4
20260707T100811_a53ac0,2026-07-07T10:11:17.736696+00:00,csv_write,ejCLQ0wvQn0,messi,0.0013,100,ok,comment_rows
20260707T100811_a53ac0,2026-07-07T10:11:17.889547+00:00,comment_page_fetch,ejCLQ0wvQn0,messi,0.1528,100,ok,page=5
20260707T100811_a53ac0,2026-07-07T10:11:17.891427+00:00,csv_write,ejCLQ0wvQn0,messi,0.0014,100,ok,comment_rows
20260707T100811_a53ac0,2026-07-07T10:11:18.114389+00:00,comment_page_fetch,ejCLQ0wvQn0,messi,0.2229,100,ok,page=6
20260707T100811_a53ac0,2026-07-07T10:11:18.116280+00:00,csv_write,ejCLQ0wvQn0,messi,0.0014,100,ok,comment_rows
20260707T100811_a53ac0,2026-07-07T10:11:18.276564+00:00,comment_page_fetch,ejCLQ0wvQn0,messi,0.1602,100,ok,page=7
20260707T100811_a53ac0,2026-07-07T10:11:18.278444+00:00,csv_write,ejCLQ0wvQn0,messi,0.0014,100,ok,comment_rows
20260707T100811_a53ac0,2026-07-07T10:11:18.455330+00:00,comment_page_fetch,ejCLQ0wvQn0,messi,0.1768,100,ok,page=8
20260707T100811_a53ac0,2026-07-07T10:11:18.457206+00:00,csv_write,ejCLQ0wvQn0,messi,0.0014,100,ok,comment_rows
20260707T100811_a53ac0,2026-07-07T10:11:18.813006+00:00,comment_page_fetch,ejCLQ0wvQn0,messi,0.3557,100,ok,page=9
20260707T100811_a53ac0,2026-07-07T10:11:18.816909+00:00,csv_write,ejCLQ0wvQn0,messi,0.0029,100,ok,comment_rows
20260707T100811_a53ac0,2026-07-07T10:11:19.035490+00:00,comment_page_fetch,ejCLQ0wvQn0,messi,0.2185,100,ok,page=10
20260707T100811_a53ac0,2026-07-07T10:11:19.037438+00:00,csv_write,ejCLQ0wvQn0,messi,0.0014,100,ok,comment_rows
20260707T100811_a53ac0,2026-07-07T10:11:19.163986+00:00,comment_page_fetch,ejCLQ0wvQn0,messi,0.1265,32,ok,page=11
20260707T100811_a53ac0,2026-07-07T10:11:19.164711+00:00,csv_write,ejCLQ0wvQn0,messi,0.0005,32,ok,comment_rows
20260707T100811_a53ac0,2026-07-07T10:11:19.220664+00:00,video_stats_fetch,aIyoeuvmwTk,messi,0.0557,1,ok,
20260707T100811_a53ac0,2026-07-07T10:11:19.268001+00:00,channel_stats_fetch,aIyoeuvmwTk,messi,0.0473,1,ok,
20260707T100811_a53ac0,2026-07-07T10:11:19.268156+00:00,transcript_fetch,aIyoeuvmwTk,messi,0.0,1,skip,no_transcript
20260707T100811_a53ac0,2026-07-07T10:11:19.420955+00:00,thumbnail_download,aIyoeuvmwTk,messi,0.1527,1,ok,
20260707T100811_a53ac0,2026-07-07T10:11:19.476832+00:00,video_stats_fetch,KC-55FDg5Vk,messi,0.0557,1,ok,
20260707T100811_a53ac0,2026-07-07T10:11:19.530351+00:00,channel_stats_fetch,KC-55FDg5Vk,messi,0.0534,1,ok,
20260707T100811_a53ac0,2026-07-07T10:11:19.530391+00:00,transcript_fetch,KC-55FDg5Vk,messi,0.0,1,skip,no_transcript
20260707T100811_a53ac0,2026-07-07T10:11:19.611681+00:00,thumbnail_download,KC-55FDg5Vk,messi,0.0813,1,ok,
20260707T100811_a53ac0,2026-07-07T10:11:19.655443+00:00,video_stats_fetch,eYVGpknCWMU,messi,0.0436,1,ok,
20260707T100811_a53ac0,2026-07-07T10:11:19.718822+00:00,channel_stats_fetch,eYVGpknCWMU,messi,0.0633,1,ok,
20260707T100811_a53ac0,2026-07-07T10:11:19.718942+00:00,transcript_fetch,eYVGpknCWMU,messi,0.0,1,skip,no_transcript
20260707T100811_a53ac0,2026-07-07T10:11:19.812391+00:00,thumbnail_download,eYVGpknCWMU,messi,0.0934,1,ok,
20260707T100811_a53ac0,2026-07-07T10:11:19.857912+00:00,video_stats_fetch,6ZMOJ4yQnAc,messi,0.0454,1,ok,
20260707T100811_a53ac0,2026-07-07T10:11:19.896279+00:00,channel_stats_fetch,6ZMOJ4yQnAc,messi,0.0383,1,ok,
20260707T100811_a53ac0,2026-07-07T10:11:19.896391+00:00,transcript_fetch,6ZMOJ4yQnAc,messi,0.0,1,skip,no_transcript
20260707T100811_a53ac0,2026-07-07T10:11:20.004252+00:00,thumbnail_download,6ZMOJ4yQnAc,messi,0.1078,1,ok,
20260707T100811_a53ac0,2026-07-07T10:11:20.047132+00:00,video_stats_fetch,0iFg5W47dco,messi,0.0428,1,ok,
20260707T100811_a53ac0,2026-07-07T10:11:20.103412+00:00,channel_stats_fetch,0iFg5W47dco,messi,0.056,1,ok,
20260707T100811_a53ac0,2026-07-07T10:11:20.103530+00:00,transcript_fetch,0iFg5W47dco,messi,0.0,1,skip,no_transcript
20260707T100811_a53ac0,2026-07-07T10:11:20.205536+00:00,thumbnail_download,0iFg5W47dco,messi,0.102,1,ok,
20260707T100811_a53ac0,2026-07-07T10:11:34.594933+00:00,llm_batch_call,,messi,14.3887,5,ok,
20260707T100811_a53ac0,2026-07-07T10:11:34.595299+00:00,csv_write,aIyoeuvmwTk,messi,0.0001,1,ok,video_row
20260707T100811_a53ac0,2026-07-07T10:11:34.749230+00:00,comment_page_fetch,aIyoeuvmwTk,messi,0.1539,47,ok,page=1
20260707T100811_a53ac0,2026-07-07T10:11:34.749437+00:00,csv_write,aIyoeuvmwTk,messi,0.0001,47,ok,comment_rows
20260707T100811_a53ac0,2026-07-07T10:11:34.749777+00:00,csv_write,KC-55FDg5Vk,messi,0.0,1,ok,video_row
20260707T100811_a53ac0,2026-07-07T10:11:34.852270+00:00,comment_page_fetch,KC-55FDg5Vk,messi,0.1024,17,ok,page=1
20260707T100811_a53ac0,2026-07-07T10:11:34.852676+00:00,csv_write,KC-55FDg5Vk,messi,0.0002,17,ok,comment_rows
20260707T100811_a53ac0,2026-07-07T10:11:34.854010+00:00,csv_write,6ZMOJ4yQnAc,messi,0.0001,1,ok,video_row
20260707T100811_a53ac0,2026-07-07T10:11:35.115973+00:00,comment_page_fetch,6ZMOJ4yQnAc,messi,0.2617,100,ok,page=1
20260707T100811_a53ac0,2026-07-07T10:11:35.117643+00:00,csv_write,6ZMOJ4yQnAc,messi,0.0012,100,ok,comment_rows
20260707T100811_a53ac0,2026-07-07T10:11:35.381757+00:00,comment_page_fetch,6ZMOJ4yQnAc,messi,0.264,100,ok,page=2
20260707T100811_a53ac0,2026-07-07T10:11:35.383431+00:00,csv_write,6ZMOJ4yQnAc,messi,0.0012,100,ok,comment_rows
20260707T100811_a53ac0,2026-07-07T10:11:35.584157+00:00,comment_page_fetch,6ZMOJ4yQnAc,messi,0.2006,100,ok,page=3
20260707T100811_a53ac0,2026-07-07T10:11:35.585775+00:00,csv_write,6ZMOJ4yQnAc,messi,0.0011,100,ok,comment_rows
20260707T100811_a53ac0,2026-07-07T10:11:35.791950+00:00,comment_page_fetch,6ZMOJ4yQnAc,messi,0.2061,100,ok,page=4
20260707T100811_a53ac0,2026-07-07T10:11:35.792312+00:00,csv_write,6ZMOJ4yQnAc,messi,0.0002,100,ok,comment_rows
20260707T100811_a53ac0,2026-07-07T10:11:35.974229+00:00,comment_page_fetch,6ZMOJ4yQnAc,messi,0.1819,100,ok,page=5
20260707T100811_a53ac0,2026-07-07T10:11:35.975868+00:00,csv_write,6ZMOJ4yQnAc,messi,0.0012,100,ok,comment_rows
20260707T100811_a53ac0,2026-07-07T10:11:36.163568+00:00,comment_page_fetch,6ZMOJ4yQnAc,messi,0.1876,100,ok,page=6
20260707T100811_a53ac0,2026-07-07T10:11:36.165317+00:00,csv_write,6ZMOJ4yQnAc,messi,0.0013,100,ok,comment_rows
20260707T100811_a53ac0,2026-07-07T10:11:36.386026+00:00,comment_page_fetch,6ZMOJ4yQnAc,messi,0.2206,100,ok,page=7
20260707T100811_a53ac0,2026-07-07T10:11:36.387653+00:00,csv_write,6ZMOJ4yQnAc,messi,0.0011,100,ok,comment_rows
20260707T100811_a53ac0,2026-07-07T10:11:36.559007+00:00,comment_page_fetch,6ZMOJ4yQnAc,messi,0.1713,100,ok,page=8
20260707T100811_a53ac0,2026-07-07T10:11:36.559620+00:00,csv_write,6ZMOJ4yQnAc,messi,0.0004,100,ok,comment_rows
20260707T100811_a53ac0,2026-07-07T10:11:36.827150+00:00,comment_page_fetch,6ZMOJ4yQnAc,messi,0.2675,100,ok,page=9
20260707T100811_a53ac0,2026-07-07T10:11:36.829712+00:00,csv_write,6ZMOJ4yQnAc,messi,0.0019,100,ok,comment_rows
20260707T100811_a53ac0,2026-07-07T10:11:37.055595+00:00,comment_page_fetch,6ZMOJ4yQnAc,messi,0.2258,100,ok,page=10
20260707T100811_a53ac0,2026-07-07T10:11:37.057228+00:00,csv_write,6ZMOJ4yQnAc,messi,0.0011,100,ok,comment_rows
20260707T100811_a53ac0,2026-07-07T10:11:37.193829+00:00,comment_page_fetch,6ZMOJ4yQnAc,messi,0.1365,100,ok,page=11
20260707T100811_a53ac0,2026-07-07T10:11:37.194705+00:00,csv_write,6ZMOJ4yQnAc,messi,0.0006,100,ok,comment_rows
20260707T100811_a53ac0,2026-07-07T10:11:37.381122+00:00,comment_page_fetch,6ZMOJ4yQnAc,messi,0.1864,100,ok,page=12
20260707T100811_a53ac0,2026-07-07T10:11:37.381484+00:00,csv_write,6ZMOJ4yQnAc,messi,0.0002,100,ok,comment_rows
20260707T100811_a53ac0,2026-07-07T10:11:37.650489+00:00,comment_page_fetch,6ZMOJ4yQnAc,messi,0.269,100,ok,page=13
20260707T100811_a53ac0,2026-07-07T10:11:37.650839+00:00,csv_write,6ZMOJ4yQnAc,messi,0.0002,100,ok,comment_rows
20260707T100811_a53ac0,2026-07-07T10:11:37.837871+00:00,comment_page_fetch,6ZMOJ4yQnAc,messi,0.187,100,ok,page=14
20260707T100811_a53ac0,2026-07-07T10:11:37.838209+00:00,csv_write,6ZMOJ4yQnAc,messi,0.0002,100,ok,comment_rows
20260707T100811_a53ac0,2026-07-07T10:11:38.019625+00:00,comment_page_fetch,6ZMOJ4yQnAc,messi,0.1814,100,ok,page=15
20260707T100811_a53ac0,2026-07-07T10:11:38.022934+00:00,csv_write,6ZMOJ4yQnAc,messi,0.0023,100,ok,comment_rows
20260707T100811_a53ac0,2026-07-07T10:11:38.247315+00:00,comment_page_fetch,6ZMOJ4yQnAc,messi,0.2243,100,ok,page=16
20260707T100811_a53ac0,2026-07-07T10:11:38.247974+00:00,csv_write,6ZMOJ4yQnAc,messi,0.0005,100,ok,comment_rows
20260707T100811_a53ac0,2026-07-07T10:11:38.425290+00:00,comment_page_fetch,6ZMOJ4yQnAc,messi,0.1773,100,ok,page=17
20260707T100811_a53ac0,2026-07-07T10:11:38.426941+00:00,csv_write,6ZMOJ4yQnAc,messi,0.0012,100,ok,comment_rows
20260707T100811_a53ac0,2026-07-07T10:11:38.689584+00:00,comment_page_fetch,6ZMOJ4yQnAc,messi,0.2626,100,ok,page=18
20260707T100811_a53ac0,2026-07-07T10:11:38.690345+00:00,csv_write,6ZMOJ4yQnAc,messi,0.0005,100,ok,comment_rows
20260707T100811_a53ac0,2026-07-07T10:11:38.870891+00:00,comment_page_fetch,6ZMOJ4yQnAc,messi,0.1805,100,ok,page=19
20260707T100811_a53ac0,2026-07-07T10:11:38.871831+00:00,csv_write,6ZMOJ4yQnAc,messi,0.0007,100,ok,comment_rows
20260707T100811_a53ac0,2026-07-07T10:11:39.052760+00:00,comment_page_fetch,6ZMOJ4yQnAc,messi,0.1809,100,ok,page=20
20260707T100811_a53ac0,2026-07-07T10:11:39.053874+00:00,csv_write,6ZMOJ4yQnAc,messi,0.0008,100,ok,comment_rows
20260707T100811_a53ac0,2026-07-07T10:11:39.235438+00:00,comment_page_fetch,6ZMOJ4yQnAc,messi,0.1815,100,ok,page=21
20260707T100811_a53ac0,2026-07-07T10:11:39.237072+00:00,csv_write,6ZMOJ4yQnAc,messi,0.0012,100,ok,comment_rows
20260707T100811_a53ac0,2026-07-07T10:11:39.511717+00:00,comment_page_fetch,6ZMOJ4yQnAc,messi,0.2746,100,ok,page=22
20260707T100811_a53ac0,2026-07-07T10:11:39.513361+00:00,csv_write,6ZMOJ4yQnAc,messi,0.0012,100,ok,comment_rows
20260707T100811_a53ac0,2026-07-07T10:11:39.784640+00:00,comment_page_fetch,6ZMOJ4yQnAc,messi,0.2712,100,ok,page=23
20260707T100811_a53ac0,2026-07-07T10:11:39.786285+00:00,csv_write,6ZMOJ4yQnAc,messi,0.0012,100,ok,comment_rows
20260707T100811_a53ac0,2026-07-07T10:11:39.938848+00:00,comment_page_fetch,6ZMOJ4yQnAc,messi,0.1525,100,ok,page=24
20260707T100811_a53ac0,2026-07-07T10:11:39.940969+00:00,csv_write,6ZMOJ4yQnAc,messi,0.0012,100,ok,comment_rows
20260707T100811_a53ac0,2026-07-07T10:11:40.114416+00:00,comment_page_fetch,6ZMOJ4yQnAc,messi,0.1734,100,ok,page=25
20260707T100811_a53ac0,2026-07-07T10:11:40.115243+00:00,csv_write,6ZMOJ4yQnAc,messi,0.0006,100,ok,comment_rows
20260707T100811_a53ac0,2026-07-07T10:11:40.289688+00:00,comment_page_fetch,6ZMOJ4yQnAc,messi,0.1744,100,ok,page=26
20260707T100811_a53ac0,2026-07-07T10:11:40.291359+00:00,csv_write,6ZMOJ4yQnAc,messi,0.0012,100,ok,comment_rows
20260707T100811_a53ac0,2026-07-07T10:11:40.503234+00:00,comment_page_fetch,6ZMOJ4yQnAc,messi,0.2118,100,ok,page=27
20260707T100811_a53ac0,2026-07-07T10:11:40.504868+00:00,csv_write,6ZMOJ4yQnAc,messi,0.0012,100,ok,comment_rows
20260707T100811_a53ac0,2026-07-07T10:11:40.711304+00:00,comment_page_fetch,6ZMOJ4yQnAc,messi,0.2064,100,ok,page=28
20260707T100811_a53ac0,2026-07-07T10:11:40.712957+00:00,csv_write,6ZMOJ4yQnAc,messi,0.0012,100,ok,comment_rows
20260707T100811_a53ac0,2026-07-07T10:11:40.919754+00:00,comment_page_fetch,6ZMOJ4yQnAc,messi,0.2067,100,ok,page=29
20260707T100811_a53ac0,2026-07-07T10:11:40.921248+00:00,csv_write,6ZMOJ4yQnAc,messi,0.0011,100,ok,comment_rows
20260707T100811_a53ac0,2026-07-07T10:11:41.074445+00:00,comment_page_fetch,6ZMOJ4yQnAc,messi,0.1531,100,ok,page=30
20260707T100811_a53ac0,2026-07-07T10:11:41.076110+00:00,csv_write,6ZMOJ4yQnAc,messi,0.0012,100,ok,comment_rows
20260707T100811_a53ac0,2026-07-07T10:11:41.336656+00:00,comment_page_fetch,6ZMOJ4yQnAc,messi,0.2605,100,ok,page=31
20260707T100811_a53ac0,2026-07-07T10:11:41.338451+00:00,csv_write,6ZMOJ4yQnAc,messi,0.0012,100,ok,comment_rows
20260707T100811_a53ac0,2026-07-07T10:11:41.611430+00:00,comment_page_fetch,6ZMOJ4yQnAc,messi,0.2729,100,ok,page=32
20260707T100811_a53ac0,2026-07-07T10:11:41.613450+00:00,csv_write,6ZMOJ4yQnAc,messi,0.0015,100,ok,comment_rows
20260707T100811_a53ac0,2026-07-07T10:11:41.803142+00:00,comment_page_fetch,6ZMOJ4yQnAc,messi,0.1896,100,ok,page=33
20260707T100811_a53ac0,2026-07-07T10:11:41.804817+00:00,csv_write,6ZMOJ4yQnAc,messi,0.0012,100,ok,comment_rows
20260707T100811_a53ac0,2026-07-07T10:11:42.086843+00:00,comment_page_fetch,6ZMOJ4yQnAc,messi,0.2819,100,ok,page=34
20260707T100811_a53ac0,2026-07-07T10:11:42.088287+00:00,csv_write,6ZMOJ4yQnAc,messi,0.0005,100,ok,comment_rows
20260707T100811_a53ac0,2026-07-07T10:11:42.345516+00:00,comment_page_fetch,6ZMOJ4yQnAc,messi,0.2572,100,ok,page=35
20260707T100811_a53ac0,2026-07-07T10:11:42.347226+00:00,csv_write,6ZMOJ4yQnAc,messi,0.0012,100,ok,comment_rows
20260707T100811_a53ac0,2026-07-07T10:11:42.735725+00:00,comment_page_fetch,6ZMOJ4yQnAc,messi,0.3884,100,ok,page=36
20260707T100811_a53ac0,2026-07-07T10:11:42.737397+00:00,csv_write,6ZMOJ4yQnAc,messi,0.0012,100,ok,comment_rows
20260707T100811_a53ac0,2026-07-07T10:11:43.001719+00:00,comment_page_fetch,6ZMOJ4yQnAc,messi,0.2643,100,ok,page=37
20260707T100811_a53ac0,2026-07-07T10:11:43.003439+00:00,csv_write,6ZMOJ4yQnAc,messi,0.0012,100,ok,comment_rows
20260707T100811_a53ac0,2026-07-07T10:11:43.190940+00:00,comment_page_fetch,6ZMOJ4yQnAc,messi,0.1874,100,ok,page=38
20260707T100811_a53ac0,2026-07-07T10:11:43.192558+00:00,csv_write,6ZMOJ4yQnAc,messi,0.0011,100,ok,comment_rows
20260707T100811_a53ac0,2026-07-07T10:11:43.477278+00:00,comment_page_fetch,6ZMOJ4yQnAc,messi,0.2846,100,ok,page=39
20260707T100811_a53ac0,2026-07-07T10:11:43.478906+00:00,csv_write,6ZMOJ4yQnAc,messi,0.0012,100,ok,comment_rows
20260707T100811_a53ac0,2026-07-07T10:11:43.813965+00:00,comment_page_fetch,6ZMOJ4yQnAc,messi,0.335,100,ok,page=40
20260707T100811_a53ac0,2026-07-07T10:11:43.815114+00:00,csv_write,6ZMOJ4yQnAc,messi,0.0007,100,ok,comment_rows
20260707T100811_a53ac0,2026-07-07T10:11:43.984107+00:00,comment_page_fetch,6ZMOJ4yQnAc,messi,0.169,100,ok,page=41
20260707T100811_a53ac0,2026-07-07T10:11:43.985615+00:00,csv_write,6ZMOJ4yQnAc,messi,0.0011,100,ok,comment_rows
20260707T100811_a53ac0,2026-07-07T10:11:44.278266+00:00,comment_page_fetch,6ZMOJ4yQnAc,messi,0.2926,100,ok,page=42
20260707T100811_a53ac0,2026-07-07T10:11:44.279889+00:00,csv_write,6ZMOJ4yQnAc,messi,0.0012,100,ok,comment_rows
20260707T100811_a53ac0,2026-07-07T10:11:44.552758+00:00,comment_page_fetch,6ZMOJ4yQnAc,messi,0.2728,70,ok,page=43
20260707T100811_a53ac0,2026-07-07T10:11:44.553995+00:00,csv_write,6ZMOJ4yQnAc,messi,0.0008,70,ok,comment_rows
20260707T100811_a53ac0,2026-07-07T10:11:44.555115+00:00,csv_write,0iFg5W47dco,messi,0.0001,1,ok,video_row
20260707T100811_a53ac0,2026-07-07T10:11:44.731391+00:00,comment_page_fetch,0iFg5W47dco,messi,0.176,100,ok,page=1
20260707T100811_a53ac0,2026-07-07T10:11:44.733107+00:00,csv_write,0iFg5W47dco,messi,0.0013,100,ok,comment_rows
20260707T100811_a53ac0,2026-07-07T10:11:44.884882+00:00,comment_page_fetch,0iFg5W47dco,messi,0.1517,100,ok,page=2
20260707T100811_a53ac0,2026-07-07T10:11:44.885245+00:00,csv_write,0iFg5W47dco,messi,0.0003,100,ok,comment_rows
20260707T100811_a53ac0,2026-07-07T10:11:45.001691+00:00,comment_page_fetch,0iFg5W47dco,messi,0.1164,20,ok,page=3
20260707T100811_a53ac0,2026-07-07T10:11:45.001891+00:00,csv_write,0iFg5W47dco,messi,0.0001,20,ok,comment_rows
20260707T100811_a53ac0,2026-07-07T10:11:45.451274+00:00,keyword_search,,ronaldo,0.4492,1,ok,results=50
20260707T100811_a53ac0,2026-07-07T10:11:45.503161+00:00,video_stats_fetch,_J1lZALRodY,ronaldo,0.0512,1,ok,
20260707T100811_a53ac0,2026-07-07T10:11:45.548443+00:00,channel_stats_fetch,_J1lZALRodY,ronaldo,0.0452,1,ok,
20260707T100811_a53ac0,2026-07-07T10:11:45.548558+00:00,transcript_fetch,_J1lZALRodY,ronaldo,0.0,1,skip,no_transcript
20260707T100811_a53ac0,2026-07-07T10:11:45.643836+00:00,thumbnail_download,_J1lZALRodY,ronaldo,0.0952,1,ok,
20260707T100811_a53ac0,2026-07-07T10:11:45.687818+00:00,video_stats_fetch,VZfwFRMZPWE,ronaldo,0.0439,1,ok,
20260707T100811_a53ac0,2026-07-07T10:11:45.737341+00:00,channel_stats_fetch,VZfwFRMZPWE,ronaldo,0.0495,1,ok,
20260707T100811_a53ac0,2026-07-07T10:11:45.737462+00:00,transcript_fetch,VZfwFRMZPWE,ronaldo,0.0,1,skip,no_transcript
20260707T100811_a53ac0,2026-07-07T10:11:45.812768+00:00,thumbnail_download,VZfwFRMZPWE,ronaldo,0.0753,1,ok,
20260707T100811_a53ac0,2026-07-07T10:11:45.857488+00:00,video_stats_fetch,xhK1tFIrMMo,ronaldo,0.0446,1,ok,
20260707T100811_a53ac0,2026-07-07T10:11:45.915417+00:00,channel_stats_fetch,xhK1tFIrMMo,ronaldo,0.0578,1,ok,
20260707T100811_a53ac0,2026-07-07T10:11:45.915531+00:00,transcript_fetch,xhK1tFIrMMo,ronaldo,0.0,1,skip,no_transcript
20260707T100811_a53ac0,2026-07-07T10:11:46.003166+00:00,thumbnail_download,xhK1tFIrMMo,ronaldo,0.0876,1,ok,
20260707T100811_a53ac0,2026-07-07T10:11:46.044562+00:00,video_stats_fetch,-Wh5SSCnmL0,ronaldo,0.0413,1,ok,
20260707T100811_a53ac0,2026-07-07T10:11:46.103877+00:00,channel_stats_fetch,-Wh5SSCnmL0,ronaldo,0.0592,1,ok,
20260707T100811_a53ac0,2026-07-07T10:11:46.104002+00:00,transcript_fetch,-Wh5SSCnmL0,ronaldo,0.0,1,skip,no_transcript
20260707T100811_a53ac0,2026-07-07T10:11:46.164592+00:00,thumbnail_download,-Wh5SSCnmL0,ronaldo,0.0605,1,ok,
20260707T100811_a53ac0,2026-07-07T10:11:46.206783+00:00,video_stats_fetch,HAIPC4di0OU,ronaldo,0.0421,1,ok,
20260707T100811_a53ac0,2026-07-07T10:11:46.253825+00:00,channel_stats_fetch,HAIPC4di0OU,ronaldo,0.0469,1,ok,
20260707T100811_a53ac0,2026-07-07T10:11:46.253939+00:00,transcript_fetch,HAIPC4di0OU,ronaldo,0.0,1,skip,no_transcript
20260707T100811_a53ac0,2026-07-07T10:11:46.346200+00:00,thumbnail_download,HAIPC4di0OU,ronaldo,0.0922,1,ok,
20260707T100811_a53ac0,2026-07-07T10:11:59.389782+00:00,llm_batch_call,,ronaldo,13.0429,5,ok,
20260707T100811_a53ac0,2026-07-07T10:11:59.390239+00:00,csv_write,_J1lZALRodY,ronaldo,0.0,1,ok,video_row
20260707T100811_a53ac0,2026-07-07T10:11:59.675756+00:00,comment_page_fetch,_J1lZALRodY,ronaldo,0.2854,98,ok,page=1
20260707T100811_a53ac0,2026-07-07T10:11:59.678729+00:00,csv_write,_J1lZALRodY,ronaldo,0.0021,98,ok,comment_rows
20260707T100811_a53ac0,2026-07-07T10:11:59.680360+00:00,csv_write,VZfwFRMZPWE,ronaldo,0.0005,1,ok,video_row
20260707T100811_a53ac0,2026-07-07T10:11:59.840055+00:00,comment_page_fetch,VZfwFRMZPWE,ronaldo,0.1593,100,ok,page=1
20260707T100811_a53ac0,2026-07-07T10:11:59.842265+00:00,csv_write,VZfwFRMZPWE,ronaldo,0.0016,100,ok,comment_rows
20260707T100811_a53ac0,2026-07-07T10:11:59.946751+00:00,comment_page_fetch,VZfwFRMZPWE,ronaldo,0.1044,47,ok,page=2
20260707T100811_a53ac0,2026-07-07T10:11:59.947814+00:00,csv_write,VZfwFRMZPWE,ronaldo,0.0007,47,ok,comment_rows
20260707T100811_a53ac0,2026-07-07T10:11:59.948538+00:00,csv_write,xhK1tFIrMMo,ronaldo,0.0001,1,ok,video_row
20260707T100811_a53ac0,2026-07-07T10:12:00.044954+00:00,comment_page_fetch,xhK1tFIrMMo,ronaldo,0.0962,100,ok,page=1
20260707T100811_a53ac0,2026-07-07T10:12:00.046331+00:00,csv_write,xhK1tFIrMMo,ronaldo,0.0009,100,ok,comment_rows
20260707T100811_a53ac0,2026-07-07T10:12:00.175043+00:00,comment_page_fetch,xhK1tFIrMMo,ronaldo,0.1287,100,ok,page=2
20260707T100811_a53ac0,2026-07-07T10:12:00.175349+00:00,csv_write,xhK1tFIrMMo,ronaldo,0.0002,100,ok,comment_rows
20260707T100811_a53ac0,2026-07-07T10:12:00.295465+00:00,comment_page_fetch,xhK1tFIrMMo,ronaldo,0.1201,100,ok,page=3
20260707T100811_a53ac0,2026-07-07T10:12:00.295760+00:00,csv_write,xhK1tFIrMMo,ronaldo,0.0002,100,ok,comment_rows
20260707T100811_a53ac0,2026-07-07T10:12:00.443883+00:00,comment_page_fetch,xhK1tFIrMMo,ronaldo,0.1481,100,ok,page=4
20260707T100811_a53ac0,2026-07-07T10:12:00.444211+00:00,csv_write,xhK1tFIrMMo,ronaldo,0.0002,100,ok,comment_rows
20260707T100811_a53ac0,2026-07-07T10:12:00.591892+00:00,comment_page_fetch,xhK1tFIrMMo,ronaldo,0.1476,100,ok,page=5
20260707T100811_a53ac0,2026-07-07T10:12:00.593411+00:00,csv_write,xhK1tFIrMMo,ronaldo,0.001,100,ok,comment_rows
20260707T100811_a53ac0,2026-07-07T10:12:00.778353+00:00,comment_page_fetch,xhK1tFIrMMo,ronaldo,0.1849,100,ok,page=6
20260707T100811_a53ac0,2026-07-07T10:12:00.779724+00:00,csv_write,xhK1tFIrMMo,ronaldo,0.0009,100,ok,comment_rows
20260707T100811_a53ac0,2026-07-07T10:12:00.926628+00:00,comment_page_fetch,xhK1tFIrMMo,ronaldo,0.1468,100,ok,page=7
20260707T100811_a53ac0,2026-07-07T10:12:00.928051+00:00,csv_write,xhK1tFIrMMo,ronaldo,0.0009,100,ok,comment_rows
20260707T100811_a53ac0,2026-07-07T10:12:01.087252+00:00,comment_page_fetch,xhK1tFIrMMo,ronaldo,0.1591,100,ok,page=8
20260707T100811_a53ac0,2026-07-07T10:12:01.087746+00:00,csv_write,xhK1tFIrMMo,ronaldo,0.0003,100,ok,comment_rows
20260707T100811_a53ac0,2026-07-07T10:12:01.260718+00:00,comment_page_fetch,xhK1tFIrMMo,ronaldo,0.1729,100,ok,page=9
20260707T100811_a53ac0,2026-07-07T10:12:01.264018+00:00,csv_write,xhK1tFIrMMo,ronaldo,0.0024,100,ok,comment_rows
20260707T100811_a53ac0,2026-07-07T10:12:01.408160+00:00,comment_page_fetch,xhK1tFIrMMo,ronaldo,0.144,100,ok,page=10
20260707T100811_a53ac0,2026-07-07T10:12:01.409293+00:00,csv_write,xhK1tFIrMMo,ronaldo,0.0003,100,ok,comment_rows
20260707T100811_a53ac0,2026-07-07T10:12:01.589205+00:00,comment_page_fetch,xhK1tFIrMMo,ronaldo,0.1799,100,ok,page=11
20260707T100811_a53ac0,2026-07-07T10:12:01.591767+00:00,csv_write,xhK1tFIrMMo,ronaldo,0.0016,100,ok,comment_rows
20260707T100811_a53ac0,2026-07-07T10:12:01.774317+00:00,comment_page_fetch,xhK1tFIrMMo,ronaldo,0.1824,100,ok,page=12
20260707T100811_a53ac0,2026-07-07T10:12:01.790133+00:00,csv_write,xhK1tFIrMMo,ronaldo,0.001,100,ok,comment_rows
20260707T100811_a53ac0,2026-07-07T10:12:01.993795+00:00,comment_page_fetch,xhK1tFIrMMo,ronaldo,0.2036,100,ok,page=13
20260707T100811_a53ac0,2026-07-07T10:12:01.995259+00:00,csv_write,xhK1tFIrMMo,ronaldo,0.0009,100,ok,comment_rows
20260707T100811_a53ac0,2026-07-07T10:12:02.193037+00:00,comment_page_fetch,xhK1tFIrMMo,ronaldo,0.1977,100,ok,page=14
20260707T100811_a53ac0,2026-07-07T10:12:02.195587+00:00,csv_write,xhK1tFIrMMo,ronaldo,0.0016,100,ok,comment_rows
20260707T100811_a53ac0,2026-07-07T10:12:02.378520+00:00,comment_page_fetch,xhK1tFIrMMo,ronaldo,0.1828,100,ok,page=15
20260707T100811_a53ac0,2026-07-07T10:12:02.379915+00:00,csv_write,xhK1tFIrMMo,ronaldo,0.0009,100,ok,comment_rows
20260707T100811_a53ac0,2026-07-07T10:12:02.564717+00:00,comment_page_fetch,xhK1tFIrMMo,ronaldo,0.1847,100,ok,page=16
20260707T100811_a53ac0,2026-07-07T10:12:02.566176+00:00,csv_write,xhK1tFIrMMo,ronaldo,0.0009,100,ok,comment_rows
20260707T100811_a53ac0,2026-07-07T10:12:02.765567+00:00,comment_page_fetch,xhK1tFIrMMo,ronaldo,0.1993,100,ok,page=17
20260707T100811_a53ac0,2026-07-07T10:12:02.766967+00:00,csv_write,xhK1tFIrMMo,ronaldo,0.0009,100,ok,comment_rows
20260707T100811_a53ac0,2026-07-07T10:12:02.967446+00:00,comment_page_fetch,xhK1tFIrMMo,ronaldo,0.2004,100,ok,page=18
20260707T100811_a53ac0,2026-07-07T10:12:02.968805+00:00,csv_write,xhK1tFIrMMo,ronaldo,0.0009,100,ok,comment_rows
20260707T100811_a53ac0,2026-07-07T10:12:03.122919+00:00,comment_page_fetch,xhK1tFIrMMo,ronaldo,0.154,100,ok,page=19
20260707T100811_a53ac0,2026-07-07T10:12:03.124292+00:00,csv_write,xhK1tFIrMMo,ronaldo,0.0009,100,ok,comment_rows
20260707T100811_a53ac0,2026-07-07T10:12:03.330578+00:00,comment_page_fetch,xhK1tFIrMMo,ronaldo,0.2062,100,ok,page=20
20260707T100811_a53ac0,2026-07-07T10:12:03.333421+00:00,csv_write,xhK1tFIrMMo,ronaldo,0.0019,100,ok,comment_rows
20260707T100811_a53ac0,2026-07-07T10:12:03.594834+00:00,comment_page_fetch,xhK1tFIrMMo,ronaldo,0.2613,100,ok,page=21
20260707T100811_a53ac0,2026-07-07T10:12:03.595367+00:00,csv_write,xhK1tFIrMMo,ronaldo,0.0003,100,ok,comment_rows
20260707T100811_a53ac0,2026-07-07T10:12:03.780621+00:00,comment_page_fetch,xhK1tFIrMMo,ronaldo,0.1852,100,ok,page=22
20260707T100811_a53ac0,2026-07-07T10:12:03.782001+00:00,csv_write,xhK1tFIrMMo,ronaldo,0.0009,100,ok,comment_rows
20260707T100811_a53ac0,2026-07-07T10:12:03.969618+00:00,comment_page_fetch,xhK1tFIrMMo,ronaldo,0.1876,100,ok,page=23
20260707T100811_a53ac0,2026-07-07T10:12:03.970913+00:00,csv_write,xhK1tFIrMMo,ronaldo,0.0008,100,ok,comment_rows
20260707T100811_a53ac0,2026-07-07T10:12:04.154310+00:00,comment_page_fetch,xhK1tFIrMMo,ronaldo,0.1833,100,ok,page=24
20260707T100811_a53ac0,2026-07-07T10:12:04.155732+00:00,csv_write,xhK1tFIrMMo,ronaldo,0.0009,100,ok,comment_rows
20260707T100811_a53ac0,2026-07-07T10:12:04.322089+00:00,comment_page_fetch,xhK1tFIrMMo,ronaldo,0.1663,100,ok,page=25
20260707T100811_a53ac0,2026-07-07T10:12:04.323496+00:00,csv_write,xhK1tFIrMMo,ronaldo,0.0009,100,ok,comment_rows
20260707T100811_a53ac0,2026-07-07T10:12:04.497310+00:00,comment_page_fetch,xhK1tFIrMMo,ronaldo,0.1737,100,ok,page=26
20260707T100811_a53ac0,2026-07-07T10:12:04.498637+00:00,csv_write,xhK1tFIrMMo,ronaldo,0.0002,100,ok,comment_rows
20260707T100811_a53ac0,2026-07-07T10:12:04.957448+00:00,comment_page_fetch,xhK1tFIrMMo,ronaldo,0.4588,100,ok,page=27
20260707T100811_a53ac0,2026-07-07T10:12:04.958872+00:00,csv_write,xhK1tFIrMMo,ronaldo,0.0009,100,ok,comment_rows
20260707T100811_a53ac0,2026-07-07T10:12:05.144799+00:00,comment_page_fetch,xhK1tFIrMMo,ronaldo,0.1859,100,ok,page=28
20260707T100811_a53ac0,2026-07-07T10:12:05.146183+00:00,csv_write,xhK1tFIrMMo,ronaldo,0.0009,100,ok,comment_rows
20260707T100811_a53ac0,2026-07-07T10:12:05.326810+00:00,comment_page_fetch,xhK1tFIrMMo,ronaldo,0.1806,100,ok,page=29
20260707T100811_a53ac0,2026-07-07T10:12:05.327806+00:00,csv_write,xhK1tFIrMMo,ronaldo,0.0006,100,ok,comment_rows
20260707T100811_a53ac0,2026-07-07T10:12:05.496413+00:00,comment_page_fetch,xhK1tFIrMMo,ronaldo,0.1686,100,ok,page=30
20260707T100811_a53ac0,2026-07-07T10:12:05.497785+00:00,csv_write,xhK1tFIrMMo,ronaldo,0.0009,100,ok,comment_rows
20260707T100811_a53ac0,2026-07-07T10:12:05.743663+00:00,comment_page_fetch,xhK1tFIrMMo,ronaldo,0.2458,100,ok,page=31
20260707T100811_a53ac0,2026-07-07T10:12:05.746150+00:00,csv_write,xhK1tFIrMMo,ronaldo,0.0015,100,ok,comment_rows
20260707T100811_a53ac0,2026-07-07T10:12:05.901001+00:00,comment_page_fetch,xhK1tFIrMMo,ronaldo,0.1547,100,ok,page=32
20260707T100811_a53ac0,2026-07-07T10:12:05.902344+00:00,csv_write,xhK1tFIrMMo,ronaldo,0.0009,100,ok,comment_rows
20260707T100811_a53ac0,2026-07-07T10:12:06.118139+00:00,comment_page_fetch,xhK1tFIrMMo,ronaldo,0.2157,100,ok,page=33
20260707T100811_a53ac0,2026-07-07T10:12:06.119558+00:00,csv_write,xhK1tFIrMMo,ronaldo,0.0009,100,ok,comment_rows
20260707T100811_a53ac0,2026-07-07T10:12:06.325294+00:00,comment_page_fetch,xhK1tFIrMMo,ronaldo,0.2057,100,ok,page=34
20260707T100811_a53ac0,2026-07-07T10:12:06.325562+00:00,csv_write,xhK1tFIrMMo,ronaldo,0.0002,100,ok,comment_rows
20260707T100811_a53ac0,2026-07-07T10:12:06.499914+00:00,comment_page_fetch,xhK1tFIrMMo,ronaldo,0.1743,100,ok,page=35
20260707T100811_a53ac0,2026-07-07T10:12:06.502621+00:00,csv_write,xhK1tFIrMMo,ronaldo,0.0018,100,ok,comment_rows
20260707T100811_a53ac0,2026-07-07T10:12:06.689611+00:00,comment_page_fetch,xhK1tFIrMMo,ronaldo,0.1869,100,ok,page=36
20260707T100811_a53ac0,2026-07-07T10:12:06.691198+00:00,csv_write,xhK1tFIrMMo,ronaldo,0.0011,100,ok,comment_rows
20260707T100811_a53ac0,2026-07-07T10:12:06.868513+00:00,comment_page_fetch,xhK1tFIrMMo,ronaldo,0.1772,100,ok,page=37
20260707T100811_a53ac0,2026-07-07T10:12:06.869880+00:00,csv_write,xhK1tFIrMMo,ronaldo,0.0009,100,ok,comment_rows
20260707T100811_a53ac0,2026-07-07T10:12:07.083886+00:00,comment_page_fetch,xhK1tFIrMMo,ronaldo,0.2139,100,ok,page=38
20260707T100811_a53ac0,2026-07-07T10:12:07.085286+00:00,csv_write,xhK1tFIrMMo,ronaldo,0.0009,100,ok,comment_rows
20260707T100811_a53ac0,2026-07-07T10:12:07.295286+00:00,comment_page_fetch,xhK1tFIrMMo,ronaldo,0.2099,100,ok,page=39
20260707T100811_a53ac0,2026-07-07T10:12:07.298075+00:00,csv_write,xhK1tFIrMMo,ronaldo,0.0017,100,ok,comment_rows
20260707T100811_a53ac0,2026-07-07T10:12:07.521773+00:00,comment_page_fetch,xhK1tFIrMMo,ronaldo,0.2236,100,ok,page=40
20260707T100811_a53ac0,2026-07-07T10:12:07.522506+00:00,csv_write,xhK1tFIrMMo,ronaldo,0.0005,100,ok,comment_rows
20260707T100811_a53ac0,2026-07-07T10:12:07.934839+00:00,comment_page_fetch,xhK1tFIrMMo,ronaldo,0.4123,100,ok,page=41
20260707T100811_a53ac0,2026-07-07T10:12:07.935406+00:00,csv_write,xhK1tFIrMMo,ronaldo,0.0003,100,ok,comment_rows
20260707T100811_a53ac0,2026-07-07T10:12:08.101115+00:00,comment_page_fetch,xhK1tFIrMMo,ronaldo,0.1657,100,ok,page=42
20260707T100811_a53ac0,2026-07-07T10:12:08.102556+00:00,csv_write,xhK1tFIrMMo,ronaldo,0.0009,100,ok,comment_rows
20260707T100811_a53ac0,2026-07-07T10:12:08.354832+00:00,comment_page_fetch,xhK1tFIrMMo,ronaldo,0.2522,100,ok,page=43
20260707T100811_a53ac0,2026-07-07T10:12:08.356248+00:00,csv_write,xhK1tFIrMMo,ronaldo,0.0009,100,ok,comment_rows
20260707T100811_a53ac0,2026-07-07T10:12:08.581703+00:00,comment_page_fetch,xhK1tFIrMMo,ronaldo,0.2254,100,ok,page=44
20260707T100811_a53ac0,2026-07-07T10:12:08.583130+00:00,csv_write,xhK1tFIrMMo,ronaldo,0.0009,100,ok,comment_rows
20260707T100811_a53ac0,2026-07-07T10:12:08.789559+00:00,comment_page_fetch,xhK1tFIrMMo,ronaldo,0.2064,100,ok,page=45
20260707T100811_a53ac0,2026-07-07T10:12:08.790947+00:00,csv_write,xhK1tFIrMMo,ronaldo,0.0009,100,ok,comment_rows
20260707T100811_a53ac0,2026-07-07T10:12:09.095018+00:00,comment_page_fetch,xhK1tFIrMMo,ronaldo,0.304,100,ok,page=46
20260707T100811_a53ac0,2026-07-07T10:12:09.096428+00:00,csv_write,xhK1tFIrMMo,ronaldo,0.0009,100,ok,comment_rows
20260707T100811_a53ac0,2026-07-07T10:12:09.356003+00:00,comment_page_fetch,xhK1tFIrMMo,ronaldo,0.2595,100,ok,page=47
20260707T100811_a53ac0,2026-07-07T10:12:09.357390+00:00,csv_write,xhK1tFIrMMo,ronaldo,0.0009,100,ok,comment_rows
20260707T100811_a53ac0,2026-07-07T10:12:09.535461+00:00,comment_page_fetch,xhK1tFIrMMo,ronaldo,0.178,100,ok,page=48
20260707T100811_a53ac0,2026-07-07T10:12:09.535935+00:00,csv_write,xhK1tFIrMMo,ronaldo,0.0003,100,ok,comment_rows
20260707T100811_a53ac0,2026-07-07T10:12:09.710693+00:00,comment_page_fetch,xhK1tFIrMMo,ronaldo,0.1747,100,ok,page=49
20260707T100811_a53ac0,2026-07-07T10:12:09.712122+00:00,csv_write,xhK1tFIrMMo,ronaldo,0.0009,100,ok,comment_rows
20260707T100811_a53ac0,2026-07-07T10:12:09.956128+00:00,comment_page_fetch,xhK1tFIrMMo,ronaldo,0.2439,100,ok,page=50
20260707T100811_a53ac0,2026-07-07T10:12:09.957508+00:00,csv_write,xhK1tFIrMMo,ronaldo,0.0009,100,ok,comment_rows
20260707T100811_a53ac0,2026-07-07T10:12:10.235638+00:00,comment_page_fetch,xhK1tFIrMMo,ronaldo,0.2781,100,ok,page=51
20260707T100811_a53ac0,2026-07-07T10:12:10.237051+00:00,csv_write,xhK1tFIrMMo,ronaldo,0.0009,100,ok,comment_rows
20260707T100811_a53ac0,2026-07-07T10:12:10.427678+00:00,comment_page_fetch,xhK1tFIrMMo,ronaldo,0.1906,100,ok,page=52
20260707T100811_a53ac0,2026-07-07T10:12:10.427979+00:00,csv_write,xhK1tFIrMMo,ronaldo,0.0002,100,ok,comment_rows
20260707T100811_a53ac0,2026-07-07T10:12:10.624808+00:00,comment_page_fetch,xhK1tFIrMMo,ronaldo,0.1968,100,ok,page=53
20260707T100811_a53ac0,2026-07-07T10:12:10.626219+00:00,csv_write,xhK1tFIrMMo,ronaldo,0.0009,100,ok,comment_rows
20260707T100811_a53ac0,2026-07-07T10:12:10.854503+00:00,comment_page_fetch,xhK1tFIrMMo,ronaldo,0.2282,100,ok,page=54
20260707T100811_a53ac0,2026-07-07T10:12:10.855847+00:00,csv_write,xhK1tFIrMMo,ronaldo,0.0009,100,ok,comment_rows
20260707T100811_a53ac0,2026-07-07T10:12:11.029617+00:00,comment_page_fetch,xhK1tFIrMMo,ronaldo,0.1737,100,ok,page=55
20260707T100811_a53ac0,2026-07-07T10:12:11.031074+00:00,csv_write,xhK1tFIrMMo,ronaldo,0.001,100,ok,comment_rows
20260707T100811_a53ac0,2026-07-07T10:12:11.227777+00:00,comment_page_fetch,xhK1tFIrMMo,ronaldo,0.1966,100,ok,page=56
20260707T100811_a53ac0,2026-07-07T10:12:11.229232+00:00,csv_write,xhK1tFIrMMo,ronaldo,0.0009,100,ok,comment_rows
20260707T100811_a53ac0,2026-07-07T10:12:11.494609+00:00,comment_page_fetch,xhK1tFIrMMo,ronaldo,0.2653,100,ok,page=57
20260707T100811_a53ac0,2026-07-07T10:12:11.494938+00:00,csv_write,xhK1tFIrMMo,ronaldo,0.0002,100,ok,comment_rows
20260707T100811_a53ac0,2026-07-07T10:12:11.789873+00:00,comment_page_fetch,xhK1tFIrMMo,ronaldo,0.2949,100,ok,page=58
20260707T100811_a53ac0,2026-07-07T10:12:11.791264+00:00,csv_write,xhK1tFIrMMo,ronaldo,0.0009,100,ok,comment_rows
20260707T100811_a53ac0,2026-07-07T10:12:12.112835+00:00,comment_page_fetch,xhK1tFIrMMo,ronaldo,0.3215,100,ok,page=59
20260707T100811_a53ac0,2026-07-07T10:12:12.114333+00:00,csv_write,xhK1tFIrMMo,ronaldo,0.001,100,ok,comment_rows
20260707T100811_a53ac0,2026-07-07T10:12:12.367332+00:00,comment_page_fetch,xhK1tFIrMMo,ronaldo,0.2529,100,ok,page=60
20260707T100811_a53ac0,2026-07-07T10:12:12.368728+00:00,csv_write,xhK1tFIrMMo,ronaldo,0.0009,100,ok,comment_rows
20260707T100811_a53ac0,2026-07-07T10:12:12.539725+00:00,comment_page_fetch,xhK1tFIrMMo,ronaldo,0.1709,100,ok,page=61
20260707T100811_a53ac0,2026-07-07T10:12:12.541223+00:00,csv_write,xhK1tFIrMMo,ronaldo,0.001,100,ok,comment_rows
20260707T100811_a53ac0,2026-07-07T10:12:12.713902+00:00,comment_page_fetch,xhK1tFIrMMo,ronaldo,0.1726,100,ok,page=62
20260707T100811_a53ac0,2026-07-07T10:12:12.714378+00:00,csv_write,xhK1tFIrMMo,ronaldo,0.0003,100,ok,comment_rows
20260707T100811_a53ac0,2026-07-07T10:12:12.874852+00:00,comment_page_fetch,xhK1tFIrMMo,ronaldo,0.1604,100,ok,page=63
20260707T100811_a53ac0,2026-07-07T10:12:12.876248+00:00,csv_write,xhK1tFIrMMo,ronaldo,0.0009,100,ok,comment_rows
20260707T100811_a53ac0,2026-07-07T10:12:13.041107+00:00,comment_page_fetch,xhK1tFIrMMo,ronaldo,0.1648,100,ok,page=64
20260707T100811_a53ac0,2026-07-07T10:12:13.042506+00:00,csv_write,xhK1tFIrMMo,ronaldo,0.0009,100,ok,comment_rows
20260707T100811_a53ac0,2026-07-07T10:12:13.226694+00:00,comment_page_fetch,xhK1tFIrMMo,ronaldo,0.1841,100,ok,page=65
20260707T100811_a53ac0,2026-07-07T10:12:13.228226+00:00,csv_write,xhK1tFIrMMo,ronaldo,0.001,100,ok,comment_rows
20260707T100811_a53ac0,2026-07-07T10:12:13.485742+00:00,comment_page_fetch,xhK1tFIrMMo,ronaldo,0.2574,100,ok,page=66
20260707T100811_a53ac0,2026-07-07T10:12:13.486044+00:00,csv_write,xhK1tFIrMMo,ronaldo,0.0002,100,ok,comment_rows
20260707T100811_a53ac0,2026-07-07T10:12:13.680268+00:00,comment_page_fetch,xhK1tFIrMMo,ronaldo,0.1942,100,ok,page=67
20260707T100811_a53ac0,2026-07-07T10:12:13.681627+00:00,csv_write,xhK1tFIrMMo,ronaldo,0.0009,100,ok,comment_rows
20260707T100811_a53ac0,2026-07-07T10:12:13.958673+00:00,comment_page_fetch,xhK1tFIrMMo,ronaldo,0.277,100,ok,page=68
20260707T100811_a53ac0,2026-07-07T10:12:13.959178+00:00,csv_write,xhK1tFIrMMo,ronaldo,0.0003,100,ok,comment_rows
20260707T100811_a53ac0,2026-07-07T10:12:14.116479+00:00,comment_page_fetch,xhK1tFIrMMo,ronaldo,0.1573,100,ok,page=69
20260707T100811_a53ac0,2026-07-07T10:12:14.116856+00:00,csv_write,xhK1tFIrMMo,ronaldo,0.0002,100,ok,comment_rows
20260707T100811_a53ac0,2026-07-07T10:12:14.279538+00:00,comment_page_fetch,xhK1tFIrMMo,ronaldo,0.1627,100,ok,page=70
20260707T100811_a53ac0,2026-07-07T10:12:14.279834+00:00,csv_write,xhK1tFIrMMo,ronaldo,0.0002,100,ok,comment_rows
20260707T100811_a53ac0,2026-07-07T10:12:14.544831+00:00,comment_page_fetch,xhK1tFIrMMo,ronaldo,0.265,100,ok,page=71
20260707T100811_a53ac0,2026-07-07T10:12:14.545770+00:00,csv_write,xhK1tFIrMMo,ronaldo,0.0006,100,ok,comment_rows
20260707T100811_a53ac0,2026-07-07T10:12:14.696471+00:00,comment_page_fetch,xhK1tFIrMMo,ronaldo,0.1507,100,ok,page=72
20260707T100811_a53ac0,2026-07-07T10:12:14.696831+00:00,csv_write,xhK1tFIrMMo,ronaldo,0.0002,100,ok,comment_rows
20260707T100811_a53ac0,2026-07-07T10:12:14.879172+00:00,comment_page_fetch,xhK1tFIrMMo,ronaldo,0.1823,100,ok,page=73
20260707T100811_a53ac0,2026-07-07T10:12:14.880627+00:00,csv_write,xhK1tFIrMMo,ronaldo,0.0009,100,ok,comment_rows
20260707T100811_a53ac0,2026-07-07T10:12:15.320805+00:00,comment_page_fetch,xhK1tFIrMMo,ronaldo,0.4401,100,ok,page=74
20260707T100811_a53ac0,2026-07-07T10:12:15.322207+00:00,csv_write,xhK1tFIrMMo,ronaldo,0.0009,100,ok,comment_rows
20260707T100811_a53ac0,2026-07-07T10:12:15.481872+00:00,comment_page_fetch,xhK1tFIrMMo,ronaldo,0.1596,100,ok,page=75
20260707T100811_a53ac0,2026-07-07T10:12:15.482236+00:00,csv_write,xhK1tFIrMMo,ronaldo,0.0002,100,ok,comment_rows
20260707T100811_a53ac0,2026-07-07T10:12:15.707971+00:00,comment_page_fetch,xhK1tFIrMMo,ronaldo,0.2257,100,ok,page=76
20260707T100811_a53ac0,2026-07-07T10:12:15.709402+00:00,csv_write,xhK1tFIrMMo,ronaldo,0.0009,100,ok,comment_rows
20260707T100811_a53ac0,2026-07-07T10:12:15.858927+00:00,comment_page_fetch,xhK1tFIrMMo,ronaldo,0.1495,100,ok,page=77
20260707T100811_a53ac0,2026-07-07T10:12:15.860377+00:00,csv_write,xhK1tFIrMMo,ronaldo,0.0009,100,ok,comment_rows
20260707T100811_a53ac0,2026-07-07T10:12:16.034893+00:00,comment_page_fetch,xhK1tFIrMMo,ronaldo,0.1744,100,ok,page=78
20260707T100811_a53ac0,2026-07-07T10:12:16.036274+00:00,csv_write,xhK1tFIrMMo,ronaldo,0.0009,100,ok,comment_rows
20260707T100811_a53ac0,2026-07-07T10:12:16.244053+00:00,comment_page_fetch,xhK1tFIrMMo,ronaldo,0.2077,100,ok,page=79
20260707T100811_a53ac0,2026-07-07T10:12:16.245474+00:00,csv_write,xhK1tFIrMMo,ronaldo,0.0009,100,ok,comment_rows
20260707T100811_a53ac0,2026-07-07T10:12:16.410757+00:00,comment_page_fetch,xhK1tFIrMMo,ronaldo,0.1652,100,ok,page=80
20260707T100811_a53ac0,2026-07-07T10:12:16.412172+00:00,csv_write,xhK1tFIrMMo,ronaldo,0.001,100,ok,comment_rows
20260707T100811_a53ac0,2026-07-07T10:12:16.639709+00:00,comment_page_fetch,xhK1tFIrMMo,ronaldo,0.2273,100,ok,page=81
20260707T100811_a53ac0,2026-07-07T10:12:16.640068+00:00,csv_write,xhK1tFIrMMo,ronaldo,0.0002,100,ok,comment_rows
20260707T100811_a53ac0,2026-07-07T10:12:16.853737+00:00,comment_page_fetch,xhK1tFIrMMo,ronaldo,0.2137,100,ok,page=82
20260707T100811_a53ac0,2026-07-07T10:12:16.854074+00:00,csv_write,xhK1tFIrMMo,ronaldo,0.0002,100,ok,comment_rows
20260707T100811_a53ac0,2026-07-07T10:12:17.045825+00:00,comment_page_fetch,xhK1tFIrMMo,ronaldo,0.1917,100,ok,page=83
20260707T100811_a53ac0,2026-07-07T10:12:17.047285+00:00,csv_write,xhK1tFIrMMo,ronaldo,0.001,100,ok,comment_rows
20260707T100811_a53ac0,2026-07-07T10:12:17.228646+00:00,comment_page_fetch,xhK1tFIrMMo,ronaldo,0.1813,100,ok,page=84
20260707T100811_a53ac0,2026-07-07T10:12:17.229157+00:00,csv_write,xhK1tFIrMMo,ronaldo,0.0003,100,ok,comment_rows
20260707T100811_a53ac0,2026-07-07T10:12:17.432361+00:00,comment_page_fetch,xhK1tFIrMMo,ronaldo,0.2032,100,ok,page=85
20260707T100811_a53ac0,2026-07-07T10:12:17.432670+00:00,csv_write,xhK1tFIrMMo,ronaldo,0.0002,100,ok,comment_rows
20260707T100811_a53ac0,2026-07-07T10:12:17.608153+00:00,comment_page_fetch,xhK1tFIrMMo,ronaldo,0.1755,100,ok,page=86
20260707T100811_a53ac0,2026-07-07T10:12:17.609379+00:00,csv_write,xhK1tFIrMMo,ronaldo,0.0008,100,ok,comment_rows
20260707T100811_a53ac0,2026-07-07T10:12:17.910381+00:00,comment_page_fetch,xhK1tFIrMMo,ronaldo,0.3009,100,ok,page=87
20260707T100811_a53ac0,2026-07-07T10:12:17.911889+00:00,csv_write,xhK1tFIrMMo,ronaldo,0.001,100,ok,comment_rows
20260707T100811_a53ac0,2026-07-07T10:12:18.114204+00:00,comment_page_fetch,xhK1tFIrMMo,ronaldo,0.2022,100,ok,page=88
20260707T100811_a53ac0,2026-07-07T10:12:18.115653+00:00,csv_write,xhK1tFIrMMo,ronaldo,0.0009,100,ok,comment_rows
20260707T100811_a53ac0,2026-07-07T10:12:18.807235+00:00,comment_page_fetch,xhK1tFIrMMo,ronaldo,0.6915,100,ok,page=89
20260707T100811_a53ac0,2026-07-07T10:12:18.808690+00:00,csv_write,xhK1tFIrMMo,ronaldo,0.0009,100,ok,comment_rows
20260707T100811_a53ac0,2026-07-07T10:12:18.994830+00:00,comment_page_fetch,xhK1tFIrMMo,ronaldo,0.1861,100,ok,page=90
20260707T100811_a53ac0,2026-07-07T10:12:18.996261+00:00,csv_write,xhK1tFIrMMo,ronaldo,0.001,100,ok,comment_rows
20260707T100811_a53ac0,2026-07-07T10:12:19.191668+00:00,comment_page_fetch,xhK1tFIrMMo,ronaldo,0.1953,100,ok,page=91
20260707T100811_a53ac0,2026-07-07T10:12:19.193104+00:00,csv_write,xhK1tFIrMMo,ronaldo,0.0009,100,ok,comment_rows
20260707T100811_a53ac0,2026-07-07T10:12:19.410457+00:00,comment_page_fetch,xhK1tFIrMMo,ronaldo,0.2173,100,ok,page=92
20260707T100811_a53ac0,2026-07-07T10:12:19.411854+00:00,csv_write,xhK1tFIrMMo,ronaldo,0.0009,100,ok,comment_rows
20260707T100811_a53ac0,2026-07-07T10:12:19.598621+00:00,comment_page_fetch,xhK1tFIrMMo,ronaldo,0.1867,100,ok,page=93
20260707T100811_a53ac0,2026-07-07T10:12:19.599999+00:00,csv_write,xhK1tFIrMMo,ronaldo,0.0009,100,ok,comment_rows
20260707T100811_a53ac0,2026-07-07T10:12:19.762492+00:00,comment_page_fetch,xhK1tFIrMMo,ronaldo,0.1624,100,ok,page=94
20260707T100811_a53ac0,2026-07-07T10:12:19.763844+00:00,csv_write,xhK1tFIrMMo,ronaldo,0.0009,100,ok,comment_rows
20260707T100811_a53ac0,2026-07-07T10:12:19.968547+00:00,comment_page_fetch,xhK1tFIrMMo,ronaldo,0.2046,100,ok,page=95
20260707T100811_a53ac0,2026-07-07T10:12:19.969901+00:00,csv_write,xhK1tFIrMMo,ronaldo,0.0009,100,ok,comment_rows
20260707T100811_a53ac0,2026-07-07T10:12:20.212485+00:00,comment_page_fetch,xhK1tFIrMMo,ronaldo,0.2425,100,ok,page=96
20260707T100811_a53ac0,2026-07-07T10:12:20.213914+00:00,csv_write,xhK1tFIrMMo,ronaldo,0.0009,100,ok,comment_rows
20260707T100811_a53ac0,2026-07-07T10:12:20.407610+00:00,comment_page_fetch,xhK1tFIrMMo,ronaldo,0.1936,100,ok,page=97
20260707T100811_a53ac0,2026-07-07T10:12:20.409009+00:00,csv_write,xhK1tFIrMMo,ronaldo,0.0009,100,ok,comment_rows
20260707T100811_a53ac0,2026-07-07T10:12:20.652582+00:00,comment_page_fetch,xhK1tFIrMMo,ronaldo,0.2435,100,ok,page=98
20260707T100811_a53ac0,2026-07-07T10:12:20.653140+00:00,csv_write,xhK1tFIrMMo,ronaldo,0.0004,100,ok,comment_rows
20260707T100811_a53ac0,2026-07-07T10:12:20.883419+00:00,comment_page_fetch,xhK1tFIrMMo,ronaldo,0.2302,100,ok,page=99
20260707T100811_a53ac0,2026-07-07T10:12:20.884836+00:00,csv_write,xhK1tFIrMMo,ronaldo,0.0009,100,ok,comment_rows
20260707T100811_a53ac0,2026-07-07T10:12:21.052984+00:00,comment_page_fetch,xhK1tFIrMMo,ronaldo,0.1681,100,ok,page=100
20260707T100811_a53ac0,2026-07-07T10:12:21.054449+00:00,csv_write,xhK1tFIrMMo,ronaldo,0.001,100,ok,comment_rows
20260707T100811_a53ac0,2026-07-07T10:12:21.240309+00:00,comment_page_fetch,xhK1tFIrMMo,ronaldo,0.1858,100,ok,page=101
20260707T100811_a53ac0,2026-07-07T10:12:21.241718+00:00,csv_write,xhK1tFIrMMo,ronaldo,0.0009,100,ok,comment_rows
20260707T100811_a53ac0,2026-07-07T10:12:21.850716+00:00,comment_page_fetch,xhK1tFIrMMo,ronaldo,0.6089,100,ok,page=102
20260707T100811_a53ac0,2026-07-07T10:12:21.852080+00:00,csv_write,xhK1tFIrMMo,ronaldo,0.0009,100,ok,comment_rows
20260707T100811_a53ac0,2026-07-07T10:12:22.049183+00:00,comment_page_fetch,xhK1tFIrMMo,ronaldo,0.197,100,ok,page=103
20260707T100811_a53ac0,2026-07-07T10:12:22.050608+00:00,csv_write,xhK1tFIrMMo,ronaldo,0.0009,100,ok,comment_rows
20260707T100811_a53ac0,2026-07-07T10:12:22.240911+00:00,comment_page_fetch,xhK1tFIrMMo,ronaldo,0.1902,100,ok,page=104
20260707T100811_a53ac0,2026-07-07T10:12:22.242398+00:00,csv_write,xhK1tFIrMMo,ronaldo,0.0009,100,ok,comment_rows
20260707T100811_a53ac0,2026-07-07T10:12:22.428357+00:00,comment_page_fetch,xhK1tFIrMMo,ronaldo,0.1859,100,ok,page=105
20260707T100811_a53ac0,2026-07-07T10:12:22.429787+00:00,csv_write,xhK1tFIrMMo,ronaldo,0.0009,100,ok,comment_rows
20260707T100811_a53ac0,2026-07-07T10:12:22.672420+00:00,comment_page_fetch,xhK1tFIrMMo,ronaldo,0.2426,100,ok,page=106
20260707T100811_a53ac0,2026-07-07T10:12:22.673870+00:00,csv_write,xhK1tFIrMMo,ronaldo,0.001,100,ok,comment_rows
20260707T100811_a53ac0,2026-07-07T10:12:22.835493+00:00,comment_page_fetch,xhK1tFIrMMo,ronaldo,0.1616,100,ok,page=107
20260707T100811_a53ac0,2026-07-07T10:12:22.835834+00:00,csv_write,xhK1tFIrMMo,ronaldo,0.0002,100,ok,comment_rows
20260707T100811_a53ac0,2026-07-07T10:12:23.005315+00:00,comment_page_fetch,xhK1tFIrMMo,ronaldo,0.1695,100,ok,page=108
20260707T100811_a53ac0,2026-07-07T10:12:23.006136+00:00,csv_write,xhK1tFIrMMo,ronaldo,0.0005,100,ok,comment_rows
20260707T100811_a53ac0,2026-07-07T10:12:23.184698+00:00,comment_page_fetch,xhK1tFIrMMo,ronaldo,0.1785,100,ok,page=109
20260707T100811_a53ac0,2026-07-07T10:12:23.187135+00:00,csv_write,xhK1tFIrMMo,ronaldo,0.0015,100,ok,comment_rows
20260707T100811_a53ac0,2026-07-07T10:12:23.357379+00:00,comment_page_fetch,xhK1tFIrMMo,ronaldo,0.1701,100,ok,page=110
20260707T100811_a53ac0,2026-07-07T10:12:23.358774+00:00,csv_write,xhK1tFIrMMo,ronaldo,0.0009,100,ok,comment_rows
20260707T100811_a53ac0,2026-07-07T10:12:23.548999+00:00,comment_page_fetch,xhK1tFIrMMo,ronaldo,0.1902,100,ok,page=111
20260707T100811_a53ac0,2026-07-07T10:12:23.550454+00:00,csv_write,xhK1tFIrMMo,ronaldo,0.001,100,ok,comment_rows
20260707T100811_a53ac0,2026-07-07T10:12:23.937635+00:00,comment_page_fetch,xhK1tFIrMMo,ronaldo,0.3871,100,ok,page=112
20260707T100811_a53ac0,2026-07-07T10:12:23.939076+00:00,csv_write,xhK1tFIrMMo,ronaldo,0.0009,100,ok,comment_rows
20260707T100811_a53ac0,2026-07-07T10:12:24.125131+00:00,comment_page_fetch,xhK1tFIrMMo,ronaldo,0.186,100,ok,page=113
20260707T100811_a53ac0,2026-07-07T10:12:24.126553+00:00,csv_write,xhK1tFIrMMo,ronaldo,0.0009,100,ok,comment_rows
20260707T100811_a53ac0,2026-07-07T10:12:24.368853+00:00,comment_page_fetch,xhK1tFIrMMo,ronaldo,0.2422,100,ok,page=114
20260707T100811_a53ac0,2026-07-07T10:12:24.370219+00:00,csv_write,xhK1tFIrMMo,ronaldo,0.0009,100,ok,comment_rows
20260707T100811_a53ac0,2026-07-07T10:12:24.563517+00:00,comment_page_fetch,xhK1tFIrMMo,ronaldo,0.1932,82,ok,page=115
20260707T100811_a53ac0,2026-07-07T10:12:24.564708+00:00,csv_write,xhK1tFIrMMo,ronaldo,0.0008,82,ok,comment_rows
20260707T100811_a53ac0,2026-07-07T10:12:24.565468+00:00,csv_write,-Wh5SSCnmL0,ronaldo,0.0001,1,ok,video_row
20260707T100811_a53ac0,2026-07-07T10:12:24.682807+00:00,comment_page_fetch,-Wh5SSCnmL0,ronaldo,0.1171,100,ok,page=1
20260707T100811_a53ac0,2026-07-07T10:12:24.684372+00:00,csv_write,-Wh5SSCnmL0,ronaldo,0.0011,100,ok,comment_rows
20260707T100811_a53ac0,2026-07-07T10:12:24.809901+00:00,comment_page_fetch,-Wh5SSCnmL0,ronaldo,0.1255,100,ok,page=2
20260707T100811_a53ac0,2026-07-07T10:12:24.811444+00:00,csv_write,-Wh5SSCnmL0,ronaldo,0.0011,100,ok,comment_rows
20260707T100811_a53ac0,2026-07-07T10:12:24.924483+00:00,comment_page_fetch,-Wh5SSCnmL0,ronaldo,0.113,100,ok,page=3
20260707T100811_a53ac0,2026-07-07T10:12:24.926137+00:00,csv_write,-Wh5SSCnmL0,ronaldo,0.0011,100,ok,comment_rows
20260707T100811_a53ac0,2026-07-07T10:12:25.046229+00:00,comment_page_fetch,-Wh5SSCnmL0,ronaldo,0.12,100,ok,page=4
20260707T100811_a53ac0,2026-07-07T10:12:25.047827+00:00,csv_write,-Wh5SSCnmL0,ronaldo,0.0011,100,ok,comment_rows
20260707T100811_a53ac0,2026-07-07T10:12:25.176288+00:00,comment_page_fetch,-Wh5SSCnmL0,ronaldo,0.1284,100,ok,page=5
20260707T100811_a53ac0,2026-07-07T10:12:25.177909+00:00,csv_write,-Wh5SSCnmL0,ronaldo,0.0011,100,ok,comment_rows
20260707T100811_a53ac0,2026-07-07T10:12:25.289265+00:00,comment_page_fetch,-Wh5SSCnmL0,ronaldo,0.1113,100,ok,page=6
20260707T100811_a53ac0,2026-07-07T10:12:25.290800+00:00,csv_write,-Wh5SSCnmL0,ronaldo,0.0011,100,ok,comment_rows
20260707T100811_a53ac0,2026-07-07T10:12:25.387518+00:00,comment_page_fetch,-Wh5SSCnmL0,ronaldo,0.0967,100,ok,page=7
20260707T100811_a53ac0,2026-07-07T10:12:25.388699+00:00,csv_write,-Wh5SSCnmL0,ronaldo,0.0008,100,ok,comment_rows
20260707T100811_a53ac0,2026-07-07T10:12:25.530755+00:00,comment_page_fetch,-Wh5SSCnmL0,ronaldo,0.142,100,ok,page=8
20260707T100811_a53ac0,2026-07-07T10:12:25.532332+00:00,csv_write,-Wh5SSCnmL0,ronaldo,0.0011,100,ok,comment_rows
20260707T100811_a53ac0,2026-07-07T10:12:25.636889+00:00,comment_page_fetch,-Wh5SSCnmL0,ronaldo,0.1045,32,ok,page=9
20260707T100811_a53ac0,2026-07-07T10:12:25.637547+00:00,csv_write,-Wh5SSCnmL0,ronaldo,0.0004,32,ok,comment_rows
20260707T100811_a53ac0,2026-07-07T10:12:25.680471+00:00,video_stats_fetch,moRX1XoBUFo,ronaldo,0.0425,1,ok,
20260707T100811_a53ac0,2026-07-07T10:12:25.748383+00:00,channel_stats_fetch,moRX1XoBUFo,ronaldo,0.0678,1,ok,
20260707T100811_a53ac0,2026-07-07T10:12:25.748414+00:00,transcript_fetch,moRX1XoBUFo,ronaldo,0.0,1,skip,no_transcript
20260707T100811_a53ac0,2026-07-07T10:12:25.810869+00:00,thumbnail_download,moRX1XoBUFo,ronaldo,0.0624,1,ok,
20260707T100811_a53ac0,2026-07-07T10:12:25.987322+00:00,video_stats_fetch,TzRWZk55ig0,ronaldo,0.1763,1,ok,
20260707T100811_a53ac0,2026-07-07T10:12:26.047473+00:00,channel_stats_fetch,TzRWZk55ig0,ronaldo,0.06,1,ok,
20260707T100811_a53ac0,2026-07-07T10:12:26.047593+00:00,transcript_fetch,TzRWZk55ig0,ronaldo,0.0,1,skip,no_transcript
20260707T100811_a53ac0,2026-07-07T10:12:26.174427+00:00,thumbnail_download,TzRWZk55ig0,ronaldo,0.1268,1,ok,
20260707T100811_a53ac0,2026-07-07T10:12:26.226231+00:00,video_stats_fetch,4cglzJzLWw4,ronaldo,0.0517,1,ok,
20260707T100811_a53ac0,2026-07-07T10:12:26.270346+00:00,channel_stats_fetch,4cglzJzLWw4,ronaldo,0.044,1,ok,
20260707T100811_a53ac0,2026-07-07T10:12:26.270466+00:00,transcript_fetch,4cglzJzLWw4,ronaldo,0.0,1,skip,no_transcript
20260707T100811_a53ac0,2026-07-07T10:12:26.348789+00:00,thumbnail_download,4cglzJzLWw4,ronaldo,0.0783,1,ok,
20260707T100811_a53ac0,2026-07-07T10:12:26.402583+00:00,video_stats_fetch,_k2t_VqemBI,ronaldo,0.0537,1,ok,
20260707T100811_a53ac0,2026-07-07T10:12:26.446547+00:00,channel_stats_fetch,_k2t_VqemBI,ronaldo,0.0438,1,ok,
20260707T100811_a53ac0,2026-07-07T10:12:26.446663+00:00,transcript_fetch,_k2t_VqemBI,ronaldo,0.0,1,skip,no_transcript
20260707T100811_a53ac0,2026-07-07T10:12:26.537026+00:00,thumbnail_download,_k2t_VqemBI,ronaldo,0.0903,1,ok,
20260707T100811_a53ac0,2026-07-07T10:12:26.593812+00:00,video_stats_fetch,qNiqD__NzNw,ronaldo,0.0566,1,ok,
20260707T100811_a53ac0,2026-07-07T10:12:26.638836+00:00,channel_stats_fetch,qNiqD__NzNw,ronaldo,0.0448,1,ok,
20260707T100811_a53ac0,2026-07-07T10:12:26.638958+00:00,transcript_fetch,qNiqD__NzNw,ronaldo,0.0,1,skip,no_transcript
20260707T100811_a53ac0,2026-07-07T10:12:26.725381+00:00,thumbnail_download,qNiqD__NzNw,ronaldo,0.0864,1,ok,
20260707T100811_a53ac0,2026-07-07T10:12:39.759576+00:00,llm_batch_call,,ronaldo,13.0336,5,ok,
20260707T100811_a53ac0,2026-07-07T10:12:39.759916+00:00,csv_write,moRX1XoBUFo,ronaldo,0.0,1,ok,video_row
20260707T100811_a53ac0,2026-07-07T10:12:39.947615+00:00,comment_page_fetch,moRX1XoBUFo,ronaldo,0.1876,100,ok,page=1
20260707T100811_a53ac0,2026-07-07T10:12:39.948183+00:00,csv_write,moRX1XoBUFo,ronaldo,0.0004,100,ok,comment_rows
20260707T100811_a53ac0,2026-07-07T10:12:40.134591+00:00,comment_page_fetch,moRX1XoBUFo,ronaldo,0.1864,100,ok,page=2
20260707T100811_a53ac0,2026-07-07T10:12:40.135417+00:00,csv_write,moRX1XoBUFo,ronaldo,0.0006,100,ok,comment_rows
20260707T100811_a53ac0,2026-07-07T10:12:40.292421+00:00,comment_page_fetch,moRX1XoBUFo,ronaldo,0.157,100,ok,page=3
20260707T100811_a53ac0,2026-07-07T10:12:40.293865+00:00,csv_write,moRX1XoBUFo,ronaldo,0.0005,100,ok,comment_rows
20260707T100811_a53ac0,2026-07-07T10:12:40.507144+00:00,comment_page_fetch,moRX1XoBUFo,ronaldo,0.2132,100,ok,page=4
20260707T100811_a53ac0,2026-07-07T10:12:40.508778+00:00,csv_write,moRX1XoBUFo,ronaldo,0.0011,100,ok,comment_rows
20260707T100811_a53ac0,2026-07-07T10:12:40.658177+00:00,comment_page_fetch,moRX1XoBUFo,ronaldo,0.1493,100,ok,page=5
20260707T100811_a53ac0,2026-07-07T10:12:40.660462+00:00,csv_write,moRX1XoBUFo,ronaldo,0.0013,100,ok,comment_rows
20260707T100811_a53ac0,2026-07-07T10:12:40.809678+00:00,comment_page_fetch,moRX1XoBUFo,ronaldo,0.1491,75,ok,page=6
20260707T100811_a53ac0,2026-07-07T10:12:40.810496+00:00,csv_write,moRX1XoBUFo,ronaldo,0.0005,75,ok,comment_rows
20260707T100811_a53ac0,2026-07-07T10:12:40.810890+00:00,csv_write,TzRWZk55ig0,ronaldo,0.0,1,ok,video_row
20260707T100811_a53ac0,2026-07-07T10:12:40.890860+00:00,comment_page_fetch,TzRWZk55ig0,ronaldo,0.0798,2,ok,page=1
20260707T100811_a53ac0,2026-07-07T10:12:40.891298+00:00,csv_write,TzRWZk55ig0,ronaldo,0.0001,2,ok,comment_rows
20260707T100811_a53ac0,2026-07-07T10:12:40.892212+00:00,csv_write,4cglzJzLWw4,ronaldo,0.0001,1,ok,video_row
20260707T100811_a53ac0,2026-07-07T10:12:41.063965+00:00,comment_page_fetch,4cglzJzLWw4,ronaldo,0.1715,100,ok,page=1
20260707T100811_a53ac0,2026-07-07T10:12:41.064344+00:00,csv_write,4cglzJzLWw4,ronaldo,0.0003,100,ok,comment_rows
20260707T100811_a53ac0,2026-07-07T10:12:41.244395+00:00,comment_page_fetch,4cglzJzLWw4,ronaldo,0.18,100,ok,page=2
20260707T100811_a53ac0,2026-07-07T10:12:41.246017+00:00,csv_write,4cglzJzLWw4,ronaldo,0.0012,100,ok,comment_rows
20260707T100811_a53ac0,2026-07-07T10:12:41.413964+00:00,comment_page_fetch,4cglzJzLWw4,ronaldo,0.1679,100,ok,page=3
20260707T100811_a53ac0,2026-07-07T10:12:41.415653+00:00,csv_write,4cglzJzLWw4,ronaldo,0.0012,100,ok,comment_rows
20260707T100811_a53ac0,2026-07-07T10:12:41.602348+00:00,comment_page_fetch,4cglzJzLWw4,ronaldo,0.1866,100,ok,page=4
20260707T100811_a53ac0,2026-07-07T10:12:41.603956+00:00,csv_write,4cglzJzLWw4,ronaldo,0.0012,100,ok,comment_rows
20260707T100811_a53ac0,2026-07-07T10:12:41.747173+00:00,comment_page_fetch,4cglzJzLWw4,ronaldo,0.1431,100,ok,page=5
20260707T100811_a53ac0,2026-07-07T10:12:41.748886+00:00,csv_write,4cglzJzLWw4,ronaldo,0.0012,100,ok,comment_rows
20260707T100811_a53ac0,2026-07-07T10:12:41.921378+00:00,comment_page_fetch,4cglzJzLWw4,ronaldo,0.1724,100,ok,page=6
20260707T100811_a53ac0,2026-07-07T10:12:41.923060+00:00,csv_write,4cglzJzLWw4,ronaldo,0.0012,100,ok,comment_rows
20260707T100811_a53ac0,2026-07-07T10:12:42.077672+00:00,comment_page_fetch,4cglzJzLWw4,ronaldo,0.1545,21,ok,page=7
20260707T100811_a53ac0,2026-07-07T10:12:42.078225+00:00,csv_write,4cglzJzLWw4,ronaldo,0.0003,21,ok,comment_rows
20260707T100811_a53ac0,2026-07-07T10:12:42.079099+00:00,csv_write,_k2t_VqemBI,ronaldo,0.0001,1,ok,video_row
20260707T100811_a53ac0,2026-07-07T10:12:42.247540+00:00,comment_page_fetch,_k2t_VqemBI,ronaldo,0.1682,100,ok,page=1
20260707T100811_a53ac0,2026-07-07T10:12:42.249169+00:00,csv_write,_k2t_VqemBI,ronaldo,0.0012,100,ok,comment_rows
20260707T100811_a53ac0,2026-07-07T10:12:42.394096+00:00,comment_page_fetch,_k2t_VqemBI,ronaldo,0.1449,100,ok,page=2
20260707T100811_a53ac0,2026-07-07T10:12:42.394718+00:00,csv_write,_k2t_VqemBI,ronaldo,0.0004,100,ok,comment_rows
20260707T100811_a53ac0,2026-07-07T10:12:42.547902+00:00,comment_page_fetch,_k2t_VqemBI,ronaldo,0.1531,100,ok,page=3
20260707T100811_a53ac0,2026-07-07T10:12:42.549643+00:00,csv_write,_k2t_VqemBI,ronaldo,0.0012,100,ok,comment_rows
20260707T100811_a53ac0,2026-07-07T10:12:42.769016+00:00,comment_page_fetch,_k2t_VqemBI,ronaldo,0.2193,100,ok,page=4
20260707T100811_a53ac0,2026-07-07T10:12:42.770718+00:00,csv_write,_k2t_VqemBI,ronaldo,0.0012,100,ok,comment_rows
20260707T100811_a53ac0,2026-07-07T10:12:42.947889+00:00,comment_page_fetch,_k2t_VqemBI,ronaldo,0.1771,100,ok,page=5
20260707T100811_a53ac0,2026-07-07T10:12:42.948482+00:00,csv_write,_k2t_VqemBI,ronaldo,0.0004,100,ok,comment_rows
20260707T100811_a53ac0,2026-07-07T10:12:43.124614+00:00,comment_page_fetch,_k2t_VqemBI,ronaldo,0.1761,100,ok,page=6
20260707T100811_a53ac0,2026-07-07T10:12:43.126259+00:00,csv_write,_k2t_VqemBI,ronaldo,0.0012,100,ok,comment_rows
20260707T100811_a53ac0,2026-07-07T10:12:43.309955+00:00,comment_page_fetch,_k2t_VqemBI,ronaldo,0.1836,100,ok,page=7
20260707T100811_a53ac0,2026-07-07T10:12:43.311679+00:00,csv_write,_k2t_VqemBI,ronaldo,0.0012,100,ok,comment_rows
20260707T100811_a53ac0,2026-07-07T10:12:43.488230+00:00,comment_page_fetch,_k2t_VqemBI,ronaldo,0.1765,100,ok,page=8
20260707T100811_a53ac0,2026-07-07T10:12:43.489863+00:00,csv_write,_k2t_VqemBI,ronaldo,0.0012,100,ok,comment_rows
20260707T100811_a53ac0,2026-07-07T10:12:43.672997+00:00,comment_page_fetch,_k2t_VqemBI,ronaldo,0.1831,100,ok,page=9
20260707T100811_a53ac0,2026-07-07T10:12:43.674679+00:00,csv_write,_k2t_VqemBI,ronaldo,0.0012,100,ok,comment_rows
20260707T100811_a53ac0,2026-07-07T10:12:43.812670+00:00,comment_page_fetch,_k2t_VqemBI,ronaldo,0.1379,79,ok,page=10
20260707T100811_a53ac0,2026-07-07T10:12:43.814026+00:00,csv_write,_k2t_VqemBI,ronaldo,0.0009,79,ok,comment_rows
20260707T100811_a53ac0,2026-07-07T10:12:43.814998+00:00,csv_write,qNiqD__NzNw,ronaldo,0.0001,1,ok,video_row
20260707T100811_a53ac0,2026-07-07T10:12:43.999103+00:00,comment_page_fetch,qNiqD__NzNw,ronaldo,0.1838,100,ok,page=1
20260707T100811_a53ac0,2026-07-07T10:12:43.999901+00:00,csv_write,qNiqD__NzNw,ronaldo,0.0006,100,ok,comment_rows
20260707T100811_a53ac0,2026-07-07T10:12:44.187478+00:00,comment_page_fetch,qNiqD__NzNw,ronaldo,0.1875,100,ok,page=2
20260707T100811_a53ac0,2026-07-07T10:12:44.189055+00:00,csv_write,qNiqD__NzNw,ronaldo,0.0011,100,ok,comment_rows
20260707T100811_a53ac0,2026-07-07T10:12:44.367677+00:00,comment_page_fetch,qNiqD__NzNw,ronaldo,0.1785,97,ok,page=3
20260707T100811_a53ac0,2026-07-07T10:12:44.369198+00:00,csv_write,qNiqD__NzNw,ronaldo,0.0011,97,ok,comment_rows
20260707T100811_a53ac0,2026-07-07T10:12:44.415953+00:00,video_stats_fetch,HFXghkn4HFs,ronaldo,0.0464,1,ok,
20260707T100811_a53ac0,2026-07-07T10:12:44.493183+00:00,channel_stats_fetch,HFXghkn4HFs,ronaldo,0.0771,1,ok,
20260707T100811_a53ac0,2026-07-07T10:12:44.493300+00:00,transcript_fetch,HFXghkn4HFs,ronaldo,0.0,1,skip,no_transcript
20260707T100811_a53ac0,2026-07-07T10:12:44.565976+00:00,thumbnail_download,HFXghkn4HFs,ronaldo,0.0726,1,ok,
20260707T100811_a53ac0,2026-07-07T10:12:44.740781+00:00,video_stats_fetch,3V6MvoEsoeQ,ronaldo,0.1747,1,ok,
20260707T100811_a53ac0,2026-07-07T10:12:44.795640+00:00,channel_stats_fetch,3V6MvoEsoeQ,ronaldo,0.0547,1,ok,
20260707T100811_a53ac0,2026-07-07T10:12:44.795730+00:00,transcript_fetch,3V6MvoEsoeQ,ronaldo,0.0,1,skip,no_transcript
20260707T100811_a53ac0,2026-07-07T10:12:44.865465+00:00,thumbnail_download,3V6MvoEsoeQ,ronaldo,0.0697,1,ok,
20260707T100811_a53ac0,2026-07-07T10:12:44.914203+00:00,video_stats_fetch,tipAO_OMUJ0,ronaldo,0.0486,1,ok,
20260707T100811_a53ac0,2026-07-07T10:12:44.960858+00:00,channel_stats_fetch,tipAO_OMUJ0,ronaldo,0.0465,1,ok,
20260707T100811_a53ac0,2026-07-07T10:12:44.961048+00:00,transcript_fetch,tipAO_OMUJ0,ronaldo,0.0,1,skip,no_transcript
20260707T100811_a53ac0,2026-07-07T10:12:45.056792+00:00,thumbnail_download,tipAO_OMUJ0,ronaldo,0.0956,1,ok,
20260707T100811_a53ac0,2026-07-07T10:12:45.099944+00:00,video_stats_fetch,DKcwtXKIkKI,ronaldo,0.0431,1,ok,
20260707T100811_a53ac0,2026-07-07T10:12:45.140531+00:00,channel_stats_fetch,DKcwtXKIkKI,ronaldo,0.0405,1,ok,
20260707T100811_a53ac0,2026-07-07T10:12:45.140657+00:00,transcript_fetch,DKcwtXKIkKI,ronaldo,0.0,1,skip,no_transcript
20260707T100811_a53ac0,2026-07-07T10:12:45.252510+00:00,thumbnail_download,DKcwtXKIkKI,ronaldo,0.1118,1,ok,
20260707T100811_a53ac0,2026-07-07T10:12:45.297708+00:00,video_stats_fetch,7gJgGoxLrYg,ronaldo,0.045,1,ok,
20260707T100811_a53ac0,2026-07-07T10:12:45.351477+00:00,channel_stats_fetch,7gJgGoxLrYg,ronaldo,0.0536,1,ok,
20260707T100811_a53ac0,2026-07-07T10:12:45.351670+00:00,transcript_fetch,7gJgGoxLrYg,ronaldo,0.0,1,skip,no_transcript
20260707T100811_a53ac0,2026-07-07T10:12:45.447479+00:00,thumbnail_download,7gJgGoxLrYg,ronaldo,0.0957,1,ok,
20260707T100811_a53ac0,2026-07-07T10:12:58.148077+00:00,llm_batch_call,,ronaldo,12.7004,5,ok,
20260707T100811_a53ac0,2026-07-07T10:12:58.148508+00:00,csv_write,HFXghkn4HFs,ronaldo,0.0,1,ok,video_row
20260707T100811_a53ac0,2026-07-07T10:12:58.279765+00:00,comment_page_fetch,HFXghkn4HFs,ronaldo,0.1312,95,ok,page=1
20260707T100811_a53ac0,2026-07-07T10:12:58.281341+00:00,csv_write,HFXghkn4HFs,ronaldo,0.0011,95,ok,comment_rows
20260707T100811_a53ac0,2026-07-07T10:12:58.282446+00:00,csv_write,3V6MvoEsoeQ,ronaldo,0.0001,1,ok,video_row
20260707T100811_a53ac0,2026-07-07T10:12:58.456373+00:00,comment_page_fetch,3V6MvoEsoeQ,ronaldo,0.1736,100,ok,page=1
20260707T100811_a53ac0,2026-07-07T10:12:58.459150+00:00,csv_write,3V6MvoEsoeQ,ronaldo,0.0019,100,ok,comment_rows
20260707T100811_a53ac0,2026-07-07T10:12:58.683005+00:00,comment_page_fetch,3V6MvoEsoeQ,ronaldo,0.2237,100,ok,page=2
20260707T100811_a53ac0,2026-07-07T10:12:58.684456+00:00,csv_write,3V6MvoEsoeQ,ronaldo,0.001,100,ok,comment_rows
20260707T100811_a53ac0,2026-07-07T10:12:58.878788+00:00,comment_page_fetch,3V6MvoEsoeQ,ronaldo,0.1943,100,ok,page=3
20260707T100811_a53ac0,2026-07-07T10:12:58.881092+00:00,csv_write,3V6MvoEsoeQ,ronaldo,0.0014,100,ok,comment_rows
20260707T100811_a53ac0,2026-07-07T10:12:59.063238+00:00,comment_page_fetch,3V6MvoEsoeQ,ronaldo,0.1821,100,ok,page=4
20260707T100811_a53ac0,2026-07-07T10:12:59.064808+00:00,csv_write,3V6MvoEsoeQ,ronaldo,0.001,100,ok,comment_rows
20260707T100811_a53ac0,2026-07-07T10:12:59.259089+00:00,comment_page_fetch,3V6MvoEsoeQ,ronaldo,0.1942,100,ok,page=5
20260707T100811_a53ac0,2026-07-07T10:12:59.259474+00:00,csv_write,3V6MvoEsoeQ,ronaldo,0.0003,100,ok,comment_rows
20260707T100811_a53ac0,2026-07-07T10:12:59.527232+00:00,comment_page_fetch,3V6MvoEsoeQ,ronaldo,0.2677,100,ok,page=6
20260707T100811_a53ac0,2026-07-07T10:12:59.528728+00:00,csv_write,3V6MvoEsoeQ,ronaldo,0.001,100,ok,comment_rows
20260707T100811_a53ac0,2026-07-07T10:12:59.741408+00:00,comment_page_fetch,3V6MvoEsoeQ,ronaldo,0.2126,100,ok,page=7
20260707T100811_a53ac0,2026-07-07T10:12:59.742990+00:00,csv_write,3V6MvoEsoeQ,ronaldo,0.0011,100,ok,comment_rows
20260707T100811_a53ac0,2026-07-07T10:12:59.980607+00:00,comment_page_fetch,3V6MvoEsoeQ,ronaldo,0.2376,100,ok,page=8
20260707T100811_a53ac0,2026-07-07T10:12:59.982032+00:00,csv_write,3V6MvoEsoeQ,ronaldo,0.001,100,ok,comment_rows
20260707T100811_a53ac0,2026-07-07T10:13:00.127353+00:00,comment_page_fetch,3V6MvoEsoeQ,ronaldo,0.1452,100,ok,page=9
20260707T100811_a53ac0,2026-07-07T10:13:00.128772+00:00,csv_write,3V6MvoEsoeQ,ronaldo,0.001,100,ok,comment_rows
20260707T100811_a53ac0,2026-07-07T10:13:00.417383+00:00,comment_page_fetch,3V6MvoEsoeQ,ronaldo,0.2885,100,ok,page=10
20260707T100811_a53ac0,2026-07-07T10:13:00.418857+00:00,csv_write,3V6MvoEsoeQ,ronaldo,0.001,100,ok,comment_rows
20260707T100811_a53ac0,2026-07-07T10:13:00.585797+00:00,comment_page_fetch,3V6MvoEsoeQ,ronaldo,0.1669,100,ok,page=11
20260707T100811_a53ac0,2026-07-07T10:13:00.587252+00:00,csv_write,3V6MvoEsoeQ,ronaldo,0.0009,100,ok,comment_rows
20260707T100811_a53ac0,2026-07-07T10:13:00.799262+00:00,comment_page_fetch,3V6MvoEsoeQ,ronaldo,0.2119,100,ok,page=12
20260707T100811_a53ac0,2026-07-07T10:13:00.800805+00:00,csv_write,3V6MvoEsoeQ,ronaldo,0.0011,100,ok,comment_rows
20260707T100811_a53ac0,2026-07-07T10:13:01.006459+00:00,comment_page_fetch,3V6MvoEsoeQ,ronaldo,0.2056,100,ok,page=13
20260707T100811_a53ac0,2026-07-07T10:13:01.007783+00:00,csv_write,3V6MvoEsoeQ,ronaldo,0.0009,100,ok,comment_rows
20260707T100811_a53ac0,2026-07-07T10:13:01.203552+00:00,comment_page_fetch,3V6MvoEsoeQ,ronaldo,0.1957,100,ok,page=14
20260707T100811_a53ac0,2026-07-07T10:13:01.205050+00:00,csv_write,3V6MvoEsoeQ,ronaldo,0.001,100,ok,comment_rows
20260707T100811_a53ac0,2026-07-07T10:13:01.433172+00:00,comment_page_fetch,3V6MvoEsoeQ,ronaldo,0.228,100,ok,page=15
20260707T100811_a53ac0,2026-07-07T10:13:01.435352+00:00,csv_write,3V6MvoEsoeQ,ronaldo,0.0015,100,ok,comment_rows
20260707T100811_a53ac0,2026-07-07T10:13:01.612795+00:00,comment_page_fetch,3V6MvoEsoeQ,ronaldo,0.1773,100,ok,page=16
20260707T100811_a53ac0,2026-07-07T10:13:01.614273+00:00,csv_write,3V6MvoEsoeQ,ronaldo,0.001,100,ok,comment_rows
20260707T100811_a53ac0,2026-07-07T10:13:01.795815+00:00,comment_page_fetch,3V6MvoEsoeQ,ronaldo,0.1815,100,ok,page=17
20260707T100811_a53ac0,2026-07-07T10:13:01.796817+00:00,csv_write,3V6MvoEsoeQ,ronaldo,0.0006,100,ok,comment_rows
20260707T100811_a53ac0,2026-07-07T10:13:02.070813+00:00,comment_page_fetch,3V6MvoEsoeQ,ronaldo,0.2739,100,ok,page=18
20260707T100811_a53ac0,2026-07-07T10:13:02.072071+00:00,csv_write,3V6MvoEsoeQ,ronaldo,0.0008,100,ok,comment_rows
20260707T100811_a53ac0,2026-07-07T10:13:02.304460+00:00,comment_page_fetch,3V6MvoEsoeQ,ronaldo,0.2323,100,ok,page=19
20260707T100811_a53ac0,2026-07-07T10:13:02.305000+00:00,csv_write,3V6MvoEsoeQ,ronaldo,0.0003,100,ok,comment_rows
20260707T100811_a53ac0,2026-07-07T10:13:02.523649+00:00,comment_page_fetch,3V6MvoEsoeQ,ronaldo,0.2186,100,ok,page=20
20260707T100811_a53ac0,2026-07-07T10:13:02.526359+00:00,csv_write,3V6MvoEsoeQ,ronaldo,0.0018,100,ok,comment_rows
20260707T100811_a53ac0,2026-07-07T10:13:02.752448+00:00,comment_page_fetch,3V6MvoEsoeQ,ronaldo,0.2259,100,ok,page=21
20260707T100811_a53ac0,2026-07-07T10:13:02.754537+00:00,csv_write,3V6MvoEsoeQ,ronaldo,0.0011,100,ok,comment_rows
20260707T100811_a53ac0,2026-07-07T10:13:02.927653+00:00,comment_page_fetch,3V6MvoEsoeQ,ronaldo,0.173,100,ok,page=22
20260707T100811_a53ac0,2026-07-07T10:13:02.929040+00:00,csv_write,3V6MvoEsoeQ,ronaldo,0.0009,100,ok,comment_rows
20260707T100811_a53ac0,2026-07-07T10:13:03.146956+00:00,comment_page_fetch,3V6MvoEsoeQ,ronaldo,0.2178,100,ok,page=23
20260707T100811_a53ac0,2026-07-07T10:13:03.148453+00:00,csv_write,3V6MvoEsoeQ,ronaldo,0.001,100,ok,comment_rows
20260707T100811_a53ac0,2026-07-07T10:13:03.319981+00:00,comment_page_fetch,3V6MvoEsoeQ,ronaldo,0.1715,100,ok,page=24
20260707T100811_a53ac0,2026-07-07T10:13:03.321421+00:00,csv_write,3V6MvoEsoeQ,ronaldo,0.001,100,ok,comment_rows
20260707T100811_a53ac0,2026-07-07T10:13:03.487059+00:00,comment_page_fetch,3V6MvoEsoeQ,ronaldo,0.1656,100,ok,page=25
20260707T100811_a53ac0,2026-07-07T10:13:03.487379+00:00,csv_write,3V6MvoEsoeQ,ronaldo,0.0002,100,ok,comment_rows
20260707T100811_a53ac0,2026-07-07T10:13:03.684550+00:00,comment_page_fetch,3V6MvoEsoeQ,ronaldo,0.1971,100,ok,page=26
20260707T100811_a53ac0,2026-07-07T10:13:03.686038+00:00,csv_write,3V6MvoEsoeQ,ronaldo,0.001,100,ok,comment_rows
20260707T100811_a53ac0,2026-07-07T10:13:03.917334+00:00,comment_page_fetch,3V6MvoEsoeQ,ronaldo,0.2312,100,ok,page=27
20260707T100811_a53ac0,2026-07-07T10:13:03.918816+00:00,csv_write,3V6MvoEsoeQ,ronaldo,0.001,100,ok,comment_rows
20260707T100811_a53ac0,2026-07-07T10:13:04.121658+00:00,comment_page_fetch,3V6MvoEsoeQ,ronaldo,0.2028,100,ok,page=28
20260707T100811_a53ac0,2026-07-07T10:13:04.123192+00:00,csv_write,3V6MvoEsoeQ,ronaldo,0.001,100,ok,comment_rows
20260707T100811_a53ac0,2026-07-07T10:13:04.292732+00:00,comment_page_fetch,3V6MvoEsoeQ,ronaldo,0.1695,100,ok,page=29
20260707T100811_a53ac0,2026-07-07T10:13:04.294219+00:00,csv_write,3V6MvoEsoeQ,ronaldo,0.0009,100,ok,comment_rows
20260707T100811_a53ac0,2026-07-07T10:13:04.466310+00:00,comment_page_fetch,3V6MvoEsoeQ,ronaldo,0.172,100,ok,page=30
20260707T100811_a53ac0,2026-07-07T10:13:04.467813+00:00,csv_write,3V6MvoEsoeQ,ronaldo,0.001,100,ok,comment_rows
20260707T100811_a53ac0,2026-07-07T10:13:04.681396+00:00,comment_page_fetch,3V6MvoEsoeQ,ronaldo,0.2135,100,ok,page=31
20260707T100811_a53ac0,2026-07-07T10:13:04.682809+00:00,csv_write,3V6MvoEsoeQ,ronaldo,0.001,100,ok,comment_rows
20260707T100811_a53ac0,2026-07-07T10:13:04.874593+00:00,comment_page_fetch,3V6MvoEsoeQ,ronaldo,0.1917,100,ok,page=32
20260707T100811_a53ac0,2026-07-07T10:13:04.876000+00:00,csv_write,3V6MvoEsoeQ,ronaldo,0.0009,100,ok,comment_rows
20260707T100811_a53ac0,2026-07-07T10:13:05.122103+00:00,comment_page_fetch,3V6MvoEsoeQ,ronaldo,0.246,100,ok,page=33
20260707T100811_a53ac0,2026-07-07T10:13:05.123537+00:00,csv_write,3V6MvoEsoeQ,ronaldo,0.001,100,ok,comment_rows
20260707T100811_a53ac0,2026-07-07T10:13:05.311017+00:00,comment_page_fetch,3V6MvoEsoeQ,ronaldo,0.1874,100,ok,page=34
20260707T100811_a53ac0,2026-07-07T10:13:05.312419+00:00,csv_write,3V6MvoEsoeQ,ronaldo,0.0009,100,ok,comment_rows
20260707T100811_a53ac0,2026-07-07T10:13:05.485626+00:00,comment_page_fetch,3V6MvoEsoeQ,ronaldo,0.1731,100,ok,page=35
20260707T100811_a53ac0,2026-07-07T10:13:05.487040+00:00,csv_write,3V6MvoEsoeQ,ronaldo,0.0009,100,ok,comment_rows
20260707T100811_a53ac0,2026-07-07T10:13:05.698492+00:00,comment_page_fetch,3V6MvoEsoeQ,ronaldo,0.2114,100,ok,page=36
20260707T100811_a53ac0,2026-07-07T10:13:05.700032+00:00,csv_write,3V6MvoEsoeQ,ronaldo,0.001,100,ok,comment_rows
20260707T100811_a53ac0,2026-07-07T10:13:05.965505+00:00,comment_page_fetch,3V6MvoEsoeQ,ronaldo,0.2654,100,ok,page=37
20260707T100811_a53ac0,2026-07-07T10:13:05.966948+00:00,csv_write,3V6MvoEsoeQ,ronaldo,0.001,100,ok,comment_rows
20260707T100811_a53ac0,2026-07-07T10:13:06.126077+00:00,comment_page_fetch,3V6MvoEsoeQ,ronaldo,0.159,100,ok,page=38
20260707T100811_a53ac0,2026-07-07T10:13:06.127409+00:00,csv_write,3V6MvoEsoeQ,ronaldo,0.0009,100,ok,comment_rows
20260707T100811_a53ac0,2026-07-07T10:13:06.329191+00:00,comment_page_fetch,3V6MvoEsoeQ,ronaldo,0.2017,100,ok,page=39
20260707T100811_a53ac0,2026-07-07T10:13:06.330646+00:00,csv_write,3V6MvoEsoeQ,ronaldo,0.0009,100,ok,comment_rows
20260707T100811_a53ac0,2026-07-07T10:13:06.531477+00:00,comment_page_fetch,3V6MvoEsoeQ,ronaldo,0.2008,100,ok,page=40
20260707T100811_a53ac0,2026-07-07T10:13:06.532969+00:00,csv_write,3V6MvoEsoeQ,ronaldo,0.001,100,ok,comment_rows
20260707T100811_a53ac0,2026-07-07T10:13:06.705771+00:00,comment_page_fetch,3V6MvoEsoeQ,ronaldo,0.1727,100,ok,page=41
20260707T100811_a53ac0,2026-07-07T10:13:06.707291+00:00,csv_write,3V6MvoEsoeQ,ronaldo,0.001,100,ok,comment_rows
20260707T100811_a53ac0,2026-07-07T10:13:06.904033+00:00,comment_page_fetch,3V6MvoEsoeQ,ronaldo,0.1967,100,ok,page=42
20260707T100811_a53ac0,2026-07-07T10:13:06.905521+00:00,csv_write,3V6MvoEsoeQ,ronaldo,0.001,100,ok,comment_rows
20260707T100811_a53ac0,2026-07-07T10:13:07.088457+00:00,comment_page_fetch,3V6MvoEsoeQ,ronaldo,0.1829,100,ok,page=43
20260707T100811_a53ac0,2026-07-07T10:13:07.089045+00:00,csv_write,3V6MvoEsoeQ,ronaldo,0.0004,100,ok,comment_rows
20260707T100811_a53ac0,2026-07-07T10:13:07.268326+00:00,comment_page_fetch,3V6MvoEsoeQ,ronaldo,0.1792,100,ok,page=44
20260707T100811_a53ac0,2026-07-07T10:13:07.269878+00:00,csv_write,3V6MvoEsoeQ,ronaldo,0.0011,100,ok,comment_rows
20260707T100811_a53ac0,2026-07-07T10:13:07.539839+00:00,comment_page_fetch,3V6MvoEsoeQ,ronaldo,0.2699,100,ok,page=45
20260707T100811_a53ac0,2026-07-07T10:13:07.541318+00:00,csv_write,3V6MvoEsoeQ,ronaldo,0.001,100,ok,comment_rows
20260707T100811_a53ac0,2026-07-07T10:13:07.713160+00:00,comment_page_fetch,3V6MvoEsoeQ,ronaldo,0.1718,100,ok,page=46
20260707T100811_a53ac0,2026-07-07T10:13:07.714757+00:00,csv_write,3V6MvoEsoeQ,ronaldo,0.0011,100,ok,comment_rows
20260707T100811_a53ac0,2026-07-07T10:13:07.892363+00:00,comment_page_fetch,3V6MvoEsoeQ,ronaldo,0.1775,100,ok,page=47
20260707T100811_a53ac0,2026-07-07T10:13:07.892878+00:00,csv_write,3V6MvoEsoeQ,ronaldo,0.0003,100,ok,comment_rows
20260707T100811_a53ac0,2026-07-07T10:13:08.071053+00:00,comment_page_fetch,3V6MvoEsoeQ,ronaldo,0.1781,100,ok,page=48
20260707T100811_a53ac0,2026-07-07T10:13:08.071823+00:00,csv_write,3V6MvoEsoeQ,ronaldo,0.0005,100,ok,comment_rows
20260707T100811_a53ac0,2026-07-07T10:13:08.231857+00:00,comment_page_fetch,3V6MvoEsoeQ,ronaldo,0.16,100,ok,page=49
20260707T100811_a53ac0,2026-07-07T10:13:08.232417+00:00,csv_write,3V6MvoEsoeQ,ronaldo,0.0004,100,ok,comment_rows
20260707T100811_a53ac0,2026-07-07T10:13:08.388426+00:00,comment_page_fetch,3V6MvoEsoeQ,ronaldo,0.156,100,ok,page=50
20260707T100811_a53ac0,2026-07-07T10:13:08.389882+00:00,csv_write,3V6MvoEsoeQ,ronaldo,0.001,100,ok,comment_rows
20260707T100811_a53ac0,2026-07-07T10:13:08.568438+00:00,comment_page_fetch,3V6MvoEsoeQ,ronaldo,0.1785,100,ok,page=51
20260707T100811_a53ac0,2026-07-07T10:13:08.569893+00:00,csv_write,3V6MvoEsoeQ,ronaldo,0.001,100,ok,comment_rows
20260707T100811_a53ac0,2026-07-07T10:13:08.845428+00:00,comment_page_fetch,3V6MvoEsoeQ,ronaldo,0.2755,100,ok,page=52
20260707T100811_a53ac0,2026-07-07T10:13:08.846884+00:00,csv_write,3V6MvoEsoeQ,ronaldo,0.001,100,ok,comment_rows
20260707T100811_a53ac0,2026-07-07T10:13:09.014333+00:00,comment_page_fetch,3V6MvoEsoeQ,ronaldo,0.1674,100,ok,page=53
20260707T100811_a53ac0,2026-07-07T10:13:09.015704+00:00,csv_write,3V6MvoEsoeQ,ronaldo,0.0009,100,ok,comment_rows
20260707T100811_a53ac0,2026-07-07T10:13:09.305190+00:00,comment_page_fetch,3V6MvoEsoeQ,ronaldo,0.2894,100,ok,page=54
20260707T100811_a53ac0,2026-07-07T10:13:09.306644+00:00,csv_write,3V6MvoEsoeQ,ronaldo,0.001,100,ok,comment_rows
20260707T100811_a53ac0,2026-07-07T10:13:09.532675+00:00,comment_page_fetch,3V6MvoEsoeQ,ronaldo,0.2259,100,ok,page=55
20260707T100811_a53ac0,2026-07-07T10:13:09.534568+00:00,csv_write,3V6MvoEsoeQ,ronaldo,0.001,100,ok,comment_rows
20260707T100811_a53ac0,2026-07-07T10:13:09.770851+00:00,comment_page_fetch,3V6MvoEsoeQ,ronaldo,0.2362,100,ok,page=56
20260707T100811_a53ac0,2026-07-07T10:13:09.773020+00:00,csv_write,3V6MvoEsoeQ,ronaldo,0.0012,100,ok,comment_rows
20260707T100811_a53ac0,2026-07-07T10:13:09.984374+00:00,comment_page_fetch,3V6MvoEsoeQ,ronaldo,0.2113,100,ok,page=57
20260707T100811_a53ac0,2026-07-07T10:13:09.985557+00:00,csv_write,3V6MvoEsoeQ,ronaldo,0.0008,100,ok,comment_rows
20260707T100811_a53ac0,2026-07-07T10:13:10.257095+00:00,comment_page_fetch,3V6MvoEsoeQ,ronaldo,0.2715,100,ok,page=58
20260707T100811_a53ac0,2026-07-07T10:13:10.258595+00:00,csv_write,3V6MvoEsoeQ,ronaldo,0.001,100,ok,comment_rows
20260707T100811_a53ac0,2026-07-07T10:13:10.462009+00:00,comment_page_fetch,3V6MvoEsoeQ,ronaldo,0.2033,100,ok,page=59
20260707T100811_a53ac0,2026-07-07T10:13:10.464943+00:00,csv_write,3V6MvoEsoeQ,ronaldo,0.0019,100,ok,comment_rows
20260707T100811_a53ac0,2026-07-07T10:13:10.696964+00:00,comment_page_fetch,3V6MvoEsoeQ,ronaldo,0.2319,100,ok,page=60
20260707T100811_a53ac0,2026-07-07T10:13:10.698479+00:00,csv_write,3V6MvoEsoeQ,ronaldo,0.001,100,ok,comment_rows
20260707T100811_a53ac0,2026-07-07T10:13:10.862325+00:00,comment_page_fetch,3V6MvoEsoeQ,ronaldo,0.1638,100,ok,page=61
20260707T100811_a53ac0,2026-07-07T10:13:10.863758+00:00,csv_write,3V6MvoEsoeQ,ronaldo,0.001,100,ok,comment_rows
20260707T100811_a53ac0,2026-07-07T10:13:11.037419+00:00,comment_page_fetch,3V6MvoEsoeQ,ronaldo,0.1736,100,ok,page=62
20260707T100811_a53ac0,2026-07-07T10:13:11.038847+00:00,csv_write,3V6MvoEsoeQ,ronaldo,0.001,100,ok,comment_rows
20260707T100811_a53ac0,2026-07-07T10:13:11.244078+00:00,comment_page_fetch,3V6MvoEsoeQ,ronaldo,0.2052,100,ok,page=63
20260707T100811_a53ac0,2026-07-07T10:13:11.245569+00:00,csv_write,3V6MvoEsoeQ,ronaldo,0.001,100,ok,comment_rows
20260707T100811_a53ac0,2026-07-07T10:13:11.409930+00:00,comment_page_fetch,3V6MvoEsoeQ,ronaldo,0.1643,100,ok,page=64
20260707T100811_a53ac0,2026-07-07T10:13:11.411351+00:00,csv_write,3V6MvoEsoeQ,ronaldo,0.0009,100,ok,comment_rows
20260707T100811_a53ac0,2026-07-07T10:13:11.582419+00:00,comment_page_fetch,3V6MvoEsoeQ,ronaldo,0.171,100,ok,page=65
20260707T100811_a53ac0,2026-07-07T10:13:11.583813+00:00,csv_write,3V6MvoEsoeQ,ronaldo,0.0009,100,ok,comment_rows
20260707T100811_a53ac0,2026-07-07T10:13:11.743851+00:00,comment_page_fetch,3V6MvoEsoeQ,ronaldo,0.16,100,ok,page=66
20260707T100811_a53ac0,2026-07-07T10:13:11.745290+00:00,csv_write,3V6MvoEsoeQ,ronaldo,0.001,100,ok,comment_rows
20260707T100811_a53ac0,2026-07-07T10:13:11.907541+00:00,comment_page_fetch,3V6MvoEsoeQ,ronaldo,0.1622,100,ok,page=67
20260707T100811_a53ac0,2026-07-07T10:13:11.908967+00:00,csv_write,3V6MvoEsoeQ,ronaldo,0.0009,100,ok,comment_rows
20260707T100811_a53ac0,2026-07-07T10:13:12.105420+00:00,comment_page_fetch,3V6MvoEsoeQ,ronaldo,0.1964,100,ok,page=68
20260707T100811_a53ac0,2026-07-07T10:13:12.106867+00:00,csv_write,3V6MvoEsoeQ,ronaldo,0.001,100,ok,comment_rows
20260707T100811_a53ac0,2026-07-07T10:13:12.306515+00:00,comment_page_fetch,3V6MvoEsoeQ,ronaldo,0.1996,100,ok,page=69
20260707T100811_a53ac0,2026-07-07T10:13:12.308035+00:00,csv_write,3V6MvoEsoeQ,ronaldo,0.0011,100,ok,comment_rows
20260707T100811_a53ac0,2026-07-07T10:13:12.477743+00:00,comment_page_fetch,3V6MvoEsoeQ,ronaldo,0.1696,100,ok,page=70
20260707T100811_a53ac0,2026-07-07T10:13:12.479149+00:00,csv_write,3V6MvoEsoeQ,ronaldo,0.0009,100,ok,comment_rows
20260707T100811_a53ac0,2026-07-07T10:13:12.646103+00:00,comment_page_fetch,3V6MvoEsoeQ,ronaldo,0.1669,100,ok,page=71
20260707T100811_a53ac0,2026-07-07T10:13:12.647611+00:00,csv_write,3V6MvoEsoeQ,ronaldo,0.001,100,ok,comment_rows
20260707T100811_a53ac0,2026-07-07T10:13:12.844984+00:00,comment_page_fetch,3V6MvoEsoeQ,ronaldo,0.1973,100,ok,page=72
20260707T100811_a53ac0,2026-07-07T10:13:12.845382+00:00,csv_write,3V6MvoEsoeQ,ronaldo,0.0002,100,ok,comment_rows
20260707T100811_a53ac0,2026-07-07T10:13:13.003652+00:00,comment_page_fetch,3V6MvoEsoeQ,ronaldo,0.1582,100,ok,page=73
20260707T100811_a53ac0,2026-07-07T10:13:13.005084+00:00,csv_write,3V6MvoEsoeQ,ronaldo,0.001,100,ok,comment_rows
20260707T100811_a53ac0,2026-07-07T10:13:13.148413+00:00,comment_page_fetch,3V6MvoEsoeQ,ronaldo,0.1433,100,ok,page=74
20260707T100811_a53ac0,2026-07-07T10:13:13.149839+00:00,csv_write,3V6MvoEsoeQ,ronaldo,0.0009,100,ok,comment_rows
20260707T100811_a53ac0,2026-07-07T10:13:13.302659+00:00,comment_page_fetch,3V6MvoEsoeQ,ronaldo,0.1528,100,ok,page=75
20260707T100811_a53ac0,2026-07-07T10:13:13.304075+00:00,csv_write,3V6MvoEsoeQ,ronaldo,0.0009,100,ok,comment_rows
20260707T100811_a53ac0,2026-07-07T10:13:13.534388+00:00,comment_page_fetch,3V6MvoEsoeQ,ronaldo,0.2302,100,ok,page=76
20260707T100811_a53ac0,2026-07-07T10:13:13.536313+00:00,csv_write,3V6MvoEsoeQ,ronaldo,0.0011,100,ok,comment_rows
20260707T100811_a53ac0,2026-07-07T10:13:13.704001+00:00,comment_page_fetch,3V6MvoEsoeQ,ronaldo,0.1676,100,ok,page=77
20260707T100811_a53ac0,2026-07-07T10:13:13.705418+00:00,csv_write,3V6MvoEsoeQ,ronaldo,0.001,100,ok,comment_rows
20260707T100811_a53ac0,2026-07-07T10:13:13.928405+00:00,comment_page_fetch,3V6MvoEsoeQ,ronaldo,0.2229,100,ok,page=78
20260707T100811_a53ac0,2026-07-07T10:13:13.929807+00:00,csv_write,3V6MvoEsoeQ,ronaldo,0.0009,100,ok,comment_rows
20260707T100811_a53ac0,2026-07-07T10:13:14.261245+00:00,comment_page_fetch,3V6MvoEsoeQ,ronaldo,0.3314,100,ok,page=79
20260707T100811_a53ac0,2026-07-07T10:13:14.262667+00:00,csv_write,3V6MvoEsoeQ,ronaldo,0.0009,100,ok,comment_rows
20260707T100811_a53ac0,2026-07-07T10:13:14.440595+00:00,comment_page_fetch,3V6MvoEsoeQ,ronaldo,0.1779,100,ok,page=80
20260707T100811_a53ac0,2026-07-07T10:13:14.441698+00:00,csv_write,3V6MvoEsoeQ,ronaldo,0.0007,100,ok,comment_rows
20260707T100811_a53ac0,2026-07-07T10:13:14.638449+00:00,comment_page_fetch,3V6MvoEsoeQ,ronaldo,0.1967,71,ok,page=81
20260707T100811_a53ac0,2026-07-07T10:13:14.639506+00:00,csv_write,3V6MvoEsoeQ,ronaldo,0.0007,71,ok,comment_rows
20260707T100811_a53ac0,2026-07-07T10:13:14.640383+00:00,csv_write,tipAO_OMUJ0,ronaldo,0.0001,1,ok,video_row
20260707T100811_a53ac0,2026-07-07T10:13:14.784942+00:00,comment_page_fetch,tipAO_OMUJ0,ronaldo,0.1443,100,ok,page=1
20260707T100811_a53ac0,2026-07-07T10:13:14.786369+00:00,csv_write,tipAO_OMUJ0,ronaldo,0.001,100,ok,comment_rows
20260707T100811_a53ac0,2026-07-07T10:13:14.961010+00:00,comment_page_fetch,tipAO_OMUJ0,ronaldo,0.1746,100,ok,page=2
20260707T100811_a53ac0,2026-07-07T10:13:14.962005+00:00,csv_write,tipAO_OMUJ0,ronaldo,0.0007,100,ok,comment_rows
20260707T100811_a53ac0,2026-07-07T10:13:15.121982+00:00,comment_page_fetch,tipAO_OMUJ0,ronaldo,0.1599,100,ok,page=3
20260707T100811_a53ac0,2026-07-07T10:13:15.123479+00:00,csv_write,tipAO_OMUJ0,ronaldo,0.001,100,ok,comment_rows
20260707T100811_a53ac0,2026-07-07T10:13:15.305156+00:00,comment_page_fetch,tipAO_OMUJ0,ronaldo,0.1816,100,ok,page=4
20260707T100811_a53ac0,2026-07-07T10:13:15.306594+00:00,csv_write,tipAO_OMUJ0,ronaldo,0.001,100,ok,comment_rows
20260707T100811_a53ac0,2026-07-07T10:13:15.501382+00:00,comment_page_fetch,tipAO_OMUJ0,ronaldo,0.1947,100,ok,page=5
20260707T100811_a53ac0,2026-07-07T10:13:15.501955+00:00,csv_write,tipAO_OMUJ0,ronaldo,0.0004,100,ok,comment_rows
20260707T100811_a53ac0,2026-07-07T10:13:15.724629+00:00,comment_page_fetch,tipAO_OMUJ0,ronaldo,0.2226,100,ok,page=6
20260707T100811_a53ac0,2026-07-07T10:13:15.726124+00:00,csv_write,tipAO_OMUJ0,ronaldo,0.001,100,ok,comment_rows
20260707T100811_a53ac0,2026-07-07T10:13:15.881129+00:00,comment_page_fetch,tipAO_OMUJ0,ronaldo,0.1549,100,ok,page=7
20260707T100811_a53ac0,2026-07-07T10:13:15.881652+00:00,csv_write,tipAO_OMUJ0,ronaldo,0.0003,100,ok,comment_rows
20260707T100811_a53ac0,2026-07-07T10:13:16.047178+00:00,comment_page_fetch,tipAO_OMUJ0,ronaldo,0.1655,11,ok,page=8
20260707T100811_a53ac0,2026-07-07T10:13:16.047273+00:00,csv_write,tipAO_OMUJ0,ronaldo,0.0,11,ok,comment_rows
20260707T100811_a53ac0,2026-07-07T10:13:16.047401+00:00,csv_write,DKcwtXKIkKI,ronaldo,0.0,1,ok,video_row
20260707T100811_a53ac0,2026-07-07T10:13:16.184169+00:00,comment_page_fetch,DKcwtXKIkKI,ronaldo,0.1367,100,ok,page=1
20260707T100811_a53ac0,2026-07-07T10:13:16.184747+00:00,csv_write,DKcwtXKIkKI,ronaldo,0.0004,100,ok,comment_rows
20260707T100811_a53ac0,2026-07-07T10:13:16.369984+00:00,comment_page_fetch,DKcwtXKIkKI,ronaldo,0.1852,100,ok,page=2
20260707T100811_a53ac0,2026-07-07T10:13:16.370547+00:00,csv_write,DKcwtXKIkKI,ronaldo,0.0004,100,ok,comment_rows
20260707T100811_a53ac0,2026-07-07T10:13:16.504212+00:00,comment_page_fetch,DKcwtXKIkKI,ronaldo,0.1336,70,ok,page=3
20260707T100811_a53ac0,2026-07-07T10:13:16.504602+00:00,csv_write,DKcwtXKIkKI,ronaldo,0.0002,70,ok,comment_rows
20260707T100811_a53ac0,2026-07-07T10:13:16.504830+00:00,csv_write,7gJgGoxLrYg,ronaldo,0.0,1,ok,video_row
20260707T100811_a53ac0,2026-07-07T10:13:16.574253+00:00,comment_page_fetch,7gJgGoxLrYg,ronaldo,0.0693,23,ok,page=1
20260707T100811_a53ac0,2026-07-07T10:13:16.574444+00:00,csv_write,7gJgGoxLrYg,ronaldo,0.0001,23,ok,comment_rows
20260707T100811_a53ac0,2026-07-07T10:13:16.624590+00:00,video_stats_fetch,7OAmgaLtmpQ,ronaldo,0.05,1,ok,
20260707T100811_a53ac0,2026-07-07T10:13:16.674452+00:00,channel_stats_fetch,7OAmgaLtmpQ,ronaldo,0.0498,1,ok,
20260707T100811_a53ac0,2026-07-07T10:13:16.674486+00:00,transcript_fetch,7OAmgaLtmpQ,ronaldo,0.0,1,skip,no_transcript
20260707T100811_a53ac0,2026-07-07T10:13:16.756711+00:00,thumbnail_download,7OAmgaLtmpQ,ronaldo,0.0822,1,ok,
20260707T100811_a53ac0,2026-07-07T10:13:16.827702+00:00,video_stats_fetch,LFheA62nVoI,ronaldo,0.0709,1,ok,
20260707T100811_a53ac0,2026-07-07T10:13:16.866606+00:00,channel_stats_fetch,LFheA62nVoI,ronaldo,0.0388,1,ok,
20260707T100811_a53ac0,2026-07-07T10:13:16.866657+00:00,transcript_fetch,LFheA62nVoI,ronaldo,0.0,1,skip,no_transcript
20260707T100811_a53ac0,2026-07-07T10:13:16.951173+00:00,thumbnail_download,LFheA62nVoI,ronaldo,0.0845,1,ok,
20260707T100811_a53ac0,2026-07-07T10:13:16.992750+00:00,video_stats_fetch,yui1CUHO9dA,ronaldo,0.0415,1,ok,
20260707T100811_a53ac0,2026-07-07T10:13:17.046794+00:00,channel_stats_fetch,yui1CUHO9dA,ronaldo,0.054,1,ok,
20260707T100811_a53ac0,2026-07-07T10:13:17.046833+00:00,transcript_fetch,yui1CUHO9dA,ronaldo,0.0,1,skip,no_transcript
20260707T100811_a53ac0,2026-07-07T10:13:17.137019+00:00,thumbnail_download,yui1CUHO9dA,ronaldo,0.0902,1,ok,
20260707T100811_a53ac0,2026-07-07T10:13:17.177825+00:00,video_stats_fetch,ID7Lqrzy3Zg,ronaldo,0.0407,1,ok,
20260707T100811_a53ac0,2026-07-07T10:13:17.246285+00:00,channel_stats_fetch,ID7Lqrzy3Zg,ronaldo,0.0684,1,ok,
20260707T100811_a53ac0,2026-07-07T10:13:17.246334+00:00,transcript_fetch,ID7Lqrzy3Zg,ronaldo,0.0,1,skip,no_transcript
20260707T100811_a53ac0,2026-07-07T10:13:17.364447+00:00,thumbnail_download,ID7Lqrzy3Zg,ronaldo,0.1181,1,ok,
20260707T100811_a53ac0,2026-07-07T10:13:17.408005+00:00,video_stats_fetch,cmmADRAOIT8,ronaldo,0.0434,1,ok,
20260707T100811_a53ac0,2026-07-07T10:13:17.467752+00:00,channel_stats_fetch,cmmADRAOIT8,ronaldo,0.0596,1,ok,
20260707T100811_a53ac0,2026-07-07T10:13:17.467780+00:00,transcript_fetch,cmmADRAOIT8,ronaldo,0.0,1,skip,no_transcript
20260707T100811_a53ac0,2026-07-07T10:13:17.573453+00:00,thumbnail_download,cmmADRAOIT8,ronaldo,0.1056,1,ok,
20260707T100811_a53ac0,2026-07-07T10:13:33.476237+00:00,llm_batch_call,,ronaldo,15.9021,5,ok,
20260707T100811_a53ac0,2026-07-07T10:13:33.476576+00:00,csv_write,7OAmgaLtmpQ,ronaldo,0.0,1,ok,video_row
20260707T100811_a53ac0,2026-07-07T10:13:33.598880+00:00,comment_page_fetch,7OAmgaLtmpQ,ronaldo,0.1222,53,ok,page=1
20260707T100811_a53ac0,2026-07-07T10:13:33.599368+00:00,csv_write,7OAmgaLtmpQ,ronaldo,0.0003,53,ok,comment_rows
20260707T100811_a53ac0,2026-07-07T10:13:33.600009+00:00,csv_write,yui1CUHO9dA,ronaldo,0.0,1,ok,video_row
20260707T100811_a53ac0,2026-07-07T10:13:33.710774+00:00,comment_page_fetch,yui1CUHO9dA,ronaldo,0.1106,58,ok,page=1
20260707T100811_a53ac0,2026-07-07T10:13:33.712988+00:00,csv_write,yui1CUHO9dA,ronaldo,0.0016,58,ok,comment_rows
20260707T100811_a53ac0,2026-07-07T10:13:33.714581+00:00,csv_write,cmmADRAOIT8,ronaldo,0.0001,1,ok,video_row
20260707T100811_a53ac0,2026-07-07T10:13:33.897504+00:00,comment_page_fetch,cmmADRAOIT8,ronaldo,0.1826,100,ok,page=1
20260707T100811_a53ac0,2026-07-07T10:13:33.899180+00:00,csv_write,cmmADRAOIT8,ronaldo,0.0012,100,ok,comment_rows
20260707T100811_a53ac0,2026-07-07T10:13:33.999159+00:00,comment_page_fetch,cmmADRAOIT8,ronaldo,0.0999,10,ok,page=2
20260707T100811_a53ac0,2026-07-07T10:13:33.999472+00:00,csv_write,cmmADRAOIT8,ronaldo,0.0001,10,ok,comment_rows
20260707T100811_a53ac0,2026-07-07T10:13:34.049806+00:00,video_stats_fetch,SnTUSZdGNu0,ronaldo,0.05,1,ok,
20260707T100811_a53ac0,2026-07-07T10:13:34.092169+00:00,channel_stats_fetch,SnTUSZdGNu0,ronaldo,0.0422,1,ok,
20260707T100811_a53ac0,2026-07-07T10:13:34.092284+00:00,transcript_fetch,SnTUSZdGNu0,ronaldo,0.0,1,skip,no_transcript
20260707T100811_a53ac0,2026-07-07T10:13:34.184108+00:00,thumbnail_download,SnTUSZdGNu0,ronaldo,0.0918,1,ok,
20260707T100811_a53ac0,2026-07-07T10:13:34.235680+00:00,video_stats_fetch,bL-ZYuj0c98,ronaldo,0.0514,1,ok,
20260707T100811_a53ac0,2026-07-07T10:13:34.294026+00:00,channel_stats_fetch,bL-ZYuj0c98,ronaldo,0.0582,1,ok,
20260707T100811_a53ac0,2026-07-07T10:13:34.294169+00:00,transcript_fetch,bL-ZYuj0c98,ronaldo,0.0,1,skip,no_transcript
20260707T100811_a53ac0,2026-07-07T10:13:34.385710+00:00,thumbnail_download,bL-ZYuj0c98,ronaldo,0.0915,1,ok,
20260707T100811_a53ac0,2026-07-07T10:13:34.449396+00:00,video_stats_fetch,LnlOSMlFEYo,ronaldo,0.0635,1,ok,
20260707T100811_a53ac0,2026-07-07T10:13:34.502680+00:00,channel_stats_fetch,LnlOSMlFEYo,ronaldo,0.0532,1,ok,
20260707T100811_a53ac0,2026-07-07T10:13:34.502797+00:00,transcript_fetch,LnlOSMlFEYo,ronaldo,0.0,1,skip,no_transcript
20260707T100811_a53ac0,2026-07-07T10:13:34.614364+00:00,thumbnail_download,LnlOSMlFEYo,ronaldo,0.1115,1,ok,
20260707T100811_a53ac0,2026-07-07T10:13:34.658170+00:00,video_stats_fetch,jHUDutQkfGc,ronaldo,0.0437,1,ok,
20260707T100811_a53ac0,2026-07-07T10:13:34.727994+00:00,channel_stats_fetch,jHUDutQkfGc,ronaldo,0.0696,1,ok,
20260707T100811_a53ac0,2026-07-07T10:13:34.728143+00:00,transcript_fetch,jHUDutQkfGc,ronaldo,0.0,1,skip,no_transcript
20260707T100811_a53ac0,2026-07-07T10:13:34.812631+00:00,thumbnail_download,jHUDutQkfGc,ronaldo,0.0844,1,ok,
20260707T100811_a53ac0,2026-07-07T10:13:34.858704+00:00,video_stats_fetch,ONSIU92pq0Q,ronaldo,0.046,1,ok,
20260707T100811_a53ac0,2026-07-07T10:13:34.902010+00:00,channel_stats_fetch,ONSIU92pq0Q,ronaldo,0.0433,1,ok,
20260707T100811_a53ac0,2026-07-07T10:13:34.902132+00:00,transcript_fetch,ONSIU92pq0Q,ronaldo,0.0,1,skip,no_transcript
20260707T100811_a53ac0,2026-07-07T10:13:34.990559+00:00,thumbnail_download,ONSIU92pq0Q,ronaldo,0.0884,1,ok,
20260707T100811_a53ac0,2026-07-07T10:13:47.997831+00:00,llm_batch_call,,ronaldo,13.0066,5,ok,
20260707T100811_a53ac0,2026-07-07T10:13:47.998295+00:00,csv_write,SnTUSZdGNu0,ronaldo,0.0,1,ok,video_row
20260707T100811_a53ac0,2026-07-07T10:13:48.162346+00:00,comment_page_fetch,SnTUSZdGNu0,ronaldo,0.164,53,ok,page=1
20260707T100811_a53ac0,2026-07-07T10:13:48.162537+00:00,csv_write,SnTUSZdGNu0,ronaldo,0.0001,53,ok,comment_rows
20260707T100811_a53ac0,2026-07-07T10:13:48.162728+00:00,csv_write,bL-ZYuj0c98,ronaldo,0.0,1,ok,video_row
20260707T100811_a53ac0,2026-07-07T10:13:48.360473+00:00,comment_page_fetch,bL-ZYuj0c98,ronaldo,0.1977,100,ok,page=1
20260707T100811_a53ac0,2026-07-07T10:13:48.362192+00:00,csv_write,bL-ZYuj0c98,ronaldo,0.0012,100,ok,comment_rows
20260707T100811_a53ac0,2026-07-07T10:13:48.517531+00:00,comment_page_fetch,bL-ZYuj0c98,ronaldo,0.1553,100,ok,page=2
20260707T100811_a53ac0,2026-07-07T10:13:48.519137+00:00,csv_write,bL-ZYuj0c98,ronaldo,0.0012,100,ok,comment_rows
20260707T100811_a53ac0,2026-07-07T10:13:48.683045+00:00,comment_page_fetch,bL-ZYuj0c98,ronaldo,0.1638,100,ok,page=3
20260707T100811_a53ac0,2026-07-07T10:13:48.684726+00:00,csv_write,bL-ZYuj0c98,ronaldo,0.0012,100,ok,comment_rows
20260707T100811_a53ac0,2026-07-07T10:13:48.890486+00:00,comment_page_fetch,bL-ZYuj0c98,ronaldo,0.2057,100,ok,page=4
20260707T100811_a53ac0,2026-07-07T10:13:48.892072+00:00,csv_write,bL-ZYuj0c98,ronaldo,0.0011,100,ok,comment_rows
20260707T100811_a53ac0,2026-07-07T10:13:48.997997+00:00,comment_page_fetch,bL-ZYuj0c98,ronaldo,0.1059,25,ok,page=5
20260707T100811_a53ac0,2026-07-07T10:13:48.998548+00:00,csv_write,bL-ZYuj0c98,ronaldo,0.0003,25,ok,comment_rows
20260707T100811_a53ac0,2026-07-07T10:13:48.999361+00:00,csv_write,LnlOSMlFEYo,ronaldo,0.0001,1,ok,video_row
20260707T100811_a53ac0,2026-07-07T10:13:49.172298+00:00,comment_page_fetch,LnlOSMlFEYo,ronaldo,0.1727,100,ok,page=1
20260707T100811_a53ac0,2026-07-07T10:13:49.173891+00:00,csv_write,LnlOSMlFEYo,ronaldo,0.0011,100,ok,comment_rows
20260707T100811_a53ac0,2026-07-07T10:13:49.263339+00:00,comment_page_fetch,LnlOSMlFEYo,ronaldo,0.0894,28,ok,page=2
20260707T100811_a53ac0,2026-07-07T10:13:49.263918+00:00,csv_write,LnlOSMlFEYo,ronaldo,0.0003,28,ok,comment_rows
20260707T100811_a53ac0,2026-07-07T10:13:49.264907+00:00,csv_write,jHUDutQkfGc,ronaldo,0.0001,1,ok,video_row
20260707T100811_a53ac0,2026-07-07T10:13:49.536083+00:00,comment_page_fetch,jHUDutQkfGc,ronaldo,0.2709,95,ok,page=1
20260707T100811_a53ac0,2026-07-07T10:13:49.537508+00:00,csv_write,jHUDutQkfGc,ronaldo,0.001,95,ok,comment_rows
20260707T100811_a53ac0,2026-07-07T10:13:49.580266+00:00,video_stats_fetch,Cq9lYjZuWDo,ronaldo,0.0422,1,ok,
20260707T100811_a53ac0,2026-07-07T10:13:49.627893+00:00,channel_stats_fetch,Cq9lYjZuWDo,ronaldo,0.0475,1,ok,
20260707T100811_a53ac0,2026-07-07T10:13:49.628045+00:00,transcript_fetch,Cq9lYjZuWDo,ronaldo,0.0,1,skip,no_transcript
20260707T100811_a53ac0,2026-07-07T10:13:49.748886+00:00,thumbnail_download,Cq9lYjZuWDo,ronaldo,0.1208,1,ok,
20260707T100811_a53ac0,2026-07-07T10:13:49.795477+00:00,video_stats_fetch,UXLRBVxEXXc,ronaldo,0.0465,1,ok,
20260707T100811_a53ac0,2026-07-07T10:13:49.843211+00:00,channel_stats_fetch,UXLRBVxEXXc,ronaldo,0.0476,1,ok,
20260707T100811_a53ac0,2026-07-07T10:13:49.843331+00:00,transcript_fetch,UXLRBVxEXXc,ronaldo,0.0,1,skip,no_transcript
20260707T100811_a53ac0,2026-07-07T10:13:49.936074+00:00,thumbnail_download,UXLRBVxEXXc,ronaldo,0.0927,1,ok,
20260707T100811_a53ac0,2026-07-07T10:13:49.982501+00:00,video_stats_fetch,k-3vRa-OuTs,ronaldo,0.0463,1,ok,
20260707T100811_a53ac0,2026-07-07T10:13:50.027143+00:00,channel_stats_fetch,k-3vRa-OuTs,ronaldo,0.0445,1,ok,
20260707T100811_a53ac0,2026-07-07T10:13:50.027340+00:00,transcript_fetch,k-3vRa-OuTs,ronaldo,0.0,1,skip,no_transcript
20260707T100811_a53ac0,2026-07-07T10:13:50.171754+00:00,thumbnail_download,k-3vRa-OuTs,ronaldo,0.1443,1,ok,
20260707T100811_a53ac0,2026-07-07T10:13:50.230427+00:00,video_stats_fetch,y1nhfKIavHc,ronaldo,0.0585,1,ok,
20260707T100811_a53ac0,2026-07-07T10:13:50.283634+00:00,channel_stats_fetch,y1nhfKIavHc,ronaldo,0.0531,1,ok,
20260707T100811_a53ac0,2026-07-07T10:13:50.283764+00:00,transcript_fetch,y1nhfKIavHc,ronaldo,0.0,1,skip,no_transcript
20260707T100811_a53ac0,2026-07-07T10:13:50.398872+00:00,thumbnail_download,y1nhfKIavHc,ronaldo,0.1151,1,ok,
20260707T100811_a53ac0,2026-07-07T10:13:50.441236+00:00,video_stats_fetch,DHcCqWT5csE,ronaldo,0.0422,1,ok,
20260707T100811_a53ac0,2026-07-07T10:13:50.484404+00:00,channel_stats_fetch,DHcCqWT5csE,ronaldo,0.0431,1,ok,
20260707T100811_a53ac0,2026-07-07T10:13:50.484498+00:00,transcript_fetch,DHcCqWT5csE,ronaldo,0.0,1,skip,no_transcript
20260707T100811_a53ac0,2026-07-07T10:13:50.597186+00:00,thumbnail_download,DHcCqWT5csE,ronaldo,0.1126,1,ok,
20260707T100811_a53ac0,2026-07-07T10:14:06.731222+00:00,llm_batch_call,,ronaldo,16.1334,5,ok,
20260707T100811_a53ac0,2026-07-07T10:14:06.731661+00:00,csv_write,Cq9lYjZuWDo,ronaldo,0.0,1,ok,video_row
20260707T100811_a53ac0,2026-07-07T10:14:06.895612+00:00,comment_page_fetch,Cq9lYjZuWDo,ronaldo,0.1639,100,ok,page=1
20260707T100811_a53ac0,2026-07-07T10:14:06.898641+00:00,csv_write,Cq9lYjZuWDo,ronaldo,0.0022,100,ok,comment_rows
20260707T100811_a53ac0,2026-07-07T10:14:07.057502+00:00,comment_page_fetch,Cq9lYjZuWDo,ronaldo,0.1587,100,ok,page=2
20260707T100811_a53ac0,2026-07-07T10:14:07.059099+00:00,csv_write,Cq9lYjZuWDo,ronaldo,0.0011,100,ok,comment_rows
20260707T100811_a53ac0,2026-07-07T10:14:07.219060+00:00,comment_page_fetch,Cq9lYjZuWDo,ronaldo,0.1599,100,ok,page=3
20260707T100811_a53ac0,2026-07-07T10:14:07.220729+00:00,csv_write,Cq9lYjZuWDo,ronaldo,0.0011,100,ok,comment_rows
20260707T100811_a53ac0,2026-07-07T10:14:07.376254+00:00,comment_page_fetch,Cq9lYjZuWDo,ronaldo,0.1555,100,ok,page=4
20260707T100811_a53ac0,2026-07-07T10:14:07.377837+00:00,csv_write,Cq9lYjZuWDo,ronaldo,0.0011,100,ok,comment_rows
20260707T100811_a53ac0,2026-07-07T10:14:07.507650+00:00,comment_page_fetch,Cq9lYjZuWDo,ronaldo,0.1297,73,ok,page=5
20260707T100811_a53ac0,2026-07-07T10:14:07.508800+00:00,csv_write,Cq9lYjZuWDo,ronaldo,0.0008,73,ok,comment_rows
20260707T100811_a53ac0,2026-07-07T10:14:07.510276+00:00,csv_write,y1nhfKIavHc,ronaldo,0.0001,1,ok,video_row
20260707T100811_a53ac0,2026-07-07T10:14:07.683656+00:00,comment_page_fetch,y1nhfKIavHc,ronaldo,0.1731,61,ok,page=1
20260707T100811_a53ac0,2026-07-07T10:14:07.684684+00:00,csv_write,y1nhfKIavHc,ronaldo,0.0007,61,ok,comment_rows
20260707T100811_a53ac0,2026-07-07T10:14:07.738134+00:00,video_stats_fetch,IuH0K6NQi58,ronaldo,0.053,1,ok,
20260707T100811_a53ac0,2026-07-07T10:14:07.791569+00:00,channel_stats_fetch,IuH0K6NQi58,ronaldo,0.0533,1,ok,
20260707T100811_a53ac0,2026-07-07T10:14:07.791692+00:00,transcript_fetch,IuH0K6NQi58,ronaldo,0.0,1,skip,no_transcript
20260707T100811_a53ac0,2026-07-07T10:14:07.902159+00:00,thumbnail_download,IuH0K6NQi58,ronaldo,0.1104,1,ok,
20260707T100811_a53ac0,2026-07-07T10:14:07.944595+00:00,video_stats_fetch,bsyrL5STDjk,ronaldo,0.0424,1,ok,
20260707T100811_a53ac0,2026-07-07T10:14:07.993586+00:00,channel_stats_fetch,bsyrL5STDjk,ronaldo,0.0489,1,ok,
20260707T100811_a53ac0,2026-07-07T10:14:07.993706+00:00,transcript_fetch,bsyrL5STDjk,ronaldo,0.0,1,skip,no_transcript
20260707T100811_a53ac0,2026-07-07T10:14:08.083823+00:00,thumbnail_download,bsyrL5STDjk,ronaldo,0.0901,1,ok,
20260707T100811_a53ac0,2026-07-07T10:14:08.197672+00:00,video_stats_fetch,K5Qka3jthH4,ronaldo,0.1136,1,ok,
20260707T100811_a53ac0,2026-07-07T10:14:08.260606+00:00,channel_stats_fetch,K5Qka3jthH4,ronaldo,0.0627,1,ok,
20260707T100811_a53ac0,2026-07-07T10:14:08.260822+00:00,transcript_fetch,K5Qka3jthH4,ronaldo,0.0,1,skip,no_transcript
20260707T100811_a53ac0,2026-07-07T10:14:08.367115+00:00,thumbnail_download,K5Qka3jthH4,ronaldo,0.1062,1,ok,
20260707T100811_a53ac0,2026-07-07T10:14:08.419466+00:00,video_stats_fetch,Jafko3zFIFM,ronaldo,0.0523,1,ok,
20260707T100811_a53ac0,2026-07-07T10:14:08.464711+00:00,channel_stats_fetch,Jafko3zFIFM,ronaldo,0.0451,1,ok,
20260707T100811_a53ac0,2026-07-07T10:14:08.464894+00:00,transcript_fetch,Jafko3zFIFM,ronaldo,0.0,1,skip,no_transcript
20260707T100811_a53ac0,2026-07-07T10:14:08.586336+00:00,thumbnail_download,Jafko3zFIFM,ronaldo,0.1213,1,ok,
20260707T100811_a53ac0,2026-07-07T10:14:08.648483+00:00,video_stats_fetch,A-lJWBTXvuU,ronaldo,0.062,1,ok,
20260707T100811_a53ac0,2026-07-07T10:14:08.691715+00:00,channel_stats_fetch,A-lJWBTXvuU,ronaldo,0.0431,1,ok,
20260707T100811_a53ac0,2026-07-07T10:14:08.691801+00:00,transcript_fetch,A-lJWBTXvuU,ronaldo,0.0,1,skip,no_transcript
20260707T100811_a53ac0,2026-07-07T10:14:08.759371+00:00,thumbnail_download,A-lJWBTXvuU,ronaldo,0.0675,1,ok,
20260707T100811_a53ac0,2026-07-07T10:14:21.744465+00:00,llm_batch_call,,ronaldo,12.9845,5,ok,
20260707T100811_a53ac0,2026-07-07T10:14:21.744771+00:00,csv_write,IuH0K6NQi58,ronaldo,0.0,1,ok,video_row
20260707T100811_a53ac0,2026-07-07T10:14:21.882119+00:00,comment_page_fetch,IuH0K6NQi58,ronaldo,0.1373,12,ok,page=1
20260707T100811_a53ac0,2026-07-07T10:14:21.882456+00:00,csv_write,IuH0K6NQi58,ronaldo,0.0002,12,ok,comment_rows
20260707T100811_a53ac0,2026-07-07T10:14:21.883558+00:00,csv_write,bsyrL5STDjk,ronaldo,0.0001,1,ok,video_row
20260707T100811_a53ac0,2026-07-07T10:14:22.071175+00:00,comment_page_fetch,bsyrL5STDjk,ronaldo,0.1873,100,ok,page=1
20260707T100811_a53ac0,2026-07-07T10:14:22.072758+00:00,csv_write,bsyrL5STDjk,ronaldo,0.0012,100,ok,comment_rows
20260707T100811_a53ac0,2026-07-07T10:14:22.260974+00:00,comment_page_fetch,bsyrL5STDjk,ronaldo,0.1881,100,ok,page=2
20260707T100811_a53ac0,2026-07-07T10:14:22.262928+00:00,csv_write,bsyrL5STDjk,ronaldo,0.0014,100,ok,comment_rows
20260707T100811_a53ac0,2026-07-07T10:14:22.406055+00:00,comment_page_fetch,bsyrL5STDjk,ronaldo,0.143,100,ok,page=3
20260707T100811_a53ac0,2026-07-07T10:14:22.407706+00:00,csv_write,bsyrL5STDjk,ronaldo,0.0012,100,ok,comment_rows
20260707T100811_a53ac0,2026-07-07T10:14:22.549171+00:00,comment_page_fetch,bsyrL5STDjk,ronaldo,0.1414,100,ok,page=4
20260707T100811_a53ac0,2026-07-07T10:14:22.550863+00:00,csv_write,bsyrL5STDjk,ronaldo,0.0012,100,ok,comment_rows
20260707T100811_a53ac0,2026-07-07T10:14:22.887605+00:00,comment_page_fetch,bsyrL5STDjk,ronaldo,0.3367,100,ok,page=5
20260707T100811_a53ac0,2026-07-07T10:14:22.889357+00:00,csv_write,bsyrL5STDjk,ronaldo,0.0013,100,ok,comment_rows
20260707T100811_a53ac0,2026-07-07T10:14:23.043352+00:00,comment_page_fetch,bsyrL5STDjk,ronaldo,0.1539,100,ok,page=6
20260707T100811_a53ac0,2026-07-07T10:14:23.044427+00:00,csv_write,bsyrL5STDjk,ronaldo,0.0008,100,ok,comment_rows
20260707T100811_a53ac0,2026-07-07T10:14:23.156877+00:00,comment_page_fetch,bsyrL5STDjk,ronaldo,0.1124,17,ok,page=7
20260707T100811_a53ac0,2026-07-07T10:14:23.157365+00:00,csv_write,bsyrL5STDjk,ronaldo,0.0003,17,ok,comment_rows
20260707T100811_a53ac0,2026-07-07T10:14:23.158466+00:00,csv_write,Jafko3zFIFM,ronaldo,0.0,1,ok,video_row
20260707T100811_a53ac0,2026-07-07T10:14:23.265841+00:00,comment_page_fetch,Jafko3zFIFM,ronaldo,0.1071,29,ok,page=1
20260707T100811_a53ac0,2026-07-07T10:14:23.266330+00:00,csv_write,Jafko3zFIFM,ronaldo,0.0003,29,ok,comment_rows
20260707T100811_a53ac0,2026-07-07T10:14:23.267144+00:00,csv_write,A-lJWBTXvuU,ronaldo,0.0001,1,ok,video_row
20260707T100811_a53ac0,2026-07-07T10:14:23.426744+00:00,comment_page_fetch,A-lJWBTXvuU,ronaldo,0.1593,100,ok,page=1
20260707T100811_a53ac0,2026-07-07T10:14:23.453083+00:00,csv_write,A-lJWBTXvuU,ronaldo,0.0259,100,ok,comment_rows
20260707T100811_a53ac0,2026-07-07T10:14:23.620031+00:00,comment_page_fetch,A-lJWBTXvuU,ronaldo,0.1669,100,ok,page=2
20260707T100811_a53ac0,2026-07-07T10:14:23.620321+00:00,csv_write,A-lJWBTXvuU,ronaldo,0.0002,100,ok,comment_rows
20260707T100811_a53ac0,2026-07-07T10:14:23.785441+00:00,comment_page_fetch,A-lJWBTXvuU,ronaldo,0.1651,100,ok,page=3
20260707T100811_a53ac0,2026-07-07T10:14:23.786948+00:00,csv_write,A-lJWBTXvuU,ronaldo,0.001,100,ok,comment_rows
20260707T100811_a53ac0,2026-07-07T10:14:23.954375+00:00,comment_page_fetch,A-lJWBTXvuU,ronaldo,0.1674,100,ok,page=4
20260707T100811_a53ac0,2026-07-07T10:14:23.955827+00:00,csv_write,A-lJWBTXvuU,ronaldo,0.001,100,ok,comment_rows
20260707T100811_a53ac0,2026-07-07T10:14:24.155176+00:00,comment_page_fetch,A-lJWBTXvuU,ronaldo,0.1993,100,ok,page=5
20260707T100811_a53ac0,2026-07-07T10:14:24.156656+00:00,csv_write,A-lJWBTXvuU,ronaldo,0.0009,100,ok,comment_rows
20260707T100811_a53ac0,2026-07-07T10:14:24.347925+00:00,comment_page_fetch,A-lJWBTXvuU,ronaldo,0.1912,100,ok,page=6
20260707T100811_a53ac0,2026-07-07T10:14:24.349280+00:00,csv_write,A-lJWBTXvuU,ronaldo,0.0009,100,ok,comment_rows
20260707T100811_a53ac0,2026-07-07T10:14:24.532433+00:00,comment_page_fetch,A-lJWBTXvuU,ronaldo,0.1831,100,ok,page=7
20260707T100811_a53ac0,2026-07-07T10:14:24.533850+00:00,csv_write,A-lJWBTXvuU,ronaldo,0.0009,100,ok,comment_rows
20260707T100811_a53ac0,2026-07-07T10:14:24.722315+00:00,comment_page_fetch,A-lJWBTXvuU,ronaldo,0.1883,100,ok,page=8
20260707T100811_a53ac0,2026-07-07T10:14:24.723796+00:00,csv_write,A-lJWBTXvuU,ronaldo,0.0009,100,ok,comment_rows
20260707T100811_a53ac0,2026-07-07T10:14:24.908584+00:00,comment_page_fetch,A-lJWBTXvuU,ronaldo,0.1847,100,ok,page=9
20260707T100811_a53ac0,2026-07-07T10:14:24.909596+00:00,csv_write,A-lJWBTXvuU,ronaldo,0.0006,100,ok,comment_rows
20260707T100811_a53ac0,2026-07-07T10:14:25.073007+00:00,comment_page_fetch,A-lJWBTXvuU,ronaldo,0.1634,100,ok,page=10
20260707T100811_a53ac0,2026-07-07T10:14:25.074373+00:00,csv_write,A-lJWBTXvuU,ronaldo,0.0009,100,ok,comment_rows
20260707T100811_a53ac0,2026-07-07T10:14:25.249375+00:00,comment_page_fetch,A-lJWBTXvuU,ronaldo,0.1749,100,ok,page=11
20260707T100811_a53ac0,2026-07-07T10:14:25.250711+00:00,csv_write,A-lJWBTXvuU,ronaldo,0.0009,100,ok,comment_rows
20260707T100811_a53ac0,2026-07-07T10:14:25.418251+00:00,comment_page_fetch,A-lJWBTXvuU,ronaldo,0.1675,100,ok,page=12
20260707T100811_a53ac0,2026-07-07T10:14:25.418538+00:00,csv_write,A-lJWBTXvuU,ronaldo,0.0002,100,ok,comment_rows
20260707T100811_a53ac0,2026-07-07T10:14:25.640768+00:00,comment_page_fetch,A-lJWBTXvuU,ronaldo,0.2222,100,ok,page=13
20260707T100811_a53ac0,2026-07-07T10:14:25.641285+00:00,csv_write,A-lJWBTXvuU,ronaldo,0.0003,100,ok,comment_rows
20260707T100811_a53ac0,2026-07-07T10:14:25.856155+00:00,comment_page_fetch,A-lJWBTXvuU,ronaldo,0.2148,100,ok,page=14
20260707T100811_a53ac0,2026-07-07T10:14:25.858930+00:00,csv_write,A-lJWBTXvuU,ronaldo,0.0019,100,ok,comment_rows
20260707T100811_a53ac0,2026-07-07T10:14:26.020397+00:00,comment_page_fetch,A-lJWBTXvuU,ronaldo,0.1614,100,ok,page=15
20260707T100811_a53ac0,2026-07-07T10:14:26.020931+00:00,csv_write,A-lJWBTXvuU,ronaldo,0.0003,100,ok,comment_rows
20260707T100811_a53ac0,2026-07-07T10:14:26.252863+00:00,comment_page_fetch,A-lJWBTXvuU,ronaldo,0.2319,100,ok,page=16
20260707T100811_a53ac0,2026-07-07T10:14:26.254405+00:00,csv_write,A-lJWBTXvuU,ronaldo,0.0006,100,ok,comment_rows
20260707T100811_a53ac0,2026-07-07T10:14:26.515738+00:00,comment_page_fetch,A-lJWBTXvuU,ronaldo,0.2613,100,ok,page=17
20260707T100811_a53ac0,2026-07-07T10:14:26.517206+00:00,csv_write,A-lJWBTXvuU,ronaldo,0.0009,100,ok,comment_rows
20260707T100811_a53ac0,2026-07-07T10:14:26.707661+00:00,comment_page_fetch,A-lJWBTXvuU,ronaldo,0.1904,100,ok,page=18
20260707T100811_a53ac0,2026-07-07T10:14:26.708996+00:00,csv_write,A-lJWBTXvuU,ronaldo,0.0009,100,ok,comment_rows
20260707T100811_a53ac0,2026-07-07T10:14:26.921361+00:00,comment_page_fetch,A-lJWBTXvuU,ronaldo,0.2123,100,ok,page=19
20260707T100811_a53ac0,2026-07-07T10:14:26.922794+00:00,csv_write,A-lJWBTXvuU,ronaldo,0.001,100,ok,comment_rows
20260707T100811_a53ac0,2026-07-07T10:14:27.110096+00:00,comment_page_fetch,A-lJWBTXvuU,ronaldo,0.1872,100,ok,page=20
20260707T100811_a53ac0,2026-07-07T10:14:27.111542+00:00,csv_write,A-lJWBTXvuU,ronaldo,0.0009,100,ok,comment_rows
20260707T100811_a53ac0,2026-07-07T10:14:27.254434+00:00,comment_page_fetch,A-lJWBTXvuU,ronaldo,0.1428,100,ok,page=21
20260707T100811_a53ac0,2026-07-07T10:14:27.255398+00:00,csv_write,A-lJWBTXvuU,ronaldo,0.0006,100,ok,comment_rows
20260707T100811_a53ac0,2026-07-07T10:14:27.445088+00:00,comment_page_fetch,A-lJWBTXvuU,ronaldo,0.1896,100,ok,page=22
20260707T100811_a53ac0,2026-07-07T10:14:27.445367+00:00,csv_write,A-lJWBTXvuU,ronaldo,0.0002,100,ok,comment_rows
20260707T100811_a53ac0,2026-07-07T10:14:27.638263+00:00,comment_page_fetch,A-lJWBTXvuU,ronaldo,0.1929,100,ok,page=23
20260707T100811_a53ac0,2026-07-07T10:14:27.639689+00:00,csv_write,A-lJWBTXvuU,ronaldo,0.0009,100,ok,comment_rows
20260707T100811_a53ac0,2026-07-07T10:14:27.794776+00:00,comment_page_fetch,A-lJWBTXvuU,ronaldo,0.155,100,ok,page=24
20260707T100811_a53ac0,2026-07-07T10:14:27.795342+00:00,csv_write,A-lJWBTXvuU,ronaldo,0.0004,100,ok,comment_rows
20260707T100811_a53ac0,2026-07-07T10:14:28.021307+00:00,comment_page_fetch,A-lJWBTXvuU,ronaldo,0.2259,100,ok,page=25
20260707T100811_a53ac0,2026-07-07T10:14:28.024006+00:00,csv_write,A-lJWBTXvuU,ronaldo,0.0018,100,ok,comment_rows
20260707T100811_a53ac0,2026-07-07T10:14:28.386086+00:00,comment_page_fetch,A-lJWBTXvuU,ronaldo,0.362,100,ok,page=26
20260707T100811_a53ac0,2026-07-07T10:14:28.387516+00:00,csv_write,A-lJWBTXvuU,ronaldo,0.0009,100,ok,comment_rows
20260707T100811_a53ac0,2026-07-07T10:14:28.555644+00:00,comment_page_fetch,A-lJWBTXvuU,ronaldo,0.1681,100,ok,page=27
20260707T100811_a53ac0,2026-07-07T10:14:28.555979+00:00,csv_write,A-lJWBTXvuU,ronaldo,0.0002,100,ok,comment_rows
20260707T100811_a53ac0,2026-07-07T10:14:28.759791+00:00,comment_page_fetch,A-lJWBTXvuU,ronaldo,0.2038,100,ok,page=28
20260707T100811_a53ac0,2026-07-07T10:14:28.761249+00:00,csv_write,A-lJWBTXvuU,ronaldo,0.0009,100,ok,comment_rows
20260707T100811_a53ac0,2026-07-07T10:14:28.962290+00:00,comment_page_fetch,A-lJWBTXvuU,ronaldo,0.201,100,ok,page=29
20260707T100811_a53ac0,2026-07-07T10:14:28.963672+00:00,csv_write,A-lJWBTXvuU,ronaldo,0.0009,100,ok,comment_rows
20260707T100811_a53ac0,2026-07-07T10:14:29.121463+00:00,comment_page_fetch,A-lJWBTXvuU,ronaldo,0.1577,100,ok,page=30
20260707T100811_a53ac0,2026-07-07T10:14:29.122810+00:00,csv_write,A-lJWBTXvuU,ronaldo,0.0009,100,ok,comment_rows
20260707T100811_a53ac0,2026-07-07T10:14:29.292426+00:00,comment_page_fetch,A-lJWBTXvuU,ronaldo,0.1695,100,ok,page=31
20260707T100811_a53ac0,2026-07-07T10:14:29.293888+00:00,csv_write,A-lJWBTXvuU,ronaldo,0.001,100,ok,comment_rows
20260707T100811_a53ac0,2026-07-07T10:14:29.545669+00:00,comment_page_fetch,A-lJWBTXvuU,ronaldo,0.2517,100,ok,page=32
20260707T100811_a53ac0,2026-07-07T10:14:29.547217+00:00,csv_write,A-lJWBTXvuU,ronaldo,0.001,100,ok,comment_rows
20260707T100811_a53ac0,2026-07-07T10:14:29.706470+00:00,comment_page_fetch,A-lJWBTXvuU,ronaldo,0.1592,100,ok,page=33
20260707T100811_a53ac0,2026-07-07T10:14:29.707824+00:00,csv_write,A-lJWBTXvuU,ronaldo,0.0004,100,ok,comment_rows
20260707T100811_a53ac0,2026-07-07T10:14:29.929679+00:00,comment_page_fetch,A-lJWBTXvuU,ronaldo,0.2218,100,ok,page=34
20260707T100811_a53ac0,2026-07-07T10:14:29.931100+00:00,csv_write,A-lJWBTXvuU,ronaldo,0.001,100,ok,comment_rows
20260707T100811_a53ac0,2026-07-07T10:14:30.125626+00:00,comment_page_fetch,A-lJWBTXvuU,ronaldo,0.1945,100,ok,page=35
20260707T100811_a53ac0,2026-07-07T10:14:30.125939+00:00,csv_write,A-lJWBTXvuU,ronaldo,0.0002,100,ok,comment_rows
20260707T100811_a53ac0,2026-07-07T10:14:30.308183+00:00,comment_page_fetch,A-lJWBTXvuU,ronaldo,0.1822,100,ok,page=36
20260707T100811_a53ac0,2026-07-07T10:14:30.309637+00:00,csv_write,A-lJWBTXvuU,ronaldo,0.001,100,ok,comment_rows
20260707T100811_a53ac0,2026-07-07T10:14:30.476032+00:00,comment_page_fetch,A-lJWBTXvuU,ronaldo,0.1663,100,ok,page=37
20260707T100811_a53ac0,2026-07-07T10:14:30.477452+00:00,csv_write,A-lJWBTXvuU,ronaldo,0.001,100,ok,comment_rows
20260707T100811_a53ac0,2026-07-07T10:14:30.657001+00:00,comment_page_fetch,A-lJWBTXvuU,ronaldo,0.1795,100,ok,page=38
20260707T100811_a53ac0,2026-07-07T10:14:30.657850+00:00,csv_write,A-lJWBTXvuU,ronaldo,0.0006,100,ok,comment_rows
20260707T100811_a53ac0,2026-07-07T10:14:30.844476+00:00,comment_page_fetch,A-lJWBTXvuU,ronaldo,0.1866,100,ok,page=39
20260707T100811_a53ac0,2026-07-07T10:14:30.845866+00:00,csv_write,A-lJWBTXvuU,ronaldo,0.0009,100,ok,comment_rows
20260707T100811_a53ac0,2026-07-07T10:14:31.022012+00:00,comment_page_fetch,A-lJWBTXvuU,ronaldo,0.1761,100,ok,page=40
20260707T100811_a53ac0,2026-07-07T10:14:31.023440+00:00,csv_write,A-lJWBTXvuU,ronaldo,0.0009,100,ok,comment_rows
20260707T100811_a53ac0,2026-07-07T10:14:31.183682+00:00,comment_page_fetch,A-lJWBTXvuU,ronaldo,0.1602,100,ok,page=41
20260707T100811_a53ac0,2026-07-07T10:14:31.185550+00:00,csv_write,A-lJWBTXvuU,ronaldo,0.001,100,ok,comment_rows
20260707T100811_a53ac0,2026-07-07T10:14:31.379429+00:00,comment_page_fetch,A-lJWBTXvuU,ronaldo,0.1938,100,ok,page=42
20260707T100811_a53ac0,2026-07-07T10:14:31.380756+00:00,csv_write,A-lJWBTXvuU,ronaldo,0.0009,100,ok,comment_rows
20260707T100811_a53ac0,2026-07-07T10:14:31.533190+00:00,comment_page_fetch,A-lJWBTXvuU,ronaldo,0.1524,100,ok,page=43
20260707T100811_a53ac0,2026-07-07T10:14:31.534691+00:00,csv_write,A-lJWBTXvuU,ronaldo,0.001,100,ok,comment_rows
20260707T100811_a53ac0,2026-07-07T10:14:31.734495+00:00,comment_page_fetch,A-lJWBTXvuU,ronaldo,0.1997,100,ok,page=44
20260707T100811_a53ac0,2026-07-07T10:14:31.735890+00:00,csv_write,A-lJWBTXvuU,ronaldo,0.0009,100,ok,comment_rows
20260707T100811_a53ac0,2026-07-07T10:14:31.854602+00:00,comment_page_fetch,A-lJWBTXvuU,ronaldo,0.1186,25,ok,page=45
20260707T100811_a53ac0,2026-07-07T10:14:31.855129+00:00,csv_write,A-lJWBTXvuU,ronaldo,0.0003,25,ok,comment_rows
20260707T100811_a53ac0,2026-07-07T10:14:31.895502+00:00,video_stats_fetch,RNabUOXk6Ns,ronaldo,0.0401,1,ok,
20260707T100811_a53ac0,2026-07-07T10:14:31.942397+00:00,channel_stats_fetch,RNabUOXk6Ns,ronaldo,0.0468,1,ok,
20260707T100811_a53ac0,2026-07-07T10:14:31.942492+00:00,transcript_fetch,RNabUOXk6Ns,ronaldo,0.0,1,skip,no_transcript
20260707T100811_a53ac0,2026-07-07T10:14:32.057014+00:00,thumbnail_download,RNabUOXk6Ns,ronaldo,0.1145,1,ok,
20260707T100811_a53ac0,2026-07-07T10:14:32.116527+00:00,video_stats_fetch,bcC2JFMzbjs,ronaldo,0.0594,1,ok,
20260707T100811_a53ac0,2026-07-07T10:14:32.161764+00:00,channel_stats_fetch,bcC2JFMzbjs,ronaldo,0.0451,1,ok,
20260707T100811_a53ac0,2026-07-07T10:14:32.161878+00:00,transcript_fetch,bcC2JFMzbjs,ronaldo,0.0,1,skip,no_transcript
20260707T100811_a53ac0,2026-07-07T10:14:32.268533+00:00,thumbnail_download,bcC2JFMzbjs,ronaldo,0.1066,1,ok,
20260707T100811_a53ac0,2026-07-07T10:14:32.312093+00:00,video_stats_fetch,evAg6De_u_Y,ronaldo,0.0434,1,ok,
20260707T100811_a53ac0,2026-07-07T10:14:32.368570+00:00,channel_stats_fetch,evAg6De_u_Y,ronaldo,0.0564,1,ok,
20260707T100811_a53ac0,2026-07-07T10:14:32.368685+00:00,transcript_fetch,evAg6De_u_Y,ronaldo,0.0,1,skip,no_transcript
20260707T100811_a53ac0,2026-07-07T10:14:32.482758+00:00,thumbnail_download,evAg6De_u_Y,ronaldo,0.114,1,ok,
20260707T100811_a53ac0,2026-07-07T10:14:32.533214+00:00,video_stats_fetch,_oDZgmyOmbY,ronaldo,0.0504,1,ok,
20260707T100811_a53ac0,2026-07-07T10:14:32.585860+00:00,channel_stats_fetch,_oDZgmyOmbY,ronaldo,0.0525,1,ok,
20260707T100811_a53ac0,2026-07-07T10:14:32.585980+00:00,transcript_fetch,_oDZgmyOmbY,ronaldo,0.0,1,skip,no_transcript
20260707T100811_a53ac0,2026-07-07T10:14:32.679764+00:00,thumbnail_download,_oDZgmyOmbY,ronaldo,0.0937,1,ok,
20260707T100811_a53ac0,2026-07-07T10:14:32.728361+00:00,video_stats_fetch,R2PBBKXEQqM,ronaldo,0.0485,1,ok,
20260707T100811_a53ac0,2026-07-07T10:14:32.775541+00:00,channel_stats_fetch,R2PBBKXEQqM,ronaldo,0.0471,1,ok,
20260707T100811_a53ac0,2026-07-07T10:14:32.775658+00:00,transcript_fetch,R2PBBKXEQqM,ronaldo,0.0,1,skip,no_transcript
20260707T100811_a53ac0,2026-07-07T10:14:32.873660+00:00,thumbnail_download,R2PBBKXEQqM,ronaldo,0.0979,1,ok,
20260707T100811_a53ac0,2026-07-07T10:14:47.573127+00:00,llm_batch_call,,ronaldo,14.6988,5,ok,
20260707T100811_a53ac0,2026-07-07T10:14:47.573456+00:00,csv_write,RNabUOXk6Ns,ronaldo,0.0,1,ok,video_row
20260707T100811_a53ac0,2026-07-07T10:14:47.727623+00:00,comment_page_fetch,RNabUOXk6Ns,ronaldo,0.1541,100,ok,page=1
20260707T100811_a53ac0,2026-07-07T10:14:47.729302+00:00,csv_write,RNabUOXk6Ns,ronaldo,0.0012,100,ok,comment_rows
20260707T100811_a53ac0,2026-07-07T10:14:47.937891+00:00,comment_page_fetch,RNabUOXk6Ns,ronaldo,0.2085,100,ok,page=2
20260707T100811_a53ac0,2026-07-07T10:14:47.939703+00:00,csv_write,RNabUOXk6Ns,ronaldo,0.0013,100,ok,comment_rows
20260707T100811_a53ac0,2026-07-07T10:14:48.135899+00:00,comment_page_fetch,RNabUOXk6Ns,ronaldo,0.1961,100,ok,page=3
20260707T100811_a53ac0,2026-07-07T10:14:48.141488+00:00,csv_write,RNabUOXk6Ns,ronaldo,0.0006,100,ok,comment_rows
20260707T100811_a53ac0,2026-07-07T10:14:48.286838+00:00,comment_page_fetch,RNabUOXk6Ns,ronaldo,0.1453,82,ok,page=4
20260707T100811_a53ac0,2026-07-07T10:14:48.288319+00:00,csv_write,RNabUOXk6Ns,ronaldo,0.001,82,ok,comment_rows
20260707T100811_a53ac0,2026-07-07T10:14:48.289608+00:00,csv_write,evAg6De_u_Y,ronaldo,0.0001,1,ok,video_row
20260707T100811_a53ac0,2026-07-07T10:14:48.463257+00:00,comment_page_fetch,evAg6De_u_Y,ronaldo,0.1734,28,ok,page=1
20260707T100811_a53ac0,2026-07-07T10:14:48.463865+00:00,csv_write,evAg6De_u_Y,ronaldo,0.0004,28,ok,comment_rows
20260707T100811_a53ac0,2026-07-07T10:14:48.465229+00:00,csv_write,R2PBBKXEQqM,ronaldo,0.0001,1,ok,video_row
20260707T100811_a53ac0,2026-07-07T10:14:48.597299+00:00,comment_page_fetch,R2PBBKXEQqM,ronaldo,0.1318,100,ok,page=1
20260707T100811_a53ac0,2026-07-07T10:14:48.598660+00:00,csv_write,R2PBBKXEQqM,ronaldo,0.0009,100,ok,comment_rows
20260707T100811_a53ac0,2026-07-07T10:14:54.415710+00:00,comment_page_fetch,R2PBBKXEQqM,ronaldo,5.817,82,ok,page=2
20260707T100811_a53ac0,2026-07-07T10:14:54.416977+00:00,csv_write,R2PBBKXEQqM,ronaldo,0.0008,82,ok,comment_rows
20260707T100811_a53ac0,2026-07-07T10:14:54.478097+00:00,video_stats_fetch,NRMsQL5u2_g,ronaldo,0.0607,1,ok,
20260707T100811_a53ac0,2026-07-07T10:14:54.526056+00:00,channel_stats_fetch,NRMsQL5u2_g,ronaldo,0.0478,1,ok,
20260707T100811_a53ac0,2026-07-07T10:14:54.526208+00:00,transcript_fetch,NRMsQL5u2_g,ronaldo,0.0,1,skip,no_transcript
20260707T100811_a53ac0,2026-07-07T10:14:54.743829+00:00,thumbnail_download,NRMsQL5u2_g,ronaldo,0.2176,1,ok,
20260707T100811_a53ac0,2026-07-07T10:14:54.787811+00:00,video_stats_fetch,xVB6tZKGU_8,ronaldo,0.0439,1,ok,
20260707T100811_a53ac0,2026-07-07T10:14:54.842481+00:00,channel_stats_fetch,xVB6tZKGU_8,ronaldo,0.0546,1,ok,
20260707T100811_a53ac0,2026-07-07T10:14:54.842530+00:00,transcript_fetch,xVB6tZKGU_8,ronaldo,0.0,1,skip,no_transcript
20260707T100811_a53ac0,2026-07-07T10:14:54.929709+00:00,thumbnail_download,xVB6tZKGU_8,ronaldo,0.0872,1,ok,
20260707T100811_a53ac0,2026-07-07T10:14:54.978994+00:00,video_stats_fetch,U1hXSZk74x0,ronaldo,0.0492,1,ok,
20260707T100811_a53ac0,2026-07-07T10:14:55.028008+00:00,channel_stats_fetch,U1hXSZk74x0,ronaldo,0.0489,1,ok,
20260707T100811_a53ac0,2026-07-07T10:14:55.028231+00:00,transcript_fetch,U1hXSZk74x0,ronaldo,0.0,1,skip,no_transcript
20260707T100811_a53ac0,2026-07-07T10:14:55.130375+00:00,thumbnail_download,U1hXSZk74x0,ronaldo,0.102,1,ok,
20260707T100811_a53ac0,2026-07-07T10:14:55.179996+00:00,video_stats_fetch,BGf6WFE_ZLE,ronaldo,0.0494,1,ok,
20260707T100811_a53ac0,2026-07-07T10:14:55.239553+00:00,channel_stats_fetch,BGf6WFE_ZLE,ronaldo,0.0595,1,ok,
20260707T100811_a53ac0,2026-07-07T10:14:55.239746+00:00,transcript_fetch,BGf6WFE_ZLE,ronaldo,0.0,1,skip,no_transcript
20260707T100811_a53ac0,2026-07-07T10:14:55.324862+00:00,thumbnail_download,BGf6WFE_ZLE,ronaldo,0.085,1,ok,
20260707T100811_a53ac0,2026-07-07T10:14:55.367764+00:00,video_stats_fetch,cCiy2JCLkkA,ronaldo,0.0428,1,ok,
20260707T100811_a53ac0,2026-07-07T10:14:55.424164+00:00,channel_stats_fetch,cCiy2JCLkkA,ronaldo,0.0563,1,ok,
20260707T100811_a53ac0,2026-07-07T10:14:55.424285+00:00,transcript_fetch,cCiy2JCLkkA,ronaldo,0.0,1,skip,no_transcript
20260707T100811_a53ac0,2026-07-07T10:14:55.543836+00:00,thumbnail_download,cCiy2JCLkkA,ronaldo,0.1195,1,ok,
20260707T100811_a53ac0,2026-07-07T10:15:07.994880+00:00,llm_batch_call,,ronaldo,12.4504,5,ok,
20260707T100811_a53ac0,2026-07-07T10:15:07.995569+00:00,csv_write,NRMsQL5u2_g,ronaldo,0.0001,1,ok,video_row
20260707T100811_a53ac0,2026-07-07T10:15:08.108984+00:00,comment_page_fetch,NRMsQL5u2_g,ronaldo,0.1133,28,ok,page=1
20260707T100811_a53ac0,2026-07-07T10:15:08.109327+00:00,csv_write,NRMsQL5u2_g,ronaldo,0.0002,28,ok,comment_rows
20260707T100811_a53ac0,2026-07-07T10:15:08.110089+00:00,csv_write,xVB6tZKGU_8,ronaldo,0.0001,1,ok,video_row
20260707T100811_a53ac0,2026-07-07T10:15:08.272238+00:00,comment_page_fetch,xVB6tZKGU_8,ronaldo,0.1619,100,ok,page=1
20260707T100811_a53ac0,2026-07-07T10:15:08.273809+00:00,csv_write,xVB6tZKGU_8,ronaldo,0.0011,100,ok,comment_rows
20260707T100811_a53ac0,2026-07-07T10:15:08.475238+00:00,comment_page_fetch,xVB6tZKGU_8,ronaldo,0.2013,100,ok,page=2
20260707T100811_a53ac0,2026-07-07T10:15:08.478019+00:00,csv_write,xVB6tZKGU_8,ronaldo,0.0018,100,ok,comment_rows
20260707T100811_a53ac0,2026-07-07T10:15:08.659544+00:00,comment_page_fetch,xVB6tZKGU_8,ronaldo,0.1814,100,ok,page=3
20260707T100811_a53ac0,2026-07-07T10:15:08.659876+00:00,csv_write,xVB6tZKGU_8,ronaldo,0.0002,100,ok,comment_rows
20260707T100811_a53ac0,2026-07-07T10:15:08.831918+00:00,comment_page_fetch,xVB6tZKGU_8,ronaldo,0.172,100,ok,page=4
20260707T100811_a53ac0,2026-07-07T10:15:08.833312+00:00,csv_write,xVB6tZKGU_8,ronaldo,0.0009,100,ok,comment_rows
20260707T100811_a53ac0,2026-07-07T10:15:09.026914+00:00,comment_page_fetch,xVB6tZKGU_8,ronaldo,0.1935,100,ok,page=5
20260707T100811_a53ac0,2026-07-07T10:15:09.028249+00:00,csv_write,xVB6tZKGU_8,ronaldo,0.0008,100,ok,comment_rows
20260707T100811_a53ac0,2026-07-07T10:15:09.127298+00:00,comment_page_fetch,xVB6tZKGU_8,ronaldo,0.099,1,ok,page=6
20260707T100811_a53ac0,2026-07-07T10:15:09.127497+00:00,csv_write,xVB6tZKGU_8,ronaldo,0.0,1,ok,comment_rows
20260707T100811_a53ac0,2026-07-07T10:15:09.128117+00:00,csv_write,U1hXSZk74x0,ronaldo,0.0,1,ok,video_row
20260707T100811_a53ac0,2026-07-07T10:15:09.311789+00:00,comment_page_fetch,U1hXSZk74x0,ronaldo,0.1834,100,ok,page=1
20260707T100811_a53ac0,2026-07-07T10:15:09.313255+00:00,csv_write,U1hXSZk74x0,ronaldo,0.001,100,ok,comment_rows
20260707T100811_a53ac0,2026-07-07T10:15:09.442759+00:00,comment_page_fetch,U1hXSZk74x0,ronaldo,0.1294,34,ok,page=2
20260707T100811_a53ac0,2026-07-07T10:15:09.443377+00:00,csv_write,U1hXSZk74x0,ronaldo,0.0003,34,ok,comment_rows
20260707T100811_a53ac0,2026-07-07T10:15:09.444476+00:00,csv_write,BGf6WFE_ZLE,ronaldo,0.0001,1,ok,video_row
20260707T100811_a53ac0,2026-07-07T10:15:09.638373+00:00,comment_page_fetch,BGf6WFE_ZLE,ronaldo,0.1936,100,ok,page=1
20260707T100811_a53ac0,2026-07-07T10:15:09.639753+00:00,csv_write,BGf6WFE_ZLE,ronaldo,0.0009,100,ok,comment_rows
20260707T100811_a53ac0,2026-07-07T10:15:09.803927+00:00,comment_page_fetch,BGf6WFE_ZLE,ronaldo,0.1641,100,ok,page=2
20260707T100811_a53ac0,2026-07-07T10:15:09.805372+00:00,csv_write,BGf6WFE_ZLE,ronaldo,0.001,100,ok,comment_rows
20260707T100811_a53ac0,2026-07-07T10:15:10.020741+00:00,comment_page_fetch,BGf6WFE_ZLE,ronaldo,0.2153,100,ok,page=3
20260707T100811_a53ac0,2026-07-07T10:15:10.022172+00:00,csv_write,BGf6WFE_ZLE,ronaldo,0.0009,100,ok,comment_rows
20260707T100811_a53ac0,2026-07-07T10:15:10.211912+00:00,comment_page_fetch,BGf6WFE_ZLE,ronaldo,0.1897,100,ok,page=4
20260707T100811_a53ac0,2026-07-07T10:15:10.213377+00:00,csv_write,BGf6WFE_ZLE,ronaldo,0.001,100,ok,comment_rows
20260707T100811_a53ac0,2026-07-07T10:15:10.351358+00:00,comment_page_fetch,BGf6WFE_ZLE,ronaldo,0.1379,65,ok,page=5
20260707T100811_a53ac0,2026-07-07T10:15:10.352321+00:00,csv_write,BGf6WFE_ZLE,ronaldo,0.0006,65,ok,comment_rows
20260707T100811_a53ac0,2026-07-07T10:15:10.353264+00:00,csv_write,cCiy2JCLkkA,ronaldo,0.0001,1,ok,video_row
20260707T100811_a53ac0,2026-07-07T10:15:10.509272+00:00,comment_page_fetch,cCiy2JCLkkA,ronaldo,0.1557,100,ok,page=1
20260707T100811_a53ac0,2026-07-07T10:15:10.510708+00:00,csv_write,cCiy2JCLkkA,ronaldo,0.001,100,ok,comment_rows
20260707T100811_a53ac0,2026-07-07T10:15:10.659792+00:00,comment_page_fetch,cCiy2JCLkkA,ronaldo,0.149,100,ok,page=2
20260707T100811_a53ac0,2026-07-07T10:15:10.661127+00:00,csv_write,cCiy2JCLkkA,ronaldo,0.0009,100,ok,comment_rows
20260707T100811_a53ac0,2026-07-07T10:15:10.726809+00:00,comment_page_fetch,cCiy2JCLkkA,ronaldo,0.0656,1,ok,page=3
20260707T100811_a53ac0,2026-07-07T10:15:10.726983+00:00,csv_write,cCiy2JCLkkA,ronaldo,0.0,1,ok,comment_rows
20260707T100811_a53ac0,2026-07-07T10:15:10.772364+00:00,video_stats_fetch,q3BCHk77Mbo,ronaldo,0.0451,1,ok,
20260707T100811_a53ac0,2026-07-07T10:15:10.831361+00:00,channel_stats_fetch,q3BCHk77Mbo,ronaldo,0.0589,1,ok,
20260707T100811_a53ac0,2026-07-07T10:15:10.831472+00:00,transcript_fetch,q3BCHk77Mbo,ronaldo,0.0,1,skip,no_transcript
20260707T100811_a53ac0,2026-07-07T10:15:10.950692+00:00,thumbnail_download,q3BCHk77Mbo,ronaldo,0.1192,1,ok,
20260707T100811_a53ac0,2026-07-07T10:15:10.994988+00:00,video_stats_fetch,jmPpASkzlic,ronaldo,0.0442,1,ok,
20260707T100811_a53ac0,2026-07-07T10:15:11.040230+00:00,channel_stats_fetch,jmPpASkzlic,ronaldo,0.0451,1,ok,
20260707T100811_a53ac0,2026-07-07T10:15:11.040344+00:00,transcript_fetch,jmPpASkzlic,ronaldo,0.0,1,skip,no_transcript
20260707T100811_a53ac0,2026-07-07T10:15:11.154008+00:00,thumbnail_download,jmPpASkzlic,ronaldo,0.1136,1,ok,
20260707T100811_a53ac0,2026-07-07T10:15:11.212138+00:00,video_stats_fetch,ggQ9Jn4RTMY,ronaldo,0.0579,1,ok,
20260707T100811_a53ac0,2026-07-07T10:15:11.285196+00:00,channel_stats_fetch,ggQ9Jn4RTMY,ronaldo,0.0729,1,ok,
20260707T100811_a53ac0,2026-07-07T10:15:11.285391+00:00,transcript_fetch,ggQ9Jn4RTMY,ronaldo,0.0,1,skip,no_transcript
20260707T100811_a53ac0,2026-07-07T10:15:11.388170+00:00,thumbnail_download,ggQ9Jn4RTMY,ronaldo,0.1027,1,ok,
20260707T100811_a53ac0,2026-07-07T10:15:11.428253+00:00,video_stats_fetch,7rFP6dPFNDs,ronaldo,0.0399,1,ok,
20260707T100811_a53ac0,2026-07-07T10:15:11.480442+00:00,channel_stats_fetch,7rFP6dPFNDs,ronaldo,0.052,1,ok,
20260707T100811_a53ac0,2026-07-07T10:15:11.480542+00:00,transcript_fetch,7rFP6dPFNDs,ronaldo,0.0,1,skip,no_transcript
20260707T100811_a53ac0,2026-07-07T10:15:11.561774+00:00,thumbnail_download,7rFP6dPFNDs,ronaldo,0.0812,1,ok,
20260707T100811_a53ac0,2026-07-07T10:15:24.582989+00:00,llm_batch_call,,ronaldo,13.0209,4,ok,
20260707T100811_a53ac0,2026-07-07T10:15:24.583516+00:00,csv_write,q3BCHk77Mbo,ronaldo,0.0001,1,ok,video_row
20260707T100811_a53ac0,2026-07-07T10:15:24.744048+00:00,comment_page_fetch,q3BCHk77Mbo,ronaldo,0.1604,70,ok,page=1
20260707T100811_a53ac0,2026-07-07T10:15:24.745403+00:00,csv_write,q3BCHk77Mbo,ronaldo,0.0007,70,ok,comment_rows
20260707T100811_a53ac0,2026-07-07T10:15:24.745723+00:00,csv_write,jmPpASkzlic,ronaldo,0.0,1,ok,video_row
20260707T100811_a53ac0,2026-07-07T10:15:24.983747+00:00,comment_page_fetch,jmPpASkzlic,ronaldo,0.2379,100,ok,page=1
20260707T100811_a53ac0,2026-07-07T10:15:24.986113+00:00,csv_write,jmPpASkzlic,ronaldo,0.0014,100,ok,comment_rows
20260707T100811_a53ac0,2026-07-07T10:15:25.227981+00:00,comment_page_fetch,jmPpASkzlic,ronaldo,0.2418,100,ok,page=2
20260707T100811_a53ac0,2026-07-07T10:15:25.230183+00:00,csv_write,jmPpASkzlic,ronaldo,0.0015,100,ok,comment_rows
20260707T100811_a53ac0,2026-07-07T10:15:25.483406+00:00,comment_page_fetch,jmPpASkzlic,ronaldo,0.2531,100,ok,page=3
20260707T100811_a53ac0,2026-07-07T10:15:25.484948+00:00,csv_write,jmPpASkzlic,ronaldo,0.0011,100,ok,comment_rows
20260707T100811_a53ac0,2026-07-07T10:15:25.658813+00:00,comment_page_fetch,jmPpASkzlic,ronaldo,0.1738,100,ok,page=4
20260707T100811_a53ac0,2026-07-07T10:15:25.659143+00:00,csv_write,jmPpASkzlic,ronaldo,0.0002,100,ok,comment_rows
20260707T100811_a53ac0,2026-07-07T10:15:25.740333+00:00,comment_page_fetch,jmPpASkzlic,ronaldo,0.0812,24,ok,page=5
20260707T100811_a53ac0,2026-07-07T10:15:25.740892+00:00,csv_write,jmPpASkzlic,ronaldo,0.0003,24,ok,comment_rows
20260707T100811_a53ac0,2026-07-07T10:15:25.741805+00:00,csv_write,7rFP6dPFNDs,ronaldo,0.0,1,ok,video_row
20260707T100811_a53ac0,2026-07-07T10:15:25.903147+00:00,comment_page_fetch,7rFP6dPFNDs,ronaldo,0.1612,100,ok,page=1
20260707T100811_a53ac0,2026-07-07T10:15:25.904747+00:00,csv_write,7rFP6dPFNDs,ronaldo,0.0012,100,ok,comment_rows
20260707T100811_a53ac0,2026-07-07T10:15:26.082993+00:00,comment_page_fetch,7rFP6dPFNDs,ronaldo,0.1782,100,ok,page=2
20260707T100811_a53ac0,2026-07-07T10:15:26.084668+00:00,csv_write,7rFP6dPFNDs,ronaldo,0.0012,100,ok,comment_rows
20260707T100811_a53ac0,2026-07-07T10:15:26.278396+00:00,comment_page_fetch,7rFP6dPFNDs,ronaldo,0.1937,100,ok,page=3
20260707T100811_a53ac0,2026-07-07T10:15:26.280079+00:00,csv_write,7rFP6dPFNDs,ronaldo,0.0012,100,ok,comment_rows
20260707T100811_a53ac0,2026-07-07T10:15:26.465333+00:00,comment_page_fetch,7rFP6dPFNDs,ronaldo,0.1852,100,ok,page=4
20260707T100811_a53ac0,2026-07-07T10:15:26.467017+00:00,csv_write,7rFP6dPFNDs,ronaldo,0.0012,100,ok,comment_rows
20260707T100811_a53ac0,2026-07-07T10:15:26.671895+00:00,comment_page_fetch,7rFP6dPFNDs,ronaldo,0.2048,100,ok,page=5
20260707T100811_a53ac0,2026-07-07T10:15:26.673575+00:00,csv_write,7rFP6dPFNDs,ronaldo,0.0012,100,ok,comment_rows
20260707T100811_a53ac0,2026-07-07T10:15:26.916590+00:00,comment_page_fetch,7rFP6dPFNDs,ronaldo,0.2429,100,ok,page=6
20260707T100811_a53ac0,2026-07-07T10:15:26.918208+00:00,csv_write,7rFP6dPFNDs,ronaldo,0.0012,100,ok,comment_rows
20260707T100811_a53ac0,2026-07-07T10:15:27.121030+00:00,comment_page_fetch,7rFP6dPFNDs,ronaldo,0.2028,100,ok,page=7
20260707T100811_a53ac0,2026-07-07T10:15:27.121415+00:00,csv_write,7rFP6dPFNDs,ronaldo,0.0002,100,ok,comment_rows
20260707T100811_a53ac0,2026-07-07T10:15:27.323808+00:00,comment_page_fetch,7rFP6dPFNDs,ronaldo,0.2024,100,ok,page=8
20260707T100811_a53ac0,2026-07-07T10:15:27.325547+00:00,csv_write,7rFP6dPFNDs,ronaldo,0.0012,100,ok,comment_rows
20260707T100811_a53ac0,2026-07-07T10:15:27.495458+00:00,comment_page_fetch,7rFP6dPFNDs,ronaldo,0.1698,100,ok,page=9
20260707T100811_a53ac0,2026-07-07T10:15:27.497090+00:00,csv_write,7rFP6dPFNDs,ronaldo,0.0011,100,ok,comment_rows
20260707T100811_a53ac0,2026-07-07T10:15:27.713803+00:00,comment_page_fetch,7rFP6dPFNDs,ronaldo,0.2167,100,ok,page=10
20260707T100811_a53ac0,2026-07-07T10:15:27.714147+00:00,csv_write,7rFP6dPFNDs,ronaldo,0.0002,100,ok,comment_rows
20260707T100811_a53ac0,2026-07-07T10:15:27.878088+00:00,comment_page_fetch,7rFP6dPFNDs,ronaldo,0.1639,100,ok,page=11
20260707T100811_a53ac0,2026-07-07T10:15:27.879806+00:00,csv_write,7rFP6dPFNDs,ronaldo,0.0012,100,ok,comment_rows
20260707T100811_a53ac0,2026-07-07T10:15:28.068797+00:00,comment_page_fetch,7rFP6dPFNDs,ronaldo,0.1889,100,ok,page=12
20260707T100811_a53ac0,2026-07-07T10:15:28.070517+00:00,csv_write,7rFP6dPFNDs,ronaldo,0.0012,100,ok,comment_rows
20260707T100811_a53ac0,2026-07-07T10:15:28.246045+00:00,comment_page_fetch,7rFP6dPFNDs,ronaldo,0.1755,100,ok,page=13
20260707T100811_a53ac0,2026-07-07T10:15:28.247692+00:00,csv_write,7rFP6dPFNDs,ronaldo,0.0011,100,ok,comment_rows
20260707T100811_a53ac0,2026-07-07T10:15:28.397240+00:00,comment_page_fetch,7rFP6dPFNDs,ronaldo,0.1495,57,ok,page=14
20260707T100811_a53ac0,2026-07-07T10:15:28.398279+00:00,csv_write,7rFP6dPFNDs,ronaldo,0.0007,57,ok,comment_rows
20260707T100811_a53ac0,2026-07-07T10:15:28.706526+00:00,keyword_search,,selección española,0.3079,1,ok,results=50
20260707T100811_a53ac0,2026-07-07T10:15:28.749118+00:00,video_stats_fetch,eLU_Z718ias,selección española,0.042,1,ok,
20260707T100811_a53ac0,2026-07-07T10:15:28.799562+00:00,channel_stats_fetch,eLU_Z718ias,selección española,0.0504,1,ok,
20260707T100811_a53ac0,2026-07-07T10:15:28.799725+00:00,transcript_fetch,eLU_Z718ias,selección española,0.0,1,skip,no_transcript
20260707T100811_a53ac0,2026-07-07T10:15:28.905829+00:00,thumbnail_download,eLU_Z718ias,selección española,0.106,1,ok,
20260707T100811_a53ac0,2026-07-07T10:15:28.954017+00:00,video_stats_fetch,a9tHJqYVzww,selección española,0.0478,1,ok,
20260707T100811_a53ac0,2026-07-07T10:15:28.996369+00:00,channel_stats_fetch,a9tHJqYVzww,selección española,0.0422,1,ok,
20260707T100811_a53ac0,2026-07-07T10:15:28.996564+00:00,transcript_fetch,a9tHJqYVzww,selección española,0.0,1,skip,no_transcript
20260707T100811_a53ac0,2026-07-07T10:15:29.081107+00:00,thumbnail_download,a9tHJqYVzww,selección española,0.0844,1,ok,
20260707T100811_a53ac0,2026-07-07T10:15:29.140847+00:00,video_stats_fetch,ul6pii4ibis,selección española,0.0596,1,ok,
20260707T100811_a53ac0,2026-07-07T10:15:29.194173+00:00,channel_stats_fetch,ul6pii4ibis,selección española,0.0532,1,ok,
20260707T100811_a53ac0,2026-07-07T10:15:29.194210+00:00,transcript_fetch,ul6pii4ibis,selección española,0.0,1,skip,no_transcript
20260707T100811_a53ac0,2026-07-07T10:15:29.279463+00:00,thumbnail_download,ul6pii4ibis,selección española,0.0852,1,ok,
20260707T100811_a53ac0,2026-07-07T10:15:29.332814+00:00,video_stats_fetch,iCSCVumy0Hk,selección española,0.0532,1,ok,
20260707T100811_a53ac0,2026-07-07T10:15:29.399254+00:00,channel_stats_fetch,iCSCVumy0Hk,selección española,0.0662,1,ok,
20260707T100811_a53ac0,2026-07-07T10:15:29.399414+00:00,transcript_fetch,iCSCVumy0Hk,selección española,0.0,1,skip,no_transcript
20260707T100811_a53ac0,2026-07-07T10:15:29.465307+00:00,thumbnail_download,iCSCVumy0Hk,selección española,0.0658,1,ok,
20260707T100811_a53ac0,2026-07-07T10:15:29.509508+00:00,video_stats_fetch,aMadHXyrQ70,selección española,0.044,1,ok,
20260707T100811_a53ac0,2026-07-07T10:15:29.560268+00:00,channel_stats_fetch,aMadHXyrQ70,selección española,0.0506,1,ok,
20260707T100811_a53ac0,2026-07-07T10:15:29.560473+00:00,transcript_fetch,aMadHXyrQ70,selección española,0.0,1,skip,no_transcript
20260707T100811_a53ac0,2026-07-07T10:15:29.663027+00:00,thumbnail_download,aMadHXyrQ70,selección española,0.1025,1,ok,
20260707T100811_a53ac0,2026-07-07T10:15:44.571125+00:00,llm_batch_call,,selección española,14.9074,5,ok,
20260707T100811_a53ac0,2026-07-07T10:15:44.571535+00:00,csv_write,eLU_Z718ias,selección española,0.0,1,ok,video_row
20260707T100811_a53ac0,2026-07-07T10:15:44.706471+00:00,comment_page_fetch,eLU_Z718ias,selección española,0.1349,100,ok,page=1
20260707T100811_a53ac0,2026-07-07T10:15:44.708269+00:00,csv_write,eLU_Z718ias,selección española,0.0014,100,ok,comment_rows
20260707T100811_a53ac0,2026-07-07T10:15:44.795373+00:00,comment_page_fetch,eLU_Z718ias,selección española,0.087,9,ok,page=2
20260707T100811_a53ac0,2026-07-07T10:15:44.795672+00:00,csv_write,eLU_Z718ias,selección española,0.0001,9,ok,comment_rows
20260707T100811_a53ac0,2026-07-07T10:15:44.796868+00:00,csv_write,ul6pii4ibis,selección española,0.0001,1,ok,video_row
20260707T100811_a53ac0,2026-07-07T10:15:44.971885+00:00,comment_page_fetch,ul6pii4ibis,selección española,0.1748,100,ok,page=1
20260707T100811_a53ac0,2026-07-07T10:15:44.972239+00:00,csv_write,ul6pii4ibis,selección española,0.0003,100,ok,comment_rows
20260707T100811_a53ac0,2026-07-07T10:15:45.062551+00:00,comment_page_fetch,ul6pii4ibis,selección española,0.0903,5,ok,page=2
20260707T100811_a53ac0,2026-07-07T10:15:45.062846+00:00,csv_write,ul6pii4ibis,selección española,0.0001,5,ok,comment_rows
20260707T100811_a53ac0,2026-07-07T10:15:45.063840+00:00,csv_write,iCSCVumy0Hk,selección española,0.0001,1,ok,video_row
20260707T100811_a53ac0,2026-07-07T10:15:45.223705+00:00,comment_page_fetch,iCSCVumy0Hk,selección española,0.1596,100,ok,page=1
20260707T100811_a53ac0,2026-07-07T10:15:45.225536+00:00,csv_write,iCSCVumy0Hk,selección española,0.0014,100,ok,comment_rows
20260707T100811_a53ac0,2026-07-07T10:15:45.391671+00:00,comment_page_fetch,iCSCVumy0Hk,selección española,0.1661,100,ok,page=2
20260707T100811_a53ac0,2026-07-07T10:15:45.393454+00:00,csv_write,iCSCVumy0Hk,selección española,0.0013,100,ok,comment_rows
20260707T100811_a53ac0,2026-07-07T10:15:45.394281+00:00,csv_write,aMadHXyrQ70,selección española,0.0001,1,ok,video_row
20260707T100811_a53ac0,2026-07-07T10:15:45.493321+00:00,comment_page_fetch,aMadHXyrQ70,selección española,0.0988,22,ok,page=1
20260707T100811_a53ac0,2026-07-07T10:15:45.493670+00:00,csv_write,aMadHXyrQ70,selección española,0.0002,22,ok,comment_rows
20260707T100811_a53ac0,2026-07-07T10:15:45.536857+00:00,video_stats_fetch,_P4pyhlqngM,selección española,0.0431,1,ok,
20260707T100811_a53ac0,2026-07-07T10:15:45.579940+00:00,channel_stats_fetch,_P4pyhlqngM,selección española,0.043,1,ok,
20260707T100811_a53ac0,2026-07-07T10:15:45.580057+00:00,transcript_fetch,_P4pyhlqngM,selección española,0.0,1,skip,no_transcript
20260707T100811_a53ac0,2026-07-07T10:15:45.715538+00:00,thumbnail_download,_P4pyhlqngM,selección española,0.1354,1,ok,
20260707T100811_a53ac0,2026-07-07T10:15:45.759458+00:00,video_stats_fetch,1mQN3kHq2rU,selección española,0.0435,1,ok,
20260707T100811_a53ac0,2026-07-07T10:15:45.825043+00:00,channel_stats_fetch,1mQN3kHq2rU,selección española,0.0655,1,ok,
20260707T100811_a53ac0,2026-07-07T10:15:45.825201+00:00,transcript_fetch,1mQN3kHq2rU,selección española,0.0,1,skip,no_transcript
20260707T100811_a53ac0,2026-07-07T10:15:45.902041+00:00,thumbnail_download,1mQN3kHq2rU,selección española,0.0768,1,ok,
20260707T100811_a53ac0,2026-07-07T10:15:45.955763+00:00,video_stats_fetch,AdgOPzQORuo,selección española,0.0536,1,ok,
20260707T100811_a53ac0,2026-07-07T10:15:45.999498+00:00,channel_stats_fetch,AdgOPzQORuo,selección española,0.0436,1,ok,
20260707T100811_a53ac0,2026-07-07T10:15:45.999529+00:00,transcript_fetch,AdgOPzQORuo,selección española,0.0,1,skip,no_transcript
20260707T100811_a53ac0,2026-07-07T10:15:46.109435+00:00,thumbnail_download,AdgOPzQORuo,selección española,0.1099,1,ok,
20260707T100811_a53ac0,2026-07-07T10:15:46.151025+00:00,video_stats_fetch,B8YxMS1YprQ,selección española,0.0415,1,ok,
20260707T100811_a53ac0,2026-07-07T10:15:46.198726+00:00,channel_stats_fetch,B8YxMS1YprQ,selección española,0.0476,1,ok,
20260707T100811_a53ac0,2026-07-07T10:15:46.198846+00:00,transcript_fetch,B8YxMS1YprQ,selección española,0.0,1,skip,no_transcript
20260707T100811_a53ac0,2026-07-07T10:15:46.284162+00:00,thumbnail_download,B8YxMS1YprQ,selección española,0.0853,1,ok,
20260707T100811_a53ac0,2026-07-07T10:15:46.329634+00:00,video_stats_fetch,WRYIWWbufj4,selección española,0.0453,1,ok,
20260707T100811_a53ac0,2026-07-07T10:15:46.378105+00:00,channel_stats_fetch,WRYIWWbufj4,selección española,0.0484,1,ok,
20260707T100811_a53ac0,2026-07-07T10:15:46.378221+00:00,transcript_fetch,WRYIWWbufj4,selección española,0.0,1,skip,no_transcript
20260707T100811_a53ac0,2026-07-07T10:15:46.511965+00:00,thumbnail_download,WRYIWWbufj4,selección española,0.1337,1,ok,
20260707T100811_a53ac0,2026-07-07T10:16:02.629441+00:00,llm_batch_call,,selección española,16.1171,5,ok,
20260707T100811_a53ac0,2026-07-07T10:16:02.629733+00:00,csv_write,_P4pyhlqngM,selección española,0.0,1,ok,video_row
20260707T100811_a53ac0,2026-07-07T10:16:02.843017+00:00,comment_page_fetch,_P4pyhlqngM,selección española,0.2132,90,ok,page=1
20260707T100811_a53ac0,2026-07-07T10:16:02.844702+00:00,csv_write,_P4pyhlqngM,selección española,0.0013,90,ok,comment_rows
20260707T100811_a53ac0,2026-07-07T10:16:02.845605+00:00,csv_write,1mQN3kHq2rU,selección española,0.0001,1,ok,video_row
20260707T100811_a53ac0,2026-07-07T10:16:02.959516+00:00,comment_page_fetch,1mQN3kHq2rU,selección española,0.1136,17,ok,page=1
20260707T100811_a53ac0,2026-07-07T10:16:02.960579+00:00,csv_write,1mQN3kHq2rU,selección española,0.0007,17,ok,comment_rows
20260707T100811_a53ac0,2026-07-07T10:16:02.961795+00:00,csv_write,AdgOPzQORuo,selección española,0.0001,1,ok,video_row
20260707T100811_a53ac0,2026-07-07T10:16:03.055705+00:00,comment_page_fetch,AdgOPzQORuo,selección española,0.0935,14,ok,page=1
20260707T100811_a53ac0,2026-07-07T10:16:03.056124+00:00,csv_write,AdgOPzQORuo,selección española,0.0002,14,ok,comment_rows
20260707T100811_a53ac0,2026-07-07T10:16:03.056861+00:00,csv_write,B8YxMS1YprQ,selección española,0.0,1,ok,video_row
20260707T100811_a53ac0,2026-07-07T10:16:03.219863+00:00,comment_page_fetch,B8YxMS1YprQ,selección española,0.1627,100,ok,page=1
20260707T100811_a53ac0,2026-07-07T10:16:03.221363+00:00,csv_write,B8YxMS1YprQ,selección española,0.0006,100,ok,comment_rows
20260707T100811_a53ac0,2026-07-07T10:16:03.439363+00:00,comment_page_fetch,B8YxMS1YprQ,selección española,0.218,100,ok,page=2
20260707T100811_a53ac0,2026-07-07T10:16:03.441076+00:00,csv_write,B8YxMS1YprQ,selección española,0.0013,100,ok,comment_rows
20260707T100811_a53ac0,2026-07-07T10:16:03.586450+00:00,comment_page_fetch,B8YxMS1YprQ,selección española,0.1453,49,ok,page=3
20260707T100811_a53ac0,2026-07-07T10:16:03.587447+00:00,csv_write,B8YxMS1YprQ,selección española,0.0007,49,ok,comment_rows
20260707T100811_a53ac0,2026-07-07T10:16:03.588625+00:00,csv_write,WRYIWWbufj4,selección española,0.0002,1,ok,video_row
20260707T100811_a53ac0,2026-07-07T10:16:03.724976+00:00,comment_page_fetch,WRYIWWbufj4,selección española,0.1361,75,ok,page=1
20260707T100811_a53ac0,2026-07-07T10:16:03.726526+00:00,csv_write,WRYIWWbufj4,selección española,0.0011,75,ok,comment_rows
20260707T100811_a53ac0,2026-07-07T10:16:03.780601+00:00,video_stats_fetch,X3IL_0qaqio,selección española,0.0539,1,ok,
20260707T100811_a53ac0,2026-07-07T10:16:03.836350+00:00,channel_stats_fetch,X3IL_0qaqio,selección española,0.0556,1,ok,
20260707T100811_a53ac0,2026-07-07T10:16:03.836483+00:00,transcript_fetch,X3IL_0qaqio,selección española,0.0,1,skip,no_transcript
20260707T100811_a53ac0,2026-07-07T10:16:03.933254+00:00,thumbnail_download,X3IL_0qaqio,selección española,0.0967,1,ok,
20260707T100811_a53ac0,2026-07-07T10:16:03.982803+00:00,video_stats_fetch,yLyObPNtuDQ,selección española,0.0487,1,ok,
20260707T100811_a53ac0,2026-07-07T10:16:04.031664+00:00,channel_stats_fetch,yLyObPNtuDQ,selección española,0.0487,1,ok,
20260707T100811_a53ac0,2026-07-07T10:16:04.031800+00:00,transcript_fetch,yLyObPNtuDQ,selección española,0.0,1,skip,no_transcript
20260707T100811_a53ac0,2026-07-07T10:16:04.106260+00:00,thumbnail_download,yLyObPNtuDQ,selección española,0.0744,1,ok,
20260707T100811_a53ac0,2026-07-07T10:16:04.172841+00:00,video_stats_fetch,EiDf7q-hP9c,selección española,0.0665,1,ok,
20260707T100811_a53ac0,2026-07-07T10:16:04.230427+00:00,channel_stats_fetch,EiDf7q-hP9c,selección española,0.0575,1,ok,
20260707T100811_a53ac0,2026-07-07T10:16:04.230542+00:00,transcript_fetch,EiDf7q-hP9c,selección española,0.0,1,skip,no_transcript
20260707T100811_a53ac0,2026-07-07T10:16:04.303615+00:00,thumbnail_download,EiDf7q-hP9c,selección española,0.073,1,ok,
20260707T100811_a53ac0,2026-07-07T10:16:04.393979+00:00,video_stats_fetch,OmeILn6HQTo,selección española,0.0902,1,ok,
20260707T100811_a53ac0,2026-07-07T10:16:04.448698+00:00,channel_stats_fetch,OmeILn6HQTo,selección española,0.0546,1,ok,
20260707T100811_a53ac0,2026-07-07T10:16:04.448811+00:00,transcript_fetch,OmeILn6HQTo,selección española,0.0,1,skip,no_transcript
20260707T100811_a53ac0,2026-07-07T10:16:04.521456+00:00,thumbnail_download,OmeILn6HQTo,selección española,0.0726,1,ok,
20260707T100811_a53ac0,2026-07-07T10:16:04.588691+00:00,video_stats_fetch,mzG1iNla4Vs,selección española,0.067,1,ok,
20260707T100811_a53ac0,2026-07-07T10:16:04.678021+00:00,channel_stats_fetch,mzG1iNla4Vs,selección española,0.0892,1,ok,
20260707T100811_a53ac0,2026-07-07T10:16:04.678172+00:00,transcript_fetch,mzG1iNla4Vs,selección española,0.0,1,skip,no_transcript
20260707T100811_a53ac0,2026-07-07T10:16:04.796567+00:00,thumbnail_download,mzG1iNla4Vs,selección española,0.1183,1,ok,
20260707T100811_a53ac0,2026-07-07T10:16:20.650193+00:00,llm_batch_call,,selección española,15.853,5,ok,
20260707T100811_a53ac0,2026-07-07T10:16:20.650720+00:00,csv_write,X3IL_0qaqio,selección española,0.0,1,ok,video_row
20260707T100811_a53ac0,2026-07-07T10:16:20.845938+00:00,comment_page_fetch,X3IL_0qaqio,selección española,0.1951,41,ok,page=1
20260707T100811_a53ac0,2026-07-07T10:16:20.846273+00:00,csv_write,X3IL_0qaqio,selección española,0.0002,41,ok,comment_rows
20260707T100811_a53ac0,2026-07-07T10:16:20.846653+00:00,csv_write,yLyObPNtuDQ,selección española,0.0001,1,ok,video_row
20260707T100811_a53ac0,2026-07-07T10:16:20.983625+00:00,comment_page_fetch,yLyObPNtuDQ,selección española,0.1368,80,ok,page=1
20260707T100811_a53ac0,2026-07-07T10:16:20.985877+00:00,csv_write,yLyObPNtuDQ,selección española,0.0015,80,ok,comment_rows
20260707T100811_a53ac0,2026-07-07T10:16:20.986499+00:00,csv_write,EiDf7q-hP9c,selección española,0.0001,1,ok,video_row
20260707T100811_a53ac0,2026-07-07T10:16:21.139830+00:00,comment_page_fetch,EiDf7q-hP9c,selección española,0.1532,3,ok,page=1
20260707T100811_a53ac0,2026-07-07T10:16:21.140219+00:00,csv_write,EiDf7q-hP9c,selección española,0.0001,3,ok,comment_rows
20260707T100811_a53ac0,2026-07-07T10:16:21.142093+00:00,csv_write,OmeILn6HQTo,selección española,0.0004,1,ok,video_row
20260707T100811_a53ac0,2026-07-07T10:16:21.245516+00:00,comment_page_fetch,OmeILn6HQTo,selección española,0.103,15,ok,page=1
20260707T100811_a53ac0,2026-07-07T10:16:21.245925+00:00,csv_write,OmeILn6HQTo,selección española,0.0002,15,ok,comment_rows
20260707T100811_a53ac0,2026-07-07T10:16:21.246973+00:00,csv_write,mzG1iNla4Vs,selección española,0.0001,1,ok,video_row
20260707T100811_a53ac0,2026-07-07T10:16:21.459022+00:00,comment_page_fetch,mzG1iNla4Vs,selección española,0.2117,100,ok,page=1
20260707T100811_a53ac0,2026-07-07T10:16:21.462898+00:00,csv_write,mzG1iNla4Vs,selección española,0.003,100,ok,comment_rows
20260707T100811_a53ac0,2026-07-07T10:16:21.599994+00:00,comment_page_fetch,mzG1iNla4Vs,selección española,0.137,33,ok,page=2
20260707T100811_a53ac0,2026-07-07T10:16:21.600933+00:00,csv_write,mzG1iNla4Vs,selección española,0.0005,33,ok,comment_rows
20260707T100811_a53ac0,2026-07-07T10:16:21.650329+00:00,video_stats_fetch,ttn9CcmnwM4,selección española,0.0493,1,ok,
20260707T100811_a53ac0,2026-07-07T10:16:21.705251+00:00,channel_stats_fetch,ttn9CcmnwM4,selección española,0.0549,1,ok,
20260707T100811_a53ac0,2026-07-07T10:16:21.705298+00:00,transcript_fetch,ttn9CcmnwM4,selección española,0.0,1,skip,no_transcript
20260707T100811_a53ac0,2026-07-07T10:16:21.828576+00:00,thumbnail_download,ttn9CcmnwM4,selección española,0.1232,1,ok,
20260707T100811_a53ac0,2026-07-07T10:16:21.884948+00:00,video_stats_fetch,_Wa73COC2FI,selección española,0.0551,1,ok,
20260707T100811_a53ac0,2026-07-07T10:16:21.950426+00:00,channel_stats_fetch,_Wa73COC2FI,selección española,0.0653,1,ok,
20260707T100811_a53ac0,2026-07-07T10:16:21.950551+00:00,transcript_fetch,_Wa73COC2FI,selección española,0.0,1,skip,no_transcript
20260707T100811_a53ac0,2026-07-07T10:16:22.029271+00:00,thumbnail_download,_Wa73COC2FI,selección española,0.0787,1,ok,
20260707T100811_a53ac0,2026-07-07T10:16:22.086713+00:00,video_stats_fetch,u_K25z7EicU,selección española,0.0573,1,ok,
20260707T100811_a53ac0,2026-07-07T10:16:22.132657+00:00,channel_stats_fetch,u_K25z7EicU,selección española,0.0458,1,ok,
20260707T100811_a53ac0,2026-07-07T10:16:22.132802+00:00,transcript_fetch,u_K25z7EicU,selección española,0.0,1,skip,no_transcript
20260707T100811_a53ac0,2026-07-07T10:16:22.220902+00:00,thumbnail_download,u_K25z7EicU,selección española,0.088,1,ok,
20260707T100811_a53ac0,2026-07-07T10:16:22.265200+00:00,video_stats_fetch,pDM5w8zEMB8,selección española,0.0442,1,ok,
20260707T100811_a53ac0,2026-07-07T10:16:22.314328+00:00,channel_stats_fetch,pDM5w8zEMB8,selección española,0.049,1,ok,
20260707T100811_a53ac0,2026-07-07T10:16:22.314459+00:00,transcript_fetch,pDM5w8zEMB8,selección española,0.0,1,skip,no_transcript
20260707T100811_a53ac0,2026-07-07T10:16:22.377097+00:00,thumbnail_download,pDM5w8zEMB8,selección española,0.0626,1,ok,
20260707T100811_a53ac0,2026-07-07T10:16:22.415658+00:00,video_stats_fetch,lWMpa_TbYdE,selección española,0.0384,1,ok,
20260707T100811_a53ac0,2026-07-07T10:16:22.472522+00:00,channel_stats_fetch,lWMpa_TbYdE,selección española,0.0568,1,ok,
20260707T100811_a53ac0,2026-07-07T10:16:22.472648+00:00,transcript_fetch,lWMpa_TbYdE,selección española,0.0,1,skip,no_transcript
20260707T100811_a53ac0,2026-07-07T10:16:22.586044+00:00,thumbnail_download,lWMpa_TbYdE,selección española,0.1133,1,ok,
20260707T100811_a53ac0,2026-07-07T10:16:38.913303+00:00,llm_batch_call,,selección española,16.3266,5,ok,
20260707T100811_a53ac0,2026-07-07T10:16:38.913832+00:00,csv_write,ttn9CcmnwM4,selección española,0.0,1,ok,video_row
20260707T100811_a53ac0,2026-07-07T10:16:39.008421+00:00,comment_page_fetch,ttn9CcmnwM4,selección española,0.0945,9,ok,page=1
20260707T100811_a53ac0,2026-07-07T10:16:39.008481+00:00,csv_write,ttn9CcmnwM4,selección española,0.0,9,ok,comment_rows
20260707T100811_a53ac0,2026-07-07T10:16:39.008770+00:00,csv_write,_Wa73COC2FI,selección española,0.0,1,ok,video_row
20260707T100811_a53ac0,2026-07-07T10:16:39.128878+00:00,comment_page_fetch,_Wa73COC2FI,selección española,0.12,29,ok,page=1
20260707T100811_a53ac0,2026-07-07T10:16:39.129513+00:00,csv_write,_Wa73COC2FI,selección española,0.0004,29,ok,comment_rows
20260707T100811_a53ac0,2026-07-07T10:16:39.130748+00:00,csv_write,pDM5w8zEMB8,selección española,0.0001,1,ok,video_row
20260707T100811_a53ac0,2026-07-07T10:16:39.281470+00:00,comment_page_fetch,pDM5w8zEMB8,selección española,0.1505,100,ok,page=1
20260707T100811_a53ac0,2026-07-07T10:16:39.283077+00:00,csv_write,pDM5w8zEMB8,selección española,0.0012,100,ok,comment_rows
20260707T100811_a53ac0,2026-07-07T10:16:39.397994+00:00,comment_page_fetch,pDM5w8zEMB8,selección española,0.1149,24,ok,page=2
20260707T100811_a53ac0,2026-07-07T10:16:39.398547+00:00,csv_write,pDM5w8zEMB8,selección española,0.0003,24,ok,comment_rows
20260707T100811_a53ac0,2026-07-07T10:16:39.447927+00:00,video_stats_fetch,MaZ8il-qE_Q,selección española,0.049,1,ok,
20260707T100811_a53ac0,2026-07-07T10:16:39.490706+00:00,channel_stats_fetch,MaZ8il-qE_Q,selección española,0.0427,1,ok,
20260707T100811_a53ac0,2026-07-07T10:16:39.490821+00:00,transcript_fetch,MaZ8il-qE_Q,selección española,0.0,1,skip,no_transcript
20260707T100811_a53ac0,2026-07-07T10:16:39.600522+00:00,thumbnail_download,MaZ8il-qE_Q,selección española,0.1096,1,ok,
20260707T100811_a53ac0,2026-07-07T10:16:39.649424+00:00,video_stats_fetch,JESSYH82NmY,selección española,0.0481,1,ok,
20260707T100811_a53ac0,2026-07-07T10:16:39.720910+00:00,channel_stats_fetch,JESSYH82NmY,selección española,0.0714,1,ok,
20260707T100811_a53ac0,2026-07-07T10:16:39.721031+00:00,transcript_fetch,JESSYH82NmY,selección española,0.0,1,skip,no_transcript
20260707T100811_a53ac0,2026-07-07T10:16:39.813532+00:00,thumbnail_download,JESSYH82NmY,selección española,0.0924,1,ok,
20260707T100811_a53ac0,2026-07-07T10:16:39.857625+00:00,video_stats_fetch,dnzuwRhVtwo,selección española,0.044,1,ok,
20260707T100811_a53ac0,2026-07-07T10:16:39.911891+00:00,channel_stats_fetch,dnzuwRhVtwo,selección española,0.0541,1,ok,
20260707T100811_a53ac0,2026-07-07T10:16:39.912006+00:00,transcript_fetch,dnzuwRhVtwo,selección española,0.0,1,skip,no_transcript
20260707T100811_a53ac0,2026-07-07T10:16:40.008455+00:00,thumbnail_download,dnzuwRhVtwo,selección española,0.0964,1,ok,
20260707T100811_a53ac0,2026-07-07T10:16:40.055931+00:00,video_stats_fetch,yKbH-97ddvM,selección española,0.0473,1,ok,
20260707T100811_a53ac0,2026-07-07T10:16:40.107515+00:00,channel_stats_fetch,yKbH-97ddvM,selección española,0.0515,1,ok,
20260707T100811_a53ac0,2026-07-07T10:16:40.107644+00:00,transcript_fetch,yKbH-97ddvM,selección española,0.0,1,skip,no_transcript
20260707T100811_a53ac0,2026-07-07T10:16:40.179218+00:00,thumbnail_download,yKbH-97ddvM,selección española,0.0715,1,ok,
20260707T100811_a53ac0,2026-07-07T10:16:40.248380+00:00,video_stats_fetch,gc2X2jBGmp0,selección española,0.069,1,ok,
20260707T100811_a53ac0,2026-07-07T10:16:40.296412+00:00,channel_stats_fetch,gc2X2jBGmp0,selección española,0.0479,1,ok,
20260707T100811_a53ac0,2026-07-07T10:16:40.296533+00:00,transcript_fetch,gc2X2jBGmp0,selección española,0.0,1,skip,no_transcript
20260707T100811_a53ac0,2026-07-07T10:16:40.384898+00:00,thumbnail_download,gc2X2jBGmp0,selección española,0.0883,1,ok,
20260707T100811_a53ac0,2026-07-07T10:16:57.221040+00:00,llm_batch_call,,selección española,16.8351,5,ok,
20260707T100811_a53ac0,2026-07-07T10:16:57.221696+00:00,csv_write,MaZ8il-qE_Q,selección española,0.0,1,ok,video_row
20260707T100811_a53ac0,2026-07-07T10:16:57.326351+00:00,comment_page_fetch,MaZ8il-qE_Q,selección española,0.1046,40,ok,page=1
20260707T100811_a53ac0,2026-07-07T10:16:57.326534+00:00,csv_write,MaZ8il-qE_Q,selección española,0.0001,40,ok,comment_rows
20260707T100811_a53ac0,2026-07-07T10:16:57.326942+00:00,csv_write,dnzuwRhVtwo,selección española,0.0,1,ok,video_row
20260707T100811_a53ac0,2026-07-07T10:16:57.436254+00:00,comment_page_fetch,dnzuwRhVtwo,selección española,0.1092,21,ok,page=1
20260707T100811_a53ac0,2026-07-07T10:16:57.436803+00:00,csv_write,dnzuwRhVtwo,selección española,0.0003,21,ok,comment_rows
20260707T100811_a53ac0,2026-07-07T10:16:57.437802+00:00,csv_write,yKbH-97ddvM,selección española,0.0001,1,ok,video_row
20260707T100811_a53ac0,2026-07-07T10:16:57.610824+00:00,comment_page_fetch,yKbH-97ddvM,selección española,0.1728,18,ok,page=1
20260707T100811_a53ac0,2026-07-07T10:16:57.611229+00:00,csv_write,yKbH-97ddvM,selección española,0.0002,18,ok,comment_rows
20260707T100811_a53ac0,2026-07-07T10:16:57.611939+00:00,csv_write,gc2X2jBGmp0,selección española,0.0001,1,ok,video_row
20260707T100811_a53ac0,2026-07-07T10:16:57.707450+00:00,comment_page_fetch,gc2X2jBGmp0,selección española,0.0952,16,ok,page=1
20260707T100811_a53ac0,2026-07-07T10:16:57.707874+00:00,csv_write,gc2X2jBGmp0,selección española,0.0002,16,ok,comment_rows
20260707T100811_a53ac0,2026-07-07T10:16:57.760867+00:00,video_stats_fetch,wwHyguUUt1g,selección española,0.0529,1,ok,
20260707T100811_a53ac0,2026-07-07T10:16:57.807276+00:00,channel_stats_fetch,wwHyguUUt1g,selección española,0.0463,1,ok,
20260707T100811_a53ac0,2026-07-07T10:16:57.807391+00:00,transcript_fetch,wwHyguUUt1g,selección española,0.0,1,skip,no_transcript
20260707T100811_a53ac0,2026-07-07T10:16:57.926858+00:00,thumbnail_download,wwHyguUUt1g,selección española,0.1194,1,ok,
20260707T100811_a53ac0,2026-07-07T10:16:57.976649+00:00,video_stats_fetch,GCsCRd9snIQ,selección española,0.0485,1,ok,
20260707T100811_a53ac0,2026-07-07T10:16:58.027728+00:00,channel_stats_fetch,GCsCRd9snIQ,selección española,0.0509,1,ok,
20260707T100811_a53ac0,2026-07-07T10:16:58.027941+00:00,transcript_fetch,GCsCRd9snIQ,selección española,0.0,1,skip,no_transcript
20260707T100811_a53ac0,2026-07-07T10:16:58.097281+00:00,thumbnail_download,GCsCRd9snIQ,selección española,0.0693,1,ok,
20260707T100811_a53ac0,2026-07-07T10:16:58.141823+00:00,video_stats_fetch,SCFttILtoPM,selección española,0.0445,1,ok,
20260707T100811_a53ac0,2026-07-07T10:16:58.197346+00:00,channel_stats_fetch,SCFttILtoPM,selección española,0.0554,1,ok,
20260707T100811_a53ac0,2026-07-07T10:16:58.197462+00:00,transcript_fetch,SCFttILtoPM,selección española,0.0,1,skip,no_transcript
20260707T100811_a53ac0,2026-07-07T10:16:58.295371+00:00,thumbnail_download,SCFttILtoPM,selección española,0.0979,1,ok,
20260707T100811_a53ac0,2026-07-07T10:16:58.345742+00:00,video_stats_fetch,Hqx-q8FMuqc,selección española,0.0502,1,ok,
20260707T100811_a53ac0,2026-07-07T10:16:58.390941+00:00,channel_stats_fetch,Hqx-q8FMuqc,selección española,0.0451,1,ok,
20260707T100811_a53ac0,2026-07-07T10:16:58.391089+00:00,transcript_fetch,Hqx-q8FMuqc,selección española,0.0,1,skip,no_transcript
20260707T100811_a53ac0,2026-07-07T10:16:58.571475+00:00,thumbnail_download,Hqx-q8FMuqc,selección española,0.1803,1,ok,
20260707T100811_a53ac0,2026-07-07T10:16:58.618681+00:00,video_stats_fetch,dQ6YOQ92h70,selección española,0.0471,1,ok,
20260707T100811_a53ac0,2026-07-07T10:16:58.675453+00:00,channel_stats_fetch,dQ6YOQ92h70,selección española,0.0567,1,ok,
20260707T100811_a53ac0,2026-07-07T10:16:58.675571+00:00,transcript_fetch,dQ6YOQ92h70,selección española,0.0,1,skip,no_transcript
20260707T100811_a53ac0,2026-07-07T10:16:58.785503+00:00,thumbnail_download,dQ6YOQ92h70,selección española,0.1099,1,ok,
20260707T100811_a53ac0,2026-07-07T10:17:11.080759+00:00,llm_batch_call,,selección española,12.2946,5,ok,
20260707T100811_a53ac0,2026-07-07T10:17:11.081140+00:00,csv_write,wwHyguUUt1g,selección española,0.0,1,ok,video_row
20260707T100811_a53ac0,2026-07-07T10:17:11.207031+00:00,comment_page_fetch,wwHyguUUt1g,selección española,0.1258,39,ok,page=1
20260707T100811_a53ac0,2026-07-07T10:17:11.207786+00:00,csv_write,wwHyguUUt1g,selección española,0.0004,39,ok,comment_rows
20260707T100811_a53ac0,2026-07-07T10:17:11.208684+00:00,csv_write,GCsCRd9snIQ,selección española,0.0001,1,ok,video_row
20260707T100811_a53ac0,2026-07-07T10:17:11.341374+00:00,comment_page_fetch,GCsCRd9snIQ,selección española,0.1325,10,ok,page=1
20260707T100811_a53ac0,2026-07-07T10:17:11.341854+00:00,csv_write,GCsCRd9snIQ,selección española,0.0003,10,ok,comment_rows
20260707T100811_a53ac0,2026-07-07T10:17:11.342729+00:00,csv_write,SCFttILtoPM,selección española,0.0001,1,ok,video_row
20260707T100811_a53ac0,2026-07-07T10:17:11.462750+00:00,comment_page_fetch,SCFttILtoPM,selección española,0.1198,26,ok,page=1
20260707T100811_a53ac0,2026-07-07T10:17:11.463373+00:00,csv_write,SCFttILtoPM,selección española,0.0004,26,ok,comment_rows
20260707T100811_a53ac0,2026-07-07T10:17:11.464338+00:00,csv_write,Hqx-q8FMuqc,selección española,0.0001,1,ok,video_row
20260707T100811_a53ac0,2026-07-07T10:17:11.555373+00:00,comment_page_fetch,Hqx-q8FMuqc,selección española,0.0907,3,ok,page=1
20260707T100811_a53ac0,2026-07-07T10:17:11.555577+00:00,csv_write,Hqx-q8FMuqc,selección española,0.0,3,ok,comment_rows
20260707T100811_a53ac0,2026-07-07T10:17:11.556431+00:00,csv_write,dQ6YOQ92h70,selección española,0.0001,1,ok,video_row
20260707T100811_a53ac0,2026-07-07T10:17:11.683947+00:00,comment_page_fetch,dQ6YOQ92h70,selección española,0.1273,100,ok,page=1
20260707T100811_a53ac0,2026-07-07T10:17:11.685766+00:00,csv_write,dQ6YOQ92h70,selección española,0.0014,100,ok,comment_rows
20260707T100811_a53ac0,2026-07-07T10:17:11.820697+00:00,comment_page_fetch,dQ6YOQ92h70,selección española,0.1349,100,ok,page=2
20260707T100811_a53ac0,2026-07-07T10:17:11.822631+00:00,csv_write,dQ6YOQ92h70,selección española,0.0015,100,ok,comment_rows
20260707T100811_a53ac0,2026-07-07T10:17:12.051533+00:00,comment_page_fetch,dQ6YOQ92h70,selección española,0.2288,100,ok,page=3
20260707T100811_a53ac0,2026-07-07T10:17:12.053557+00:00,csv_write,dQ6YOQ92h70,selección española,0.0015,100,ok,comment_rows
20260707T100811_a53ac0,2026-07-07T10:17:12.189020+00:00,comment_page_fetch,dQ6YOQ92h70,selección española,0.1354,46,ok,page=4
20260707T100811_a53ac0,2026-07-07T10:17:12.191232+00:00,csv_write,dQ6YOQ92h70,selección española,0.0015,46,ok,comment_rows
20260707T100811_a53ac0,2026-07-07T10:17:12.232781+00:00,video_stats_fetch,yJ6TRVGc9ZQ,selección española,0.0413,1,ok,
20260707T100811_a53ac0,2026-07-07T10:17:12.290903+00:00,channel_stats_fetch,yJ6TRVGc9ZQ,selección española,0.0579,1,ok,
20260707T100811_a53ac0,2026-07-07T10:17:12.290950+00:00,transcript_fetch,yJ6TRVGc9ZQ,selección española,0.0,1,skip,no_transcript
20260707T100811_a53ac0,2026-07-07T10:17:12.384681+00:00,thumbnail_download,yJ6TRVGc9ZQ,selección española,0.0937,1,ok,
20260707T100811_a53ac0,2026-07-07T10:17:12.438632+00:00,video_stats_fetch,e1fmS0SIAiY,selección española,0.0531,1,ok,
20260707T100811_a53ac0,2026-07-07T10:17:12.480119+00:00,channel_stats_fetch,e1fmS0SIAiY,selección española,0.0414,1,ok,
20260707T100811_a53ac0,2026-07-07T10:17:12.480194+00:00,transcript_fetch,e1fmS0SIAiY,selección española,0.0,1,skip,no_transcript
20260707T100811_a53ac0,2026-07-07T10:17:12.572877+00:00,thumbnail_download,e1fmS0SIAiY,selección española,0.0926,1,ok,
20260707T100811_a53ac0,2026-07-07T10:17:12.621321+00:00,video_stats_fetch,1gh6VASzyco,selección española,0.0483,1,ok,
20260707T100811_a53ac0,2026-07-07T10:17:12.665568+00:00,channel_stats_fetch,1gh6VASzyco,selección española,0.0441,1,ok,
20260707T100811_a53ac0,2026-07-07T10:17:12.665686+00:00,transcript_fetch,1gh6VASzyco,selección española,0.0,1,skip,no_transcript
20260707T100811_a53ac0,2026-07-07T10:17:12.757201+00:00,thumbnail_download,1gh6VASzyco,selección española,0.0915,1,ok,
20260707T100811_a53ac0,2026-07-07T10:17:12.829860+00:00,video_stats_fetch,sJPMgpbtGcA,selección española,0.0725,1,ok,
20260707T100811_a53ac0,2026-07-07T10:17:12.872674+00:00,channel_stats_fetch,sJPMgpbtGcA,selección española,0.0426,1,ok,
20260707T100811_a53ac0,2026-07-07T10:17:12.872814+00:00,transcript_fetch,sJPMgpbtGcA,selección española,0.0,1,skip,no_transcript
20260707T100811_a53ac0,2026-07-07T10:17:12.989127+00:00,thumbnail_download,sJPMgpbtGcA,selección española,0.1163,1,ok,
20260707T100811_a53ac0,2026-07-07T10:17:13.041605+00:00,video_stats_fetch,Egrhf3mcX-I,selección española,0.0523,1,ok,
20260707T100811_a53ac0,2026-07-07T10:17:13.093752+00:00,channel_stats_fetch,Egrhf3mcX-I,selección española,0.052,1,ok,
20260707T100811_a53ac0,2026-07-07T10:17:13.093883+00:00,transcript_fetch,Egrhf3mcX-I,selección española,0.0,1,skip,no_transcript
20260707T100811_a53ac0,2026-07-07T10:17:13.196881+00:00,thumbnail_download,Egrhf3mcX-I,selección española,0.1029,1,ok,
20260707T100811_a53ac0,2026-07-07T10:17:27.930834+00:00,llm_batch_call,,selección española,14.7333,5,ok,
20260707T100811_a53ac0,2026-07-07T10:17:27.931243+00:00,csv_write,yJ6TRVGc9ZQ,selección española,0.0,1,ok,video_row
20260707T100811_a53ac0,2026-07-07T10:17:28.043496+00:00,comment_page_fetch,yJ6TRVGc9ZQ,selección española,0.1122,13,ok,page=1
20260707T100811_a53ac0,2026-07-07T10:17:28.043632+00:00,csv_write,yJ6TRVGc9ZQ,selección española,0.0001,13,ok,comment_rows
20260707T100811_a53ac0,2026-07-07T10:17:28.044053+00:00,csv_write,1gh6VASzyco,selección española,0.0,1,ok,video_row
20260707T100811_a53ac0,2026-07-07T10:17:28.273326+00:00,comment_page_fetch,1gh6VASzyco,selección española,0.2292,100,ok,page=1
20260707T100811_a53ac0,2026-07-07T10:17:28.274735+00:00,csv_write,1gh6VASzyco,selección española,0.001,100,ok,comment_rows
20260707T100811_a53ac0,2026-07-07T10:17:28.551217+00:00,comment_page_fetch,1gh6VASzyco,selección española,0.2764,100,ok,page=2
20260707T100811_a53ac0,2026-07-07T10:17:28.551771+00:00,csv_write,1gh6VASzyco,selección española,0.0004,100,ok,comment_rows
20260707T100811_a53ac0,2026-07-07T10:17:28.768086+00:00,comment_page_fetch,1gh6VASzyco,selección española,0.2162,100,ok,page=3
20260707T100811_a53ac0,2026-07-07T10:17:28.769573+00:00,csv_write,1gh6VASzyco,selección española,0.001,100,ok,comment_rows
20260707T100811_a53ac0,2026-07-07T10:17:28.911747+00:00,comment_page_fetch,1gh6VASzyco,selección española,0.1421,30,ok,page=4
20260707T100811_a53ac0,2026-07-07T10:17:28.912310+00:00,csv_write,1gh6VASzyco,selección española,0.0003,30,ok,comment_rows
20260707T100811_a53ac0,2026-07-07T10:17:28.913147+00:00,csv_write,sJPMgpbtGcA,selección española,0.0001,1,ok,video_row
20260707T100811_a53ac0,2026-07-07T10:17:29.034808+00:00,comment_page_fetch,sJPMgpbtGcA,selección española,0.1213,31,ok,page=1
20260707T100811_a53ac0,2026-07-07T10:17:29.035446+00:00,csv_write,sJPMgpbtGcA,selección española,0.0004,31,ok,comment_rows
20260707T100811_a53ac0,2026-07-07T10:17:29.036328+00:00,csv_write,Egrhf3mcX-I,selección española,0.0001,1,ok,video_row
20260707T100811_a53ac0,2026-07-07T10:17:29.133913+00:00,comment_page_fetch,Egrhf3mcX-I,selección española,0.0973,20,ok,page=1
20260707T100811_a53ac0,2026-07-07T10:17:29.134510+00:00,csv_write,Egrhf3mcX-I,selección española,0.0004,20,ok,comment_rows
20260707T100811_a53ac0,2026-07-07T10:17:29.179899+00:00,video_stats_fetch,-LH0p_rteM4,selección española,0.0453,1,ok,
20260707T100811_a53ac0,2026-07-07T10:17:29.235590+00:00,channel_stats_fetch,-LH0p_rteM4,selección española,0.0556,1,ok,
20260707T100811_a53ac0,2026-07-07T10:17:29.235705+00:00,transcript_fetch,-LH0p_rteM4,selección española,0.0,1,skip,no_transcript
20260707T100811_a53ac0,2026-07-07T10:17:29.368216+00:00,thumbnail_download,-LH0p_rteM4,selección española,0.1324,1,ok,
20260707T100811_a53ac0,2026-07-07T10:17:29.421775+00:00,video_stats_fetch,3psnN2NDTyg,selección española,0.0523,1,ok,
20260707T100811_a53ac0,2026-07-07T10:17:29.470267+00:00,channel_stats_fetch,3psnN2NDTyg,selección española,0.0484,1,ok,
20260707T100811_a53ac0,2026-07-07T10:17:29.470474+00:00,transcript_fetch,3psnN2NDTyg,selección española,0.0,1,skip,no_transcript
20260707T100811_a53ac0,2026-07-07T10:17:29.565495+00:00,thumbnail_download,3psnN2NDTyg,selección española,0.0949,1,ok,
20260707T100811_a53ac0,2026-07-07T10:17:29.612763+00:00,video_stats_fetch,Wulq3ZKa7WE,selección española,0.0471,1,ok,
20260707T100811_a53ac0,2026-07-07T10:17:29.658193+00:00,channel_stats_fetch,Wulq3ZKa7WE,selección española,0.0454,1,ok,
20260707T100811_a53ac0,2026-07-07T10:17:29.658342+00:00,transcript_fetch,Wulq3ZKa7WE,selección española,0.0,1,skip,no_transcript
20260707T100811_a53ac0,2026-07-07T10:17:29.780165+00:00,thumbnail_download,Wulq3ZKa7WE,selección española,0.1217,1,ok,
20260707T100811_a53ac0,2026-07-07T10:17:29.830889+00:00,video_stats_fetch,XxIw5Lq03UQ,selección española,0.0506,1,ok,
20260707T100811_a53ac0,2026-07-07T10:17:29.875138+00:00,channel_stats_fetch,XxIw5Lq03UQ,selección española,0.0441,1,ok,
20260707T100811_a53ac0,2026-07-07T10:17:29.875267+00:00,transcript_fetch,XxIw5Lq03UQ,selección española,0.0,1,skip,no_transcript
20260707T100811_a53ac0,2026-07-07T10:17:30.044767+00:00,thumbnail_download,XxIw5Lq03UQ,selección española,0.1694,1,ok,
20260707T100811_a53ac0,2026-07-07T10:17:30.087729+00:00,video_stats_fetch,zYGS2yi4T-w,selección española,0.0428,1,ok,
20260707T100811_a53ac0,2026-07-07T10:17:30.140846+00:00,channel_stats_fetch,zYGS2yi4T-w,selección española,0.053,1,ok,
20260707T100811_a53ac0,2026-07-07T10:17:30.140960+00:00,transcript_fetch,zYGS2yi4T-w,selección española,0.0,1,skip,no_transcript
20260707T100811_a53ac0,2026-07-07T10:17:30.247910+00:00,thumbnail_download,zYGS2yi4T-w,selección española,0.1069,1,ok,
20260707T100811_a53ac0,2026-07-07T10:17:45.193967+00:00,llm_batch_call,,selección española,14.9453,5,ok,
20260707T100811_a53ac0,2026-07-07T10:17:45.194181+00:00,csv_write,-LH0p_rteM4,selección española,0.0,1,ok,video_row
20260707T100811_a53ac0,2026-07-07T10:17:45.297445+00:00,comment_page_fetch,-LH0p_rteM4,selección española,0.1032,7,ok,page=1
20260707T100811_a53ac0,2026-07-07T10:17:45.297527+00:00,csv_write,-LH0p_rteM4,selección española,0.0,7,ok,comment_rows
20260707T100811_a53ac0,2026-07-07T10:17:45.297819+00:00,csv_write,3psnN2NDTyg,selección española,0.0,1,ok,video_row
20260707T100811_a53ac0,2026-07-07T10:17:45.451182+00:00,comment_page_fetch,3psnN2NDTyg,selección española,0.1533,100,ok,page=1
20260707T100811_a53ac0,2026-07-07T10:17:45.452750+00:00,csv_write,3psnN2NDTyg,selección española,0.0011,100,ok,comment_rows
20260707T100811_a53ac0,2026-07-07T10:17:45.672688+00:00,comment_page_fetch,3psnN2NDTyg,selección española,0.2199,79,ok,page=2
20260707T100811_a53ac0,2026-07-07T10:17:45.673990+00:00,csv_write,3psnN2NDTyg,selección española,0.0009,79,ok,comment_rows
20260707T100811_a53ac0,2026-07-07T10:17:45.674769+00:00,csv_write,Wulq3ZKa7WE,selección española,0.0001,1,ok,video_row
20260707T100811_a53ac0,2026-07-07T10:17:45.782304+00:00,comment_page_fetch,Wulq3ZKa7WE,selección española,0.1072,47,ok,page=1
20260707T100811_a53ac0,2026-07-07T10:17:45.782916+00:00,csv_write,Wulq3ZKa7WE,selección española,0.0004,47,ok,comment_rows
20260707T100811_a53ac0,2026-07-07T10:17:45.783725+00:00,csv_write,zYGS2yi4T-w,selección española,0.0001,1,ok,video_row
20260707T100811_a53ac0,2026-07-07T10:17:46.066208+00:00,comment_page_fetch,zYGS2yi4T-w,selección española,0.2823,100,ok,page=1
20260707T100811_a53ac0,2026-07-07T10:17:46.069676+00:00,csv_write,zYGS2yi4T-w,selección española,0.0025,100,ok,comment_rows
20260707T100811_a53ac0,2026-07-07T10:17:46.290470+00:00,comment_page_fetch,zYGS2yi4T-w,selección española,0.2207,100,ok,page=2
20260707T100811_a53ac0,2026-07-07T10:17:46.292255+00:00,csv_write,zYGS2yi4T-w,selección española,0.0013,100,ok,comment_rows
20260707T100811_a53ac0,2026-07-07T10:17:46.451167+00:00,comment_page_fetch,zYGS2yi4T-w,selección española,0.1588,100,ok,page=3
20260707T100811_a53ac0,2026-07-07T10:17:46.452999+00:00,csv_write,zYGS2yi4T-w,selección española,0.0013,100,ok,comment_rows
20260707T100811_a53ac0,2026-07-07T10:17:46.576720+00:00,comment_page_fetch,zYGS2yi4T-w,selección española,0.1237,71,ok,page=4
20260707T100811_a53ac0,2026-07-07T10:17:46.577996+00:00,csv_write,zYGS2yi4T-w,selección española,0.0009,71,ok,comment_rows
20260707T100811_a53ac0,2026-07-07T10:17:46.626440+00:00,video_stats_fetch,MSB-1PbUlDU,selección española,0.0483,1,ok,
20260707T100811_a53ac0,2026-07-07T10:17:46.682807+00:00,channel_stats_fetch,MSB-1PbUlDU,selección española,0.0562,1,ok,
20260707T100811_a53ac0,2026-07-07T10:17:46.683036+00:00,transcript_fetch,MSB-1PbUlDU,selección española,0.0,1,skip,no_transcript
20260707T100811_a53ac0,2026-07-07T10:17:46.758789+00:00,thumbnail_download,MSB-1PbUlDU,selección española,0.0756,1,ok,
20260707T100811_a53ac0,2026-07-07T10:17:46.808810+00:00,video_stats_fetch,iWwFlckPouk,selección española,0.0492,1,ok,
20260707T100811_a53ac0,2026-07-07T10:17:46.863839+00:00,channel_stats_fetch,iWwFlckPouk,selección española,0.0549,1,ok,
20260707T100811_a53ac0,2026-07-07T10:17:46.863962+00:00,transcript_fetch,iWwFlckPouk,selección española,0.0,1,skip,no_transcript
20260707T100811_a53ac0,2026-07-07T10:17:46.943493+00:00,thumbnail_download,iWwFlckPouk,selección española,0.0795,1,ok,
20260707T100811_a53ac0,2026-07-07T10:17:46.995720+00:00,video_stats_fetch,ldbm-tZtV_I,selección española,0.0521,1,ok,
20260707T100811_a53ac0,2026-07-07T10:17:47.041244+00:00,channel_stats_fetch,ldbm-tZtV_I,selección española,0.0454,1,ok,
20260707T100811_a53ac0,2026-07-07T10:17:47.041362+00:00,transcript_fetch,ldbm-tZtV_I,selección española,0.0,1,skip,no_transcript
20260707T100811_a53ac0,2026-07-07T10:17:47.161032+00:00,thumbnail_download,ldbm-tZtV_I,selección española,0.1196,1,ok,
20260707T100811_a53ac0,2026-07-07T10:17:47.203944+00:00,video_stats_fetch,JaWuY2sFwIs,selección española,0.0429,1,ok,
20260707T100811_a53ac0,2026-07-07T10:17:47.259371+00:00,channel_stats_fetch,JaWuY2sFwIs,selección española,0.0553,1,ok,
20260707T100811_a53ac0,2026-07-07T10:17:47.259488+00:00,transcript_fetch,JaWuY2sFwIs,selección española,0.0,1,skip,no_transcript
20260707T100811_a53ac0,2026-07-07T10:17:47.421298+00:00,thumbnail_download,JaWuY2sFwIs,selección española,0.1618,1,ok,
20260707T100811_a53ac0,2026-07-07T10:17:47.462643+00:00,video_stats_fetch,6N7mkmdCgS8,selección española,0.0413,1,ok,
20260707T100811_a53ac0,2026-07-07T10:17:47.502237+00:00,channel_stats_fetch,6N7mkmdCgS8,selección española,0.0395,1,ok,
20260707T100811_a53ac0,2026-07-07T10:17:47.502349+00:00,transcript_fetch,6N7mkmdCgS8,selección española,0.0,1,skip,no_transcript
20260707T100811_a53ac0,2026-07-07T10:17:47.596748+00:00,thumbnail_download,6N7mkmdCgS8,selección española,0.0943,1,ok,
20260707T100811_a53ac0,2026-07-07T10:18:04.493198+00:00,llm_batch_call,,selección española,16.8958,5,ok,
20260707T100811_a53ac0,2026-07-07T10:18:04.493509+00:00,csv_write,MSB-1PbUlDU,selección española,0.0,1,ok,video_row
20260707T100811_a53ac0,2026-07-07T10:18:04.595913+00:00,comment_page_fetch,MSB-1PbUlDU,selección española,0.1023,27,ok,page=1
20260707T100811_a53ac0,2026-07-07T10:18:04.596067+00:00,csv_write,MSB-1PbUlDU,selección española,0.0001,27,ok,comment_rows
20260707T100811_a53ac0,2026-07-07T10:18:04.596267+00:00,csv_write,iWwFlckPouk,selección española,0.0,1,ok,video_row
20260707T100811_a53ac0,2026-07-07T10:18:05.042518+00:00,comment_page_fetch,iWwFlckPouk,selección española,0.4462,100,ok,page=1
20260707T100811_a53ac0,2026-07-07T10:18:05.043869+00:00,csv_write,iWwFlckPouk,selección española,0.001,100,ok,comment_rows
20260707T100811_a53ac0,2026-07-07T10:18:05.315027+00:00,comment_page_fetch,iWwFlckPouk,selección española,0.2711,100,ok,page=2
20260707T100811_a53ac0,2026-07-07T10:18:05.316933+00:00,csv_write,iWwFlckPouk,selección española,0.0014,100,ok,comment_rows
20260707T100811_a53ac0,2026-07-07T10:18:05.508659+00:00,comment_page_fetch,iWwFlckPouk,selección española,0.1916,100,ok,page=3
20260707T100811_a53ac0,2026-07-07T10:18:05.510576+00:00,csv_write,iWwFlckPouk,selección española,0.0014,100,ok,comment_rows
20260707T100811_a53ac0,2026-07-07T10:18:05.675410+00:00,comment_page_fetch,iWwFlckPouk,selección española,0.1648,100,ok,page=4
20260707T100811_a53ac0,2026-07-07T10:18:05.677259+00:00,csv_write,iWwFlckPouk,selección española,0.0014,100,ok,comment_rows
20260707T100811_a53ac0,2026-07-07T10:18:06.016377+00:00,comment_page_fetch,iWwFlckPouk,selección española,0.339,100,ok,page=5
20260707T100811_a53ac0,2026-07-07T10:18:06.018296+00:00,csv_write,iWwFlckPouk,selección española,0.0014,100,ok,comment_rows
20260707T100811_a53ac0,2026-07-07T10:18:06.270397+00:00,comment_page_fetch,iWwFlckPouk,selección española,0.252,100,ok,page=6
20260707T100811_a53ac0,2026-07-07T10:18:06.272259+00:00,csv_write,iWwFlckPouk,selección española,0.0014,100,ok,comment_rows
20260707T100811_a53ac0,2026-07-07T10:18:06.480060+00:00,comment_page_fetch,iWwFlckPouk,selección española,0.2077,100,ok,page=7
20260707T100811_a53ac0,2026-07-07T10:18:06.481854+00:00,csv_write,iWwFlckPouk,selección española,0.0013,100,ok,comment_rows
20260707T100811_a53ac0,2026-07-07T10:18:06.786927+00:00,comment_page_fetch,iWwFlckPouk,selección española,0.305,100,ok,page=8
20260707T100811_a53ac0,2026-07-07T10:18:06.788817+00:00,csv_write,iWwFlckPouk,selección española,0.0014,100,ok,comment_rows
20260707T100811_a53ac0,2026-07-07T10:18:07.061658+00:00,comment_page_fetch,iWwFlckPouk,selección española,0.2728,100,ok,page=9
20260707T100811_a53ac0,2026-07-07T10:18:07.063607+00:00,csv_write,iWwFlckPouk,selección española,0.0014,100,ok,comment_rows
20260707T100811_a53ac0,2026-07-07T10:18:07.175090+00:00,comment_page_fetch,iWwFlckPouk,selección española,0.1114,27,ok,page=10
20260707T100811_a53ac0,2026-07-07T10:18:07.175749+00:00,csv_write,iWwFlckPouk,selección española,0.0004,27,ok,comment_rows
20260707T100811_a53ac0,2026-07-07T10:18:07.229916+00:00,video_stats_fetch,_U8BEqhmyx8,selección española,0.0536,1,ok,
20260707T100811_a53ac0,2026-07-07T10:18:07.279960+00:00,channel_stats_fetch,_U8BEqhmyx8,selección española,0.0499,1,ok,
20260707T100811_a53ac0,2026-07-07T10:18:07.280130+00:00,transcript_fetch,_U8BEqhmyx8,selección española,0.0,1,skip,no_transcript
20260707T100811_a53ac0,2026-07-07T10:18:07.385828+00:00,thumbnail_download,_U8BEqhmyx8,selección española,0.1056,1,ok,
20260707T100811_a53ac0,2026-07-07T10:18:07.438093+00:00,video_stats_fetch,VRcXqm9WVy0,selección española,0.0514,1,ok,
20260707T100811_a53ac0,2026-07-07T10:18:07.493587+00:00,channel_stats_fetch,VRcXqm9WVy0,selección española,0.0554,1,ok,
20260707T100811_a53ac0,2026-07-07T10:18:07.493787+00:00,transcript_fetch,VRcXqm9WVy0,selección española,0.0,1,skip,no_transcript
20260707T100811_a53ac0,2026-07-07T10:18:07.593241+00:00,thumbnail_download,VRcXqm9WVy0,selección española,0.0993,1,ok,
20260707T100811_a53ac0,2026-07-07T10:18:07.648021+00:00,video_stats_fetch,J486PuVWY4A,selección española,0.0546,1,ok,
20260707T100811_a53ac0,2026-07-07T10:18:07.701901+00:00,channel_stats_fetch,J486PuVWY4A,selección española,0.0537,1,ok,
20260707T100811_a53ac0,2026-07-07T10:18:07.702017+00:00,transcript_fetch,J486PuVWY4A,selección española,0.0,1,skip,no_transcript
20260707T100811_a53ac0,2026-07-07T10:18:07.829133+00:00,thumbnail_download,J486PuVWY4A,selección española,0.1271,1,ok,
20260707T100811_a53ac0,2026-07-07T10:18:07.876959+00:00,video_stats_fetch,Q_x_3CTDOwE,selección española,0.0476,1,ok,
20260707T100811_a53ac0,2026-07-07T10:18:07.924933+00:00,channel_stats_fetch,Q_x_3CTDOwE,selección española,0.0478,1,ok,
20260707T100811_a53ac0,2026-07-07T10:18:07.925145+00:00,transcript_fetch,Q_x_3CTDOwE,selección española,0.0,1,skip,no_transcript
20260707T100811_a53ac0,2026-07-07T10:18:07.994325+00:00,thumbnail_download,Q_x_3CTDOwE,selección española,0.0691,1,ok,
20260707T100811_a53ac0,2026-07-07T10:18:08.035096+00:00,video_stats_fetch,R_QNWUkZdfM,selección española,0.0406,1,ok,
20260707T100811_a53ac0,2026-07-07T10:18:08.084517+00:00,channel_stats_fetch,R_QNWUkZdfM,selección española,0.0493,1,ok,
20260707T100811_a53ac0,2026-07-07T10:18:08.084635+00:00,transcript_fetch,R_QNWUkZdfM,selección española,0.0,1,skip,no_transcript
20260707T100811_a53ac0,2026-07-07T10:18:08.152270+00:00,thumbnail_download,R_QNWUkZdfM,selección española,0.0676,1,ok,
20260707T100811_a53ac0,2026-07-07T10:18:24.790271+00:00,llm_batch_call,,selección española,16.6378,5,ok,
20260707T100811_a53ac0,2026-07-07T10:18:24.790621+00:00,csv_write,_U8BEqhmyx8,selección española,0.0,1,ok,video_row
20260707T100811_a53ac0,2026-07-07T10:18:24.918680+00:00,comment_page_fetch,_U8BEqhmyx8,selección española,0.128,14,ok,page=1
20260707T100811_a53ac0,2026-07-07T10:18:24.918867+00:00,csv_write,_U8BEqhmyx8,selección española,0.0001,14,ok,comment_rows
20260707T100811_a53ac0,2026-07-07T10:18:24.919082+00:00,csv_write,VRcXqm9WVy0,selección española,0.0,1,ok,video_row
20260707T100811_a53ac0,2026-07-07T10:18:25.095613+00:00,comment_page_fetch,VRcXqm9WVy0,selección española,0.1765,100,ok,page=1
20260707T100811_a53ac0,2026-07-07T10:18:25.096026+00:00,csv_write,VRcXqm9WVy0,selección española,0.0003,100,ok,comment_rows
20260707T100811_a53ac0,2026-07-07T10:18:25.174193+00:00,comment_page_fetch,VRcXqm9WVy0,selección española,0.0781,1,ok,page=2
20260707T100811_a53ac0,2026-07-07T10:18:25.174383+00:00,csv_write,VRcXqm9WVy0,selección española,0.0,1,ok,comment_rows
20260707T100811_a53ac0,2026-07-07T10:18:25.175277+00:00,csv_write,J486PuVWY4A,selección española,0.0001,1,ok,video_row
20260707T100811_a53ac0,2026-07-07T10:18:25.235840+00:00,comment_page_fetch,J486PuVWY4A,selección española,0.0603,0,ok,page=1
20260707T100811_a53ac0,2026-07-07T10:18:25.235947+00:00,csv_write,J486PuVWY4A,selección española,0.0,0,ok,comment_rows
20260707T100811_a53ac0,2026-07-07T10:18:25.236793+00:00,csv_write,Q_x_3CTDOwE,selección española,0.0001,1,ok,video_row
20260707T100811_a53ac0,2026-07-07T10:18:25.471134+00:00,comment_page_fetch,Q_x_3CTDOwE,selección española,0.2341,100,ok,page=1
20260707T100811_a53ac0,2026-07-07T10:18:25.472954+00:00,csv_write,Q_x_3CTDOwE,selección española,0.0013,100,ok,comment_rows
20260707T100811_a53ac0,2026-07-07T10:18:25.683812+00:00,comment_page_fetch,Q_x_3CTDOwE,selección española,0.2108,100,ok,page=2
20260707T100811_a53ac0,2026-07-07T10:18:25.685100+00:00,csv_write,Q_x_3CTDOwE,selección española,0.0009,100,ok,comment_rows
20260707T100811_a53ac0,2026-07-07T10:18:25.865934+00:00,comment_page_fetch,Q_x_3CTDOwE,selección española,0.1808,100,ok,page=3
20260707T100811_a53ac0,2026-07-07T10:18:25.866544+00:00,csv_write,Q_x_3CTDOwE,selección española,0.0004,100,ok,comment_rows
20260707T100811_a53ac0,2026-07-07T10:18:26.026484+00:00,comment_page_fetch,Q_x_3CTDOwE,selección española,0.1599,100,ok,page=4
20260707T100811_a53ac0,2026-07-07T10:18:26.028224+00:00,csv_write,Q_x_3CTDOwE,selección española,0.0012,100,ok,comment_rows
20260707T100811_a53ac0,2026-07-07T10:18:26.139767+00:00,comment_page_fetch,Q_x_3CTDOwE,selección española,0.1115,23,ok,page=5
20260707T100811_a53ac0,2026-07-07T10:18:26.139937+00:00,csv_write,Q_x_3CTDOwE,selección española,0.0001,23,ok,comment_rows
20260707T100811_a53ac0,2026-07-07T10:18:26.140236+00:00,csv_write,R_QNWUkZdfM,selección española,0.0,1,ok,video_row
20260707T100811_a53ac0,2026-07-07T10:18:26.342826+00:00,comment_page_fetch,R_QNWUkZdfM,selección española,0.2025,100,ok,page=1
20260707T100811_a53ac0,2026-07-07T10:18:26.344420+00:00,csv_write,R_QNWUkZdfM,selección española,0.0011,100,ok,comment_rows
20260707T100811_a53ac0,2026-07-07T10:18:26.494537+00:00,comment_page_fetch,R_QNWUkZdfM,selección española,0.1501,100,ok,page=2
20260707T100811_a53ac0,2026-07-07T10:18:26.495339+00:00,csv_write,R_QNWUkZdfM,selección española,0.0006,100,ok,comment_rows
20260707T100811_a53ac0,2026-07-07T10:18:26.661146+00:00,comment_page_fetch,R_QNWUkZdfM,selección española,0.1657,100,ok,page=3
20260707T100811_a53ac0,2026-07-07T10:18:26.662890+00:00,csv_write,R_QNWUkZdfM,selección española,0.0012,100,ok,comment_rows
20260707T100811_a53ac0,2026-07-07T10:18:26.835669+00:00,comment_page_fetch,R_QNWUkZdfM,selección española,0.1727,100,ok,page=4
20260707T100811_a53ac0,2026-07-07T10:18:26.837541+00:00,csv_write,R_QNWUkZdfM,selección española,0.0013,100,ok,comment_rows
20260707T100811_a53ac0,2026-07-07T10:18:26.973719+00:00,comment_page_fetch,R_QNWUkZdfM,selección española,0.1361,57,ok,page=5
20260707T100811_a53ac0,2026-07-07T10:18:26.974795+00:00,csv_write,R_QNWUkZdfM,selección española,0.0006,57,ok,comment_rows
20260707T100811_a53ac0,2026-07-07T10:18:27.450997+00:00,keyword_search,,copa del mundo 2026,0.4759,1,ok,results=50
20260707T100811_a53ac0,2026-07-07T10:18:27.498663+00:00,video_stats_fetch,86UJ6U-1yRE,copa del mundo 2026,0.0474,1,ok,
20260707T100811_a53ac0,2026-07-07T10:18:27.546577+00:00,channel_stats_fetch,86UJ6U-1yRE,copa del mundo 2026,0.0478,1,ok,
20260707T100811_a53ac0,2026-07-07T10:18:27.546761+00:00,transcript_fetch,86UJ6U-1yRE,copa del mundo 2026,0.0,1,skip,no_transcript
20260707T100811_a53ac0,2026-07-07T10:18:27.609248+00:00,thumbnail_download,86UJ6U-1yRE,copa del mundo 2026,0.0624,1,ok,
20260707T100811_a53ac0,2026-07-07T10:18:27.654142+00:00,video_stats_fetch,88GRKKk1e70,copa del mundo 2026,0.0445,1,ok,
20260707T100811_a53ac0,2026-07-07T10:18:27.701940+00:00,channel_stats_fetch,88GRKKk1e70,copa del mundo 2026,0.0477,1,ok,
20260707T100811_a53ac0,2026-07-07T10:18:27.702059+00:00,transcript_fetch,88GRKKk1e70,copa del mundo 2026,0.0,1,skip,no_transcript
20260707T100811_a53ac0,2026-07-07T10:18:27.768863+00:00,thumbnail_download,88GRKKk1e70,copa del mundo 2026,0.0667,1,ok,
20260707T100811_a53ac0,2026-07-07T10:18:27.836784+00:00,video_stats_fetch,q4AbhF4gaHY,copa del mundo 2026,0.0678,1,ok,
20260707T100811_a53ac0,2026-07-07T10:18:27.887225+00:00,channel_stats_fetch,q4AbhF4gaHY,copa del mundo 2026,0.0503,1,ok,
20260707T100811_a53ac0,2026-07-07T10:18:27.887282+00:00,transcript_fetch,q4AbhF4gaHY,copa del mundo 2026,0.0,1,skip,no_transcript
20260707T100811_a53ac0,2026-07-07T10:18:27.960509+00:00,thumbnail_download,q4AbhF4gaHY,copa del mundo 2026,0.0732,1,ok,
20260707T100811_a53ac0,2026-07-07T10:18:28.004135+00:00,video_stats_fetch,Hk8fAcNH-CA,copa del mundo 2026,0.0436,1,ok,
20260707T100811_a53ac0,2026-07-07T10:18:28.044226+00:00,channel_stats_fetch,Hk8fAcNH-CA,copa del mundo 2026,0.04,1,ok,
20260707T100811_a53ac0,2026-07-07T10:18:28.044347+00:00,transcript_fetch,Hk8fAcNH-CA,copa del mundo 2026,0.0,1,skip,no_transcript
20260707T100811_a53ac0,2026-07-07T10:18:28.146185+00:00,thumbnail_download,Hk8fAcNH-CA,copa del mundo 2026,0.1018,1,ok,
20260707T100811_a53ac0,2026-07-07T10:18:28.193230+00:00,video_stats_fetch,GHBSvH93j70,copa del mundo 2026,0.0469,1,ok,
20260707T100811_a53ac0,2026-07-07T10:18:28.248600+00:00,channel_stats_fetch,GHBSvH93j70,copa del mundo 2026,0.0553,1,ok,
20260707T100811_a53ac0,2026-07-07T10:18:28.248716+00:00,transcript_fetch,GHBSvH93j70,copa del mundo 2026,0.0,1,skip,no_transcript
20260707T100811_a53ac0,2026-07-07T10:18:28.364462+00:00,thumbnail_download,GHBSvH93j70,copa del mundo 2026,0.1157,1,ok,
20260707T100811_a53ac0,2026-07-07T10:18:40.907833+00:00,llm_batch_call,,copa del mundo 2026,12.543,5,ok,
20260707T100811_a53ac0,2026-07-07T10:18:40.908180+00:00,csv_write,86UJ6U-1yRE,copa del mundo 2026,0.0,1,ok,video_row
20260707T100811_a53ac0,2026-07-07T10:18:41.122870+00:00,comment_page_fetch,86UJ6U-1yRE,copa del mundo 2026,0.2146,100,ok,page=1
20260707T100811_a53ac0,2026-07-07T10:18:41.124568+00:00,csv_write,86UJ6U-1yRE,copa del mundo 2026,0.0012,100,ok,comment_rows
20260707T100811_a53ac0,2026-07-07T10:18:41.353330+00:00,comment_page_fetch,86UJ6U-1yRE,copa del mundo 2026,0.2287,100,ok,page=2
20260707T100811_a53ac0,2026-07-07T10:18:41.354148+00:00,csv_write,86UJ6U-1yRE,copa del mundo 2026,0.0006,100,ok,comment_rows
20260707T100811_a53ac0,2026-07-07T10:18:41.606741+00:00,comment_page_fetch,86UJ6U-1yRE,copa del mundo 2026,0.2525,91,ok,page=3
20260707T100811_a53ac0,2026-07-07T10:18:41.608363+00:00,csv_write,86UJ6U-1yRE,copa del mundo 2026,0.0011,91,ok,comment_rows
20260707T100811_a53ac0,2026-07-07T10:18:41.609403+00:00,csv_write,88GRKKk1e70,copa del mundo 2026,0.0001,1,ok,video_row
20260707T100811_a53ac0,2026-07-07T10:18:41.872531+00:00,comment_page_fetch,88GRKKk1e70,copa del mundo 2026,0.2629,100,ok,page=1
20260707T100811_a53ac0,2026-07-07T10:18:41.872920+00:00,csv_write,88GRKKk1e70,copa del mundo 2026,0.0003,100,ok,comment_rows
20260707T100811_a53ac0,2026-07-07T10:18:42.052644+00:00,comment_page_fetch,88GRKKk1e70,copa del mundo 2026,0.1797,100,ok,page=2
20260707T100811_a53ac0,2026-07-07T10:18:42.053016+00:00,csv_write,88GRKKk1e70,copa del mundo 2026,0.0003,100,ok,comment_rows
20260707T100811_a53ac0,2026-07-07T10:18:42.219826+00:00,comment_page_fetch,88GRKKk1e70,copa del mundo 2026,0.1668,100,ok,page=3
20260707T100811_a53ac0,2026-07-07T10:18:42.221603+00:00,csv_write,88GRKKk1e70,copa del mundo 2026,0.0013,100,ok,comment_rows
20260707T100811_a53ac0,2026-07-07T10:18:42.387123+00:00,comment_page_fetch,88GRKKk1e70,copa del mundo 2026,0.1654,100,ok,page=4
20260707T100811_a53ac0,2026-07-07T10:18:42.388907+00:00,csv_write,88GRKKk1e70,copa del mundo 2026,0.0013,100,ok,comment_rows
20260707T100811_a53ac0,2026-07-07T10:18:42.580856+00:00,comment_page_fetch,88GRKKk1e70,copa del mundo 2026,0.1919,100,ok,page=5
20260707T100811_a53ac0,2026-07-07T10:18:42.581234+00:00,csv_write,88GRKKk1e70,copa del mundo 2026,0.0003,100,ok,comment_rows
20260707T100811_a53ac0,2026-07-07T10:18:42.772472+00:00,comment_page_fetch,88GRKKk1e70,copa del mundo 2026,0.1912,63,ok,page=6
20260707T100811_a53ac0,2026-07-07T10:18:42.772827+00:00,csv_write,88GRKKk1e70,copa del mundo 2026,0.0002,63,ok,comment_rows
20260707T100811_a53ac0,2026-07-07T10:18:42.773030+00:00,csv_write,q4AbhF4gaHY,copa del mundo 2026,0.0,1,ok,video_row
20260707T100811_a53ac0,2026-07-07T10:18:42.858289+00:00,comment_page_fetch,q4AbhF4gaHY,copa del mundo 2026,0.085,17,ok,page=1
20260707T100811_a53ac0,2026-07-07T10:18:42.858987+00:00,csv_write,q4AbhF4gaHY,copa del mundo 2026,0.0003,17,ok,comment_rows
20260707T100811_a53ac0,2026-07-07T10:18:42.860445+00:00,csv_write,Hk8fAcNH-CA,copa del mundo 2026,0.0001,1,ok,video_row
20260707T100811_a53ac0,2026-07-07T10:18:42.960904+00:00,comment_page_fetch,Hk8fAcNH-CA,copa del mundo 2026,0.1,26,ok,page=1
20260707T100811_a53ac0,2026-07-07T10:18:42.961057+00:00,csv_write,Hk8fAcNH-CA,copa del mundo 2026,0.0001,26,ok,comment_rows
20260707T100811_a53ac0,2026-07-07T10:18:42.961204+00:00,csv_write,GHBSvH93j70,copa del mundo 2026,0.0,1,ok,video_row
20260707T100811_a53ac0,2026-07-07T10:18:43.173802+00:00,comment_page_fetch,GHBSvH93j70,copa del mundo 2026,0.2125,90,ok,page=1
20260707T100811_a53ac0,2026-07-07T10:18:43.174129+00:00,csv_write,GHBSvH93j70,copa del mundo 2026,0.0002,90,ok,comment_rows
20260707T100811_a53ac0,2026-07-07T10:18:43.213343+00:00,video_stats_fetch,kJCqcutcg_U,copa del mundo 2026,0.0392,1,ok,
20260707T100811_a53ac0,2026-07-07T10:18:43.252994+00:00,channel_stats_fetch,kJCqcutcg_U,copa del mundo 2026,0.0396,1,ok,
20260707T100811_a53ac0,2026-07-07T10:18:43.253059+00:00,transcript_fetch,kJCqcutcg_U,copa del mundo 2026,0.0,1,skip,no_transcript
20260707T100811_a53ac0,2026-07-07T10:18:43.405107+00:00,thumbnail_download,kJCqcutcg_U,copa del mundo 2026,0.152,1,ok,
20260707T100811_a53ac0,2026-07-07T10:18:43.450218+00:00,video_stats_fetch,-FU5hvnKK3A,copa del mundo 2026,0.0449,1,ok,
20260707T100811_a53ac0,2026-07-07T10:18:43.498956+00:00,channel_stats_fetch,-FU5hvnKK3A,copa del mundo 2026,0.0487,1,ok,
20260707T100811_a53ac0,2026-07-07T10:18:43.499155+00:00,transcript_fetch,-FU5hvnKK3A,copa del mundo 2026,0.0,1,skip,no_transcript
20260707T100811_a53ac0,2026-07-07T10:18:43.599206+00:00,thumbnail_download,-FU5hvnKK3A,copa del mundo 2026,0.0999,1,ok,
20260707T100811_a53ac0,2026-07-07T10:18:43.647021+00:00,video_stats_fetch,4qrsWWovaTE,copa del mundo 2026,0.0476,1,ok,
20260707T100811_a53ac0,2026-07-07T10:18:43.701876+00:00,channel_stats_fetch,4qrsWWovaTE,copa del mundo 2026,0.0546,1,ok,
20260707T100811_a53ac0,2026-07-07T10:18:43.701970+00:00,transcript_fetch,4qrsWWovaTE,copa del mundo 2026,0.0,1,skip,no_transcript
20260707T100811_a53ac0,2026-07-07T10:18:43.828450+00:00,thumbnail_download,4qrsWWovaTE,copa del mundo 2026,0.1264,1,ok,
20260707T100811_a53ac0,2026-07-07T10:18:43.887552+00:00,video_stats_fetch,1-xGtPsg8K0,copa del mundo 2026,0.0433,1,ok,
20260707T100811_a53ac0,2026-07-07T10:18:43.930350+00:00,channel_stats_fetch,1-xGtPsg8K0,copa del mundo 2026,0.0427,1,ok,
20260707T100811_a53ac0,2026-07-07T10:18:43.930562+00:00,transcript_fetch,1-xGtPsg8K0,copa del mundo 2026,0.0,1,skip,no_transcript
20260707T100811_a53ac0,2026-07-07T10:18:44.005130+00:00,thumbnail_download,1-xGtPsg8K0,copa del mundo 2026,0.0745,1,ok,
20260707T100811_a53ac0,2026-07-07T10:18:44.048418+00:00,video_stats_fetch,u-MnZYYPWRI,copa del mundo 2026,0.0432,1,ok,
20260707T100811_a53ac0,2026-07-07T10:18:44.103895+00:00,channel_stats_fetch,u-MnZYYPWRI,copa del mundo 2026,0.0554,1,ok,
20260707T100811_a53ac0,2026-07-07T10:18:44.104029+00:00,transcript_fetch,u-MnZYYPWRI,copa del mundo 2026,0.0,1,skip,no_transcript
20260707T100811_a53ac0,2026-07-07T10:18:44.197252+00:00,thumbnail_download,u-MnZYYPWRI,copa del mundo 2026,0.0932,1,ok,
20260707T100811_a53ac0,2026-07-07T10:18:59.686259+00:00,llm_batch_call,,copa del mundo 2026,15.4888,5,ok,
20260707T100811_a53ac0,2026-07-07T10:18:59.686596+00:00,csv_write,kJCqcutcg_U,copa del mundo 2026,0.0,1,ok,video_row
20260707T100811_a53ac0,2026-07-07T10:18:59.824283+00:00,comment_page_fetch,kJCqcutcg_U,copa del mundo 2026,0.1376,38,ok,page=1
20260707T100811_a53ac0,2026-07-07T10:18:59.825053+00:00,csv_write,kJCqcutcg_U,copa del mundo 2026,0.0005,38,ok,comment_rows
20260707T100811_a53ac0,2026-07-07T10:18:59.825968+00:00,csv_write,-FU5hvnKK3A,copa del mundo 2026,0.0001,1,ok,video_row
20260707T100811_a53ac0,2026-07-07T10:18:59.963357+00:00,comment_page_fetch,-FU5hvnKK3A,copa del mundo 2026,0.1371,100,ok,page=1
20260707T100811_a53ac0,2026-07-07T10:18:59.964836+00:00,csv_write,-FU5hvnKK3A,copa del mundo 2026,0.001,100,ok,comment_rows
20260707T100811_a53ac0,2026-07-07T10:19:00.130729+00:00,comment_page_fetch,-FU5hvnKK3A,copa del mundo 2026,0.1658,100,ok,page=2
20260707T100811_a53ac0,2026-07-07T10:19:00.131313+00:00,csv_write,-FU5hvnKK3A,copa del mundo 2026,0.0004,100,ok,comment_rows
20260707T100811_a53ac0,2026-07-07T10:19:00.292639+00:00,comment_page_fetch,-FU5hvnKK3A,copa del mundo 2026,0.1613,38,ok,page=3
20260707T100811_a53ac0,2026-07-07T10:19:00.292859+00:00,csv_write,-FU5hvnKK3A,copa del mundo 2026,0.0001,38,ok,comment_rows
20260707T100811_a53ac0,2026-07-07T10:19:00.293420+00:00,csv_write,4qrsWWovaTE,copa del mundo 2026,0.0,1,ok,video_row
20260707T100811_a53ac0,2026-07-07T10:19:00.457149+00:00,comment_page_fetch,4qrsWWovaTE,copa del mundo 2026,0.1636,100,ok,page=1
20260707T100811_a53ac0,2026-07-07T10:19:00.457522+00:00,csv_write,4qrsWWovaTE,copa del mundo 2026,0.0002,100,ok,comment_rows
20260707T100811_a53ac0,2026-07-07T10:19:00.628589+00:00,comment_page_fetch,4qrsWWovaTE,copa del mundo 2026,0.171,7,ok,page=2
20260707T100811_a53ac0,2026-07-07T10:19:00.628750+00:00,csv_write,4qrsWWovaTE,copa del mundo 2026,0.0,7,ok,comment_rows
20260707T100811_a53ac0,2026-07-07T10:19:00.629268+00:00,csv_write,1-xGtPsg8K0,copa del mundo 2026,0.0001,1,ok,video_row
20260707T100811_a53ac0,2026-07-07T10:19:00.801054+00:00,comment_page_fetch,1-xGtPsg8K0,copa del mundo 2026,0.1717,100,ok,page=1
20260707T100811_a53ac0,2026-07-07T10:19:00.801818+00:00,csv_write,1-xGtPsg8K0,copa del mundo 2026,0.0006,100,ok,comment_rows
20260707T100811_a53ac0,2026-07-07T10:19:00.984119+00:00,comment_page_fetch,1-xGtPsg8K0,copa del mundo 2026,0.1823,100,ok,page=2
20260707T100811_a53ac0,2026-07-07T10:19:00.984869+00:00,csv_write,1-xGtPsg8K0,copa del mundo 2026,0.0005,100,ok,comment_rows
20260707T100811_a53ac0,2026-07-07T10:19:01.145047+00:00,comment_page_fetch,1-xGtPsg8K0,copa del mundo 2026,0.1601,100,ok,page=3
20260707T100811_a53ac0,2026-07-07T10:19:01.148740+00:00,csv_write,1-xGtPsg8K0,copa del mundo 2026,0.0027,100,ok,comment_rows
20260707T100811_a53ac0,2026-07-07T10:19:01.336535+00:00,comment_page_fetch,1-xGtPsg8K0,copa del mundo 2026,0.1877,100,ok,page=4
20260707T100811_a53ac0,2026-07-07T10:19:01.338445+00:00,csv_write,1-xGtPsg8K0,copa del mundo 2026,0.0014,100,ok,comment_rows
20260707T100811_a53ac0,2026-07-07T10:19:01.457165+00:00,comment_page_fetch,1-xGtPsg8K0,copa del mundo 2026,0.1187,66,ok,page=5
20260707T100811_a53ac0,2026-07-07T10:19:01.457626+00:00,csv_write,1-xGtPsg8K0,copa del mundo 2026,0.0002,66,ok,comment_rows
20260707T100811_a53ac0,2026-07-07T10:19:01.457915+00:00,csv_write,u-MnZYYPWRI,copa del mundo 2026,0.0,1,ok,video_row
20260707T100811_a53ac0,2026-07-07T10:19:01.656810+00:00,comment_page_fetch,u-MnZYYPWRI,copa del mundo 2026,0.1988,100,ok,page=1
20260707T100811_a53ac0,2026-07-07T10:19:01.657170+00:00,csv_write,u-MnZYYPWRI,copa del mundo 2026,0.0002,100,ok,comment_rows
20260707T100811_a53ac0,2026-07-07T10:19:01.781302+00:00,comment_page_fetch,u-MnZYYPWRI,copa del mundo 2026,0.1241,12,ok,page=2
20260707T100811_a53ac0,2026-07-07T10:19:01.781430+00:00,csv_write,u-MnZYYPWRI,copa del mundo 2026,0.0,12,ok,comment_rows
20260707T100811_a53ac0,2026-07-07T10:19:01.827237+00:00,video_stats_fetch,WgB40uPl2-U,copa del mundo 2026,0.0458,1,ok,
20260707T100811_a53ac0,2026-07-07T10:19:01.879050+00:00,channel_stats_fetch,WgB40uPl2-U,copa del mundo 2026,0.0518,1,ok,
20260707T100811_a53ac0,2026-07-07T10:19:01.879095+00:00,transcript_fetch,WgB40uPl2-U,copa del mundo 2026,0.0,1,skip,no_transcript
20260707T100811_a53ac0,2026-07-07T10:19:01.946971+00:00,thumbnail_download,WgB40uPl2-U,copa del mundo 2026,0.0679,1,ok,
20260707T100811_a53ac0,2026-07-07T10:19:01.997478+00:00,video_stats_fetch,_Ujey4s2aOQ,copa del mundo 2026,0.0504,1,ok,
20260707T100811_a53ac0,2026-07-07T10:19:02.044468+00:00,channel_stats_fetch,_Ujey4s2aOQ,copa del mundo 2026,0.0469,1,ok,
20260707T100811_a53ac0,2026-07-07T10:19:02.044515+00:00,transcript_fetch,_Ujey4s2aOQ,copa del mundo 2026,0.0,1,skip,no_transcript
20260707T100811_a53ac0,2026-07-07T10:19:02.154196+00:00,thumbnail_download,_Ujey4s2aOQ,copa del mundo 2026,0.1097,1,ok,
20260707T100811_a53ac0,2026-07-07T10:19:02.195895+00:00,video_stats_fetch,coHOKFtcm1M,copa del mundo 2026,0.0416,1,ok,
20260707T100811_a53ac0,2026-07-07T10:19:02.253345+00:00,channel_stats_fetch,coHOKFtcm1M,copa del mundo 2026,0.0574,1,ok,
20260707T100811_a53ac0,2026-07-07T10:19:02.253404+00:00,transcript_fetch,coHOKFtcm1M,copa del mundo 2026,0.0,1,skip,no_transcript
20260707T100811_a53ac0,2026-07-07T10:19:02.394022+00:00,thumbnail_download,coHOKFtcm1M,copa del mundo 2026,0.1406,1,ok,
20260707T100811_a53ac0,2026-07-07T10:19:02.453842+00:00,video_stats_fetch,3xDRhP3SLK4,copa del mundo 2026,0.0596,1,ok,
20260707T100811_a53ac0,2026-07-07T10:19:02.513025+00:00,channel_stats_fetch,3xDRhP3SLK4,copa del mundo 2026,0.059,1,ok,
20260707T100811_a53ac0,2026-07-07T10:19:02.513173+00:00,transcript_fetch,3xDRhP3SLK4,copa del mundo 2026,0.0,1,skip,no_transcript
20260707T100811_a53ac0,2026-07-07T10:19:02.595276+00:00,thumbnail_download,3xDRhP3SLK4,copa del mundo 2026,0.082,1,ok,
20260707T100811_a53ac0,2026-07-07T10:19:02.634858+00:00,video_stats_fetch,vrY1THC_NQE,copa del mundo 2026,0.0395,1,ok,
20260707T100811_a53ac0,2026-07-07T10:19:02.692781+00:00,channel_stats_fetch,vrY1THC_NQE,copa del mundo 2026,0.0578,1,ok,
20260707T100811_a53ac0,2026-07-07T10:19:02.692918+00:00,transcript_fetch,vrY1THC_NQE,copa del mundo 2026,0.0,1,skip,no_transcript
20260707T100811_a53ac0,2026-07-07T10:19:02.765812+00:00,thumbnail_download,vrY1THC_NQE,copa del mundo 2026,0.0728,1,ok,
20260707T100811_a53ac0,2026-07-07T10:19:16.928024+00:00,llm_batch_call,,copa del mundo 2026,14.1615,5,ok,
20260707T100811_a53ac0,2026-07-07T10:19:16.928564+00:00,csv_write,WgB40uPl2-U,copa del mundo 2026,0.0001,1,ok,video_row
20260707T100811_a53ac0,2026-07-07T10:19:17.139718+00:00,comment_page_fetch,WgB40uPl2-U,copa del mundo 2026,0.211,100,ok,page=1
20260707T100811_a53ac0,2026-07-07T10:19:17.141427+00:00,csv_write,WgB40uPl2-U,copa del mundo 2026,0.0012,100,ok,comment_rows
20260707T100811_a53ac0,2026-07-07T10:19:17.337201+00:00,comment_page_fetch,WgB40uPl2-U,copa del mundo 2026,0.1957,100,ok,page=2
20260707T100811_a53ac0,2026-07-07T10:19:17.338818+00:00,csv_write,WgB40uPl2-U,copa del mundo 2026,0.0012,100,ok,comment_rows
20260707T100811_a53ac0,2026-07-07T10:19:17.491213+00:00,comment_page_fetch,WgB40uPl2-U,copa del mundo 2026,0.1523,100,ok,page=3
20260707T100811_a53ac0,2026-07-07T10:19:17.492949+00:00,csv_write,WgB40uPl2-U,copa del mundo 2026,0.0013,100,ok,comment_rows
20260707T100811_a53ac0,2026-07-07T10:19:17.666206+00:00,comment_page_fetch,WgB40uPl2-U,copa del mundo 2026,0.1732,99,ok,page=4
20260707T100811_a53ac0,2026-07-07T10:19:17.667841+00:00,csv_write,WgB40uPl2-U,copa del mundo 2026,0.0011,99,ok,comment_rows
20260707T100811_a53ac0,2026-07-07T10:19:17.669143+00:00,csv_write,coHOKFtcm1M,copa del mundo 2026,0.0001,1,ok,video_row
20260707T100811_a53ac0,2026-07-07T10:19:17.753038+00:00,comment_page_fetch,coHOKFtcm1M,copa del mundo 2026,0.0836,4,ok,page=1
20260707T100811_a53ac0,2026-07-07T10:19:17.753553+00:00,csv_write,coHOKFtcm1M,copa del mundo 2026,0.0002,4,ok,comment_rows
20260707T100811_a53ac0,2026-07-07T10:19:17.754978+00:00,csv_write,3xDRhP3SLK4,copa del mundo 2026,0.0002,1,ok,video_row
20260707T100811_a53ac0,2026-07-07T10:19:17.955774+00:00,comment_page_fetch,3xDRhP3SLK4,copa del mundo 2026,0.2004,100,ok,page=1
20260707T100811_a53ac0,2026-07-07T10:19:17.956337+00:00,csv_write,3xDRhP3SLK4,copa del mundo 2026,0.0004,100,ok,comment_rows
20260707T100811_a53ac0,2026-07-07T10:19:18.152628+00:00,comment_page_fetch,3xDRhP3SLK4,copa del mundo 2026,0.1962,52,ok,page=2
20260707T100811_a53ac0,2026-07-07T10:19:18.153589+00:00,csv_write,3xDRhP3SLK4,copa del mundo 2026,0.0006,52,ok,comment_rows
20260707T100811_a53ac0,2026-07-07T10:19:18.202250+00:00,video_stats_fetch,VGGsrjW6EQE,copa del mundo 2026,0.0483,1,ok,
20260707T100811_a53ac0,2026-07-07T10:19:18.247333+00:00,channel_stats_fetch,VGGsrjW6EQE,copa del mundo 2026,0.045,1,ok,
20260707T100811_a53ac0,2026-07-07T10:19:18.247451+00:00,transcript_fetch,VGGsrjW6EQE,copa del mundo 2026,0.0,1,skip,no_transcript
20260707T100811_a53ac0,2026-07-07T10:19:18.347156+00:00,thumbnail_download,VGGsrjW6EQE,copa del mundo 2026,0.0997,1,ok,
20260707T100811_a53ac0,2026-07-07T10:19:18.385472+00:00,video_stats_fetch,fhFuPYzOjPA,copa del mundo 2026,0.038,1,ok,
20260707T100811_a53ac0,2026-07-07T10:19:18.436908+00:00,channel_stats_fetch,fhFuPYzOjPA,copa del mundo 2026,0.0514,1,ok,
20260707T100811_a53ac0,2026-07-07T10:19:18.437028+00:00,transcript_fetch,fhFuPYzOjPA,copa del mundo 2026,0.0,1,skip,no_transcript
20260707T100811_a53ac0,2026-07-07T10:19:18.497557+00:00,thumbnail_download,fhFuPYzOjPA,copa del mundo 2026,0.0605,1,ok,
20260707T100811_a53ac0,2026-07-07T10:19:18.545941+00:00,video_stats_fetch,nGdbJFnay58,copa del mundo 2026,0.0483,1,ok,
20260707T100811_a53ac0,2026-07-07T10:19:18.589656+00:00,channel_stats_fetch,nGdbJFnay58,copa del mundo 2026,0.0436,1,ok,
20260707T100811_a53ac0,2026-07-07T10:19:18.589840+00:00,transcript_fetch,nGdbJFnay58,copa del mundo 2026,0.0,1,skip,no_transcript
20260707T100811_a53ac0,2026-07-07T10:19:18.677553+00:00,thumbnail_download,nGdbJFnay58,copa del mundo 2026,0.0876,1,ok,
20260707T100811_a53ac0,2026-07-07T10:19:18.720408+00:00,video_stats_fetch,t-miz8tN7Qw,copa del mundo 2026,0.0427,1,ok,
20260707T100811_a53ac0,2026-07-07T10:19:18.773269+00:00,channel_stats_fetch,t-miz8tN7Qw,copa del mundo 2026,0.0527,1,ok,
20260707T100811_a53ac0,2026-07-07T10:19:18.773390+00:00,transcript_fetch,t-miz8tN7Qw,copa del mundo 2026,0.0,1,skip,no_transcript
20260707T100811_a53ac0,2026-07-07T10:19:18.869594+00:00,thumbnail_download,t-miz8tN7Qw,copa del mundo 2026,0.0962,1,ok,
20260707T100811_a53ac0,2026-07-07T10:19:18.929137+00:00,video_stats_fetch,hlHOE7KMX3M,copa del mundo 2026,0.0595,1,ok,
20260707T100811_a53ac0,2026-07-07T10:19:18.983870+00:00,channel_stats_fetch,hlHOE7KMX3M,copa del mundo 2026,0.0546,1,ok,
20260707T100811_a53ac0,2026-07-07T10:19:18.984007+00:00,transcript_fetch,hlHOE7KMX3M,copa del mundo 2026,0.0,1,skip,no_transcript
20260707T100811_a53ac0,2026-07-07T10:19:19.122993+00:00,thumbnail_download,hlHOE7KMX3M,copa del mundo 2026,0.1389,1,ok,
20260707T100811_a53ac0,2026-07-07T10:19:32.096294+00:00,llm_batch_call,,copa del mundo 2026,12.9726,5,ok,
20260707T100811_a53ac0,2026-07-07T10:19:32.096823+00:00,csv_write,VGGsrjW6EQE,copa del mundo 2026,0.0,1,ok,video_row
20260707T100811_a53ac0,2026-07-07T10:19:32.278396+00:00,comment_page_fetch,VGGsrjW6EQE,copa del mundo 2026,0.1814,100,ok,page=1
20260707T100811_a53ac0,2026-07-07T10:19:32.280130+00:00,csv_write,VGGsrjW6EQE,copa del mundo 2026,0.0013,100,ok,comment_rows
20260707T100811_a53ac0,2026-07-07T10:19:32.442052+00:00,comment_page_fetch,VGGsrjW6EQE,copa del mundo 2026,0.1619,100,ok,page=2
20260707T100811_a53ac0,2026-07-07T10:19:32.443821+00:00,csv_write,VGGsrjW6EQE,copa del mundo 2026,0.0013,100,ok,comment_rows
20260707T100811_a53ac0,2026-07-07T10:19:32.669351+00:00,comment_page_fetch,VGGsrjW6EQE,copa del mundo 2026,0.2255,100,ok,page=3
20260707T100811_a53ac0,2026-07-07T10:19:32.669749+00:00,csv_write,VGGsrjW6EQE,copa del mundo 2026,0.0003,100,ok,comment_rows
20260707T100811_a53ac0,2026-07-07T10:19:32.817234+00:00,comment_page_fetch,VGGsrjW6EQE,copa del mundo 2026,0.1475,100,ok,page=4
20260707T100811_a53ac0,2026-07-07T10:19:32.817587+00:00,csv_write,VGGsrjW6EQE,copa del mundo 2026,0.0002,100,ok,comment_rows
20260707T100811_a53ac0,2026-07-07T10:19:33.026051+00:00,comment_page_fetch,VGGsrjW6EQE,copa del mundo 2026,0.2084,100,ok,page=5
20260707T100811_a53ac0,2026-07-07T10:19:33.026653+00:00,csv_write,VGGsrjW6EQE,copa del mundo 2026,0.0004,100,ok,comment_rows
20260707T100811_a53ac0,2026-07-07T10:19:33.173340+00:00,comment_page_fetch,VGGsrjW6EQE,copa del mundo 2026,0.1466,100,ok,page=6
20260707T100811_a53ac0,2026-07-07T10:19:33.176644+00:00,csv_write,VGGsrjW6EQE,copa del mundo 2026,0.0023,100,ok,comment_rows
20260707T100811_a53ac0,2026-07-07T10:19:33.312446+00:00,comment_page_fetch,VGGsrjW6EQE,copa del mundo 2026,0.1357,74,ok,page=7
20260707T100811_a53ac0,2026-07-07T10:19:33.313772+00:00,csv_write,VGGsrjW6EQE,copa del mundo 2026,0.0009,74,ok,comment_rows
20260707T100811_a53ac0,2026-07-07T10:19:33.315208+00:00,csv_write,nGdbJFnay58,copa del mundo 2026,0.0001,1,ok,video_row
20260707T100811_a53ac0,2026-07-07T10:19:33.406490+00:00,comment_page_fetch,nGdbJFnay58,copa del mundo 2026,0.091,3,ok,page=1
20260707T100811_a53ac0,2026-07-07T10:19:33.406694+00:00,csv_write,nGdbJFnay58,copa del mundo 2026,0.0,3,ok,comment_rows
20260707T100811_a53ac0,2026-07-07T10:19:33.407624+00:00,csv_write,t-miz8tN7Qw,copa del mundo 2026,0.0001,1,ok,video_row
20260707T100811_a53ac0,2026-07-07T10:19:33.517988+00:00,comment_page_fetch,t-miz8tN7Qw,copa del mundo 2026,0.1101,100,ok,page=1
20260707T100811_a53ac0,2026-07-07T10:19:33.519576+00:00,csv_write,t-miz8tN7Qw,copa del mundo 2026,0.0011,100,ok,comment_rows
20260707T100811_a53ac0,2026-07-07T10:19:33.648461+00:00,comment_page_fetch,t-miz8tN7Qw,copa del mundo 2026,0.1288,100,ok,page=2
20260707T100811_a53ac0,2026-07-07T10:19:33.649970+00:00,csv_write,t-miz8tN7Qw,copa del mundo 2026,0.0011,100,ok,comment_rows
20260707T100811_a53ac0,2026-07-07T10:19:33.756358+00:00,comment_page_fetch,t-miz8tN7Qw,copa del mundo 2026,0.1063,55,ok,page=3
20260707T100811_a53ac0,2026-07-07T10:19:33.757287+00:00,csv_write,t-miz8tN7Qw,copa del mundo 2026,0.0006,55,ok,comment_rows
20260707T100811_a53ac0,2026-07-07T10:19:33.758461+00:00,csv_write,hlHOE7KMX3M,copa del mundo 2026,0.0001,1,ok,video_row
20260707T100811_a53ac0,2026-07-07T10:19:33.868770+00:00,comment_page_fetch,hlHOE7KMX3M,copa del mundo 2026,0.11,21,ok,page=1
20260707T100811_a53ac0,2026-07-07T10:19:33.869328+00:00,csv_write,hlHOE7KMX3M,copa del mundo 2026,0.0003,21,ok,comment_rows
20260707T100811_a53ac0,2026-07-07T10:19:33.913507+00:00,video_stats_fetch,f6up5Kmmosg,copa del mundo 2026,0.0441,1,ok,
20260707T100811_a53ac0,2026-07-07T10:19:33.963592+00:00,channel_stats_fetch,f6up5Kmmosg,copa del mundo 2026,0.05,1,ok,
20260707T100811_a53ac0,2026-07-07T10:19:33.963703+00:00,transcript_fetch,f6up5Kmmosg,copa del mundo 2026,0.0,1,skip,no_transcript
20260707T100811_a53ac0,2026-07-07T10:19:34.099190+00:00,thumbnail_download,f6up5Kmmosg,copa del mundo 2026,0.1354,1,ok,
20260707T100811_a53ac0,2026-07-07T10:19:34.144869+00:00,video_stats_fetch,4NbPptdmydk,copa del mundo 2026,0.0452,1,ok,
20260707T100811_a53ac0,2026-07-07T10:19:34.192721+00:00,channel_stats_fetch,4NbPptdmydk,copa del mundo 2026,0.0477,1,ok,
20260707T100811_a53ac0,2026-07-07T10:19:34.192764+00:00,transcript_fetch,4NbPptdmydk,copa del mundo 2026,0.0,1,skip,no_transcript
20260707T100811_a53ac0,2026-07-07T10:19:34.337216+00:00,thumbnail_download,4NbPptdmydk,copa del mundo 2026,0.1444,1,ok,
20260707T100811_a53ac0,2026-07-07T10:19:34.381639+00:00,video_stats_fetch,iSb7L8mkgfw,copa del mundo 2026,0.0444,1,ok,
20260707T100811_a53ac0,2026-07-07T10:19:34.428154+00:00,channel_stats_fetch,iSb7L8mkgfw,copa del mundo 2026,0.0464,1,ok,
20260707T100811_a53ac0,2026-07-07T10:19:34.428179+00:00,transcript_fetch,iSb7L8mkgfw,copa del mundo 2026,0.0,1,skip,no_transcript
20260707T100811_a53ac0,2026-07-07T10:19:34.499134+00:00,thumbnail_download,iSb7L8mkgfw,copa del mundo 2026,0.0709,1,ok,
20260707T100811_a53ac0,2026-07-07T10:19:34.556769+00:00,video_stats_fetch,k0fAoCMNRbs,copa del mundo 2026,0.0575,1,ok,
20260707T100811_a53ac0,2026-07-07T10:19:34.603944+00:00,channel_stats_fetch,k0fAoCMNRbs,copa del mundo 2026,0.0471,1,ok,
20260707T100811_a53ac0,2026-07-07T10:19:34.604077+00:00,transcript_fetch,k0fAoCMNRbs,copa del mundo 2026,0.0,1,skip,no_transcript
20260707T100811_a53ac0,2026-07-07T10:19:34.711625+00:00,thumbnail_download,k0fAoCMNRbs,copa del mundo 2026,0.1075,1,ok,
20260707T100811_a53ac0,2026-07-07T10:19:34.762803+00:00,video_stats_fetch,9NGzAfD4yMk,copa del mundo 2026,0.0511,1,ok,
20260707T100811_a53ac0,2026-07-07T10:19:34.805464+00:00,channel_stats_fetch,9NGzAfD4yMk,copa del mundo 2026,0.0425,1,ok,
20260707T100811_a53ac0,2026-07-07T10:19:34.805652+00:00,transcript_fetch,9NGzAfD4yMk,copa del mundo 2026,0.0,1,skip,no_transcript
20260707T100811_a53ac0,2026-07-07T10:19:34.902245+00:00,thumbnail_download,9NGzAfD4yMk,copa del mundo 2026,0.0965,1,ok,
20260707T100811_a53ac0,2026-07-07T10:19:52.556317+00:00,llm_batch_call,,copa del mundo 2026,17.6534,5,ok,
20260707T100811_a53ac0,2026-07-07T10:19:52.556949+00:00,csv_write,f6up5Kmmosg,copa del mundo 2026,0.0001,1,ok,video_row
20260707T100811_a53ac0,2026-07-07T10:19:52.647336+00:00,comment_page_fetch,f6up5Kmmosg,copa del mundo 2026,0.0902,4,ok,page=1
20260707T100811_a53ac0,2026-07-07T10:19:52.647417+00:00,csv_write,f6up5Kmmosg,copa del mundo 2026,0.0,4,ok,comment_rows
20260707T100811_a53ac0,2026-07-07T10:19:52.647945+00:00,csv_write,iSb7L8mkgfw,copa del mundo 2026,0.0,1,ok,video_row
20260707T100811_a53ac0,2026-07-07T10:19:52.877719+00:00,comment_page_fetch,iSb7L8mkgfw,copa del mundo 2026,0.2297,100,ok,page=1
20260707T100811_a53ac0,2026-07-07T10:19:52.878251+00:00,csv_write,iSb7L8mkgfw,copa del mundo 2026,0.0004,100,ok,comment_rows
20260707T100811_a53ac0,2026-07-07T10:19:53.093188+00:00,comment_page_fetch,iSb7L8mkgfw,copa del mundo 2026,0.2149,100,ok,page=2
20260707T100811_a53ac0,2026-07-07T10:19:53.096537+00:00,csv_write,iSb7L8mkgfw,copa del mundo 2026,0.0024,100,ok,comment_rows
20260707T100811_a53ac0,2026-07-07T10:19:53.260945+00:00,comment_page_fetch,iSb7L8mkgfw,copa del mundo 2026,0.1643,100,ok,page=3
20260707T100811_a53ac0,2026-07-07T10:19:53.262581+00:00,csv_write,iSb7L8mkgfw,copa del mundo 2026,0.0011,100,ok,comment_rows
20260707T100811_a53ac0,2026-07-07T10:19:53.482130+00:00,comment_page_fetch,iSb7L8mkgfw,copa del mundo 2026,0.2195,100,ok,page=4
20260707T100811_a53ac0,2026-07-07T10:19:53.483740+00:00,csv_write,iSb7L8mkgfw,copa del mundo 2026,0.0011,100,ok,comment_rows
20260707T100811_a53ac0,2026-07-07T10:19:53.667402+00:00,comment_page_fetch,iSb7L8mkgfw,copa del mundo 2026,0.1836,100,ok,page=5
20260707T100811_a53ac0,2026-07-07T10:19:53.668010+00:00,csv_write,iSb7L8mkgfw,copa del mundo 2026,0.0004,100,ok,comment_rows
20260707T100811_a53ac0,2026-07-07T10:19:53.932954+00:00,comment_page_fetch,iSb7L8mkgfw,copa del mundo 2026,0.2649,100,ok,page=6
20260707T100811_a53ac0,2026-07-07T10:19:53.934571+00:00,csv_write,iSb7L8mkgfw,copa del mundo 2026,0.0011,100,ok,comment_rows
20260707T100811_a53ac0,2026-07-07T10:19:54.101154+00:00,comment_page_fetch,iSb7L8mkgfw,copa del mundo 2026,0.1665,100,ok,page=7
20260707T100811_a53ac0,2026-07-07T10:19:54.102783+00:00,csv_write,iSb7L8mkgfw,copa del mundo 2026,0.0011,100,ok,comment_rows
20260707T100811_a53ac0,2026-07-07T10:19:54.326203+00:00,comment_page_fetch,iSb7L8mkgfw,copa del mundo 2026,0.2234,100,ok,page=8
20260707T100811_a53ac0,2026-07-07T10:19:54.326533+00:00,csv_write,iSb7L8mkgfw,copa del mundo 2026,0.0002,100,ok,comment_rows
20260707T100811_a53ac0,2026-07-07T10:19:54.540351+00:00,comment_page_fetch,iSb7L8mkgfw,copa del mundo 2026,0.2138,100,ok,page=9
20260707T100811_a53ac0,2026-07-07T10:19:54.541930+00:00,csv_write,iSb7L8mkgfw,copa del mundo 2026,0.0011,100,ok,comment_rows
20260707T100811_a53ac0,2026-07-07T10:19:54.703113+00:00,comment_page_fetch,iSb7L8mkgfw,copa del mundo 2026,0.1611,100,ok,page=10
20260707T100811_a53ac0,2026-07-07T10:19:54.703476+00:00,csv_write,iSb7L8mkgfw,copa del mundo 2026,0.0002,100,ok,comment_rows
20260707T100811_a53ac0,2026-07-07T10:19:54.852817+00:00,comment_page_fetch,iSb7L8mkgfw,copa del mundo 2026,0.1493,100,ok,page=11
20260707T100811_a53ac0,2026-07-07T10:19:54.853451+00:00,csv_write,iSb7L8mkgfw,copa del mundo 2026,0.0004,100,ok,comment_rows
20260707T100811_a53ac0,2026-07-07T10:19:55.148003+00:00,comment_page_fetch,iSb7L8mkgfw,copa del mundo 2026,0.2945,100,ok,page=12
20260707T100811_a53ac0,2026-07-07T10:19:55.149753+00:00,csv_write,iSb7L8mkgfw,copa del mundo 2026,0.0012,100,ok,comment_rows
20260707T100811_a53ac0,2026-07-07T10:19:55.381023+00:00,comment_page_fetch,iSb7L8mkgfw,copa del mundo 2026,0.2312,100,ok,page=13
20260707T100811_a53ac0,2026-07-07T10:19:55.382647+00:00,csv_write,iSb7L8mkgfw,copa del mundo 2026,0.0011,100,ok,comment_rows
20260707T100811_a53ac0,2026-07-07T10:19:55.542670+00:00,comment_page_fetch,iSb7L8mkgfw,copa del mundo 2026,0.16,100,ok,page=14
20260707T100811_a53ac0,2026-07-07T10:19:55.543271+00:00,csv_write,iSb7L8mkgfw,copa del mundo 2026,0.0004,100,ok,comment_rows
20260707T100811_a53ac0,2026-07-07T10:19:55.729711+00:00,comment_page_fetch,iSb7L8mkgfw,copa del mundo 2026,0.1864,100,ok,page=15
20260707T100811_a53ac0,2026-07-07T10:19:55.731392+00:00,csv_write,iSb7L8mkgfw,copa del mundo 2026,0.0008,100,ok,comment_rows
20260707T100811_a53ac0,2026-07-07T10:19:55.874915+00:00,comment_page_fetch,iSb7L8mkgfw,copa del mundo 2026,0.1435,100,ok,page=16
20260707T100811_a53ac0,2026-07-07T10:19:55.876537+00:00,csv_write,iSb7L8mkgfw,copa del mundo 2026,0.0011,100,ok,comment_rows
20260707T100811_a53ac0,2026-07-07T10:19:56.029888+00:00,comment_page_fetch,iSb7L8mkgfw,copa del mundo 2026,0.1533,100,ok,page=17
20260707T100811_a53ac0,2026-07-07T10:19:56.031491+00:00,csv_write,iSb7L8mkgfw,copa del mundo 2026,0.0011,100,ok,comment_rows
20260707T100811_a53ac0,2026-07-07T10:19:56.216858+00:00,comment_page_fetch,iSb7L8mkgfw,copa del mundo 2026,0.1853,100,ok,page=18
20260707T100811_a53ac0,2026-07-07T10:19:56.218583+00:00,csv_write,iSb7L8mkgfw,copa del mundo 2026,0.0012,100,ok,comment_rows
20260707T100811_a53ac0,2026-07-07T10:19:56.370177+00:00,comment_page_fetch,iSb7L8mkgfw,copa del mundo 2026,0.1515,100,ok,page=19
20260707T100811_a53ac0,2026-07-07T10:19:56.371847+00:00,csv_write,iSb7L8mkgfw,copa del mundo 2026,0.0012,100,ok,comment_rows
20260707T100811_a53ac0,2026-07-07T10:19:56.550953+00:00,comment_page_fetch,iSb7L8mkgfw,copa del mundo 2026,0.179,100,ok,page=20
20260707T100811_a53ac0,2026-07-07T10:19:56.552702+00:00,csv_write,iSb7L8mkgfw,copa del mundo 2026,0.0012,100,ok,comment_rows
20260707T100811_a53ac0,2026-07-07T10:19:56.733320+00:00,comment_page_fetch,iSb7L8mkgfw,copa del mundo 2026,0.1806,26,ok,page=21
20260707T100811_a53ac0,2026-07-07T10:19:56.733495+00:00,csv_write,iSb7L8mkgfw,copa del mundo 2026,0.0001,26,ok,comment_rows
20260707T100811_a53ac0,2026-07-07T10:19:56.733823+00:00,csv_write,k0fAoCMNRbs,copa del mundo 2026,0.0,1,ok,video_row
20260707T100811_a53ac0,2026-07-07T10:19:56.836351+00:00,comment_page_fetch,k0fAoCMNRbs,copa del mundo 2026,0.1024,3,ok,page=1
20260707T100811_a53ac0,2026-07-07T10:19:56.836576+00:00,csv_write,k0fAoCMNRbs,copa del mundo 2026,0.0,3,ok,comment_rows
20260707T100811_a53ac0,2026-07-07T10:19:56.882295+00:00,video_stats_fetch,FWPirt9Pn2w,copa del mundo 2026,0.0454,1,ok,
20260707T100811_a53ac0,2026-07-07T10:19:56.927609+00:00,channel_stats_fetch,FWPirt9Pn2w,copa del mundo 2026,0.0452,1,ok,
20260707T100811_a53ac0,2026-07-07T10:19:56.927728+00:00,transcript_fetch,FWPirt9Pn2w,copa del mundo 2026,0.0,1,skip,no_transcript
20260707T100811_a53ac0,2026-07-07T10:19:57.043353+00:00,thumbnail_download,FWPirt9Pn2w,copa del mundo 2026,0.1156,1,ok,
20260707T100811_a53ac0,2026-07-07T10:19:57.088370+00:00,video_stats_fetch,kbvzduwEmao,copa del mundo 2026,0.0442,1,ok,
20260707T100811_a53ac0,2026-07-07T10:19:57.149144+00:00,channel_stats_fetch,kbvzduwEmao,copa del mundo 2026,0.0607,1,ok,
20260707T100811_a53ac0,2026-07-07T10:19:57.149283+00:00,transcript_fetch,kbvzduwEmao,copa del mundo 2026,0.0,1,skip,no_transcript
20260707T100811_a53ac0,2026-07-07T10:19:57.244629+00:00,thumbnail_download,kbvzduwEmao,copa del mundo 2026,0.0953,1,ok,
20260707T100811_a53ac0,2026-07-07T10:19:57.297874+00:00,video_stats_fetch,JTGXHmxlXHc,copa del mundo 2026,0.0531,1,ok,
20260707T100811_a53ac0,2026-07-07T10:19:57.344755+00:00,channel_stats_fetch,JTGXHmxlXHc,copa del mundo 2026,0.0468,1,ok,
20260707T100811_a53ac0,2026-07-07T10:19:57.344876+00:00,transcript_fetch,JTGXHmxlXHc,copa del mundo 2026,0.0,1,skip,no_transcript
20260707T100811_a53ac0,2026-07-07T10:19:57.438042+00:00,thumbnail_download,JTGXHmxlXHc,copa del mundo 2026,0.0931,1,ok,
20260707T100811_a53ac0,2026-07-07T10:19:57.489939+00:00,video_stats_fetch,afiNbSxg7aw,copa del mundo 2026,0.0517,1,ok,
20260707T100811_a53ac0,2026-07-07T10:19:57.548674+00:00,channel_stats_fetch,afiNbSxg7aw,copa del mundo 2026,0.0586,1,ok,
20260707T100811_a53ac0,2026-07-07T10:19:57.548796+00:00,transcript_fetch,afiNbSxg7aw,copa del mundo 2026,0.0,1,skip,no_transcript
20260707T100811_a53ac0,2026-07-07T10:19:57.625259+00:00,thumbnail_download,afiNbSxg7aw,copa del mundo 2026,0.0764,1,ok,
20260707T100811_a53ac0,2026-07-07T10:19:57.672183+00:00,video_stats_fetch,eGdcX2c6UiU,copa del mundo 2026,0.0468,1,ok,
20260707T100811_a53ac0,2026-07-07T10:19:57.723310+00:00,channel_stats_fetch,eGdcX2c6UiU,copa del mundo 2026,0.051,1,ok,
20260707T100811_a53ac0,2026-07-07T10:19:57.723431+00:00,transcript_fetch,eGdcX2c6UiU,copa del mundo 2026,0.0,1,skip,no_transcript
20260707T100811_a53ac0,2026-07-07T10:19:57.820951+00:00,thumbnail_download,eGdcX2c6UiU,copa del mundo 2026,0.0974,1,ok,
20260707T100811_a53ac0,2026-07-07T10:20:13.300812+00:00,llm_batch_call,,copa del mundo 2026,15.4789,5,ok,
20260707T100811_a53ac0,2026-07-07T10:20:13.301168+00:00,csv_write,FWPirt9Pn2w,copa del mundo 2026,0.0001,1,ok,video_row
20260707T100811_a53ac0,2026-07-07T10:20:13.376874+00:00,comment_page_fetch,FWPirt9Pn2w,copa del mundo 2026,0.0756,0,ok,page=1
20260707T100811_a53ac0,2026-07-07T10:20:13.376898+00:00,csv_write,FWPirt9Pn2w,copa del mundo 2026,0.0,0,ok,comment_rows
20260707T100811_a53ac0,2026-07-07T10:20:13.377291+00:00,csv_write,kbvzduwEmao,copa del mundo 2026,0.0,1,ok,video_row
20260707T100811_a53ac0,2026-07-07T10:20:13.549224+00:00,comment_page_fetch,kbvzduwEmao,copa del mundo 2026,0.1718,50,ok,page=1
20260707T100811_a53ac0,2026-07-07T10:20:13.551025+00:00,csv_write,kbvzduwEmao,copa del mundo 2026,0.0013,50,ok,comment_rows
20260707T100811_a53ac0,2026-07-07T10:20:13.552407+00:00,csv_write,JTGXHmxlXHc,copa del mundo 2026,0.0001,1,ok,video_row
20260707T100811_a53ac0,2026-07-07T10:20:13.690103+00:00,comment_page_fetch,JTGXHmxlXHc,copa del mundo 2026,0.1373,100,ok,page=1
20260707T100811_a53ac0,2026-07-07T10:20:13.691562+00:00,csv_write,JTGXHmxlXHc,copa del mundo 2026,0.001,100,ok,comment_rows
20260707T100811_a53ac0,2026-07-07T10:20:13.980222+00:00,comment_page_fetch,JTGXHmxlXHc,copa del mundo 2026,0.2886,63,ok,page=2
20260707T100811_a53ac0,2026-07-07T10:20:13.981220+00:00,csv_write,JTGXHmxlXHc,copa del mundo 2026,0.0007,63,ok,comment_rows
20260707T100811_a53ac0,2026-07-07T10:20:13.982695+00:00,csv_write,eGdcX2c6UiU,copa del mundo 2026,0.0001,1,ok,video_row
20260707T100811_a53ac0,2026-07-07T10:20:14.121282+00:00,comment_page_fetch,eGdcX2c6UiU,copa del mundo 2026,0.1383,33,ok,page=1
20260707T100811_a53ac0,2026-07-07T10:20:14.122007+00:00,csv_write,eGdcX2c6UiU,copa del mundo 2026,0.0004,33,ok,comment_rows
20260707T100811_a53ac0,2026-07-07T10:20:14.181323+00:00,video_stats_fetch,gzFXOi8DjvY,copa del mundo 2026,0.0592,1,ok,
20260707T100811_a53ac0,2026-07-07T10:20:14.234929+00:00,channel_stats_fetch,gzFXOi8DjvY,copa del mundo 2026,0.0535,1,ok,
20260707T100811_a53ac0,2026-07-07T10:20:14.235095+00:00,transcript_fetch,gzFXOi8DjvY,copa del mundo 2026,0.0,1,skip,no_transcript
20260707T100811_a53ac0,2026-07-07T10:20:14.331323+00:00,thumbnail_download,gzFXOi8DjvY,copa del mundo 2026,0.0962,1,ok,
20260707T100811_a53ac0,2026-07-07T10:20:14.391369+00:00,video_stats_fetch,_T_Sjal-dCc,copa del mundo 2026,0.0588,1,ok,
20260707T100811_a53ac0,2026-07-07T10:20:14.445573+00:00,channel_stats_fetch,_T_Sjal-dCc,copa del mundo 2026,0.0541,1,ok,
20260707T100811_a53ac0,2026-07-07T10:20:14.445768+00:00,transcript_fetch,_T_Sjal-dCc,copa del mundo 2026,0.0,1,skip,no_transcript
20260707T100811_a53ac0,2026-07-07T10:20:14.525407+00:00,thumbnail_download,_T_Sjal-dCc,copa del mundo 2026,0.0795,1,ok,
20260707T100811_a53ac0,2026-07-07T10:20:14.594547+00:00,video_stats_fetch,1Ti-R5c2JkA,copa del mundo 2026,0.069,1,ok,
20260707T100811_a53ac0,2026-07-07T10:20:14.676843+00:00,channel_stats_fetch,1Ti-R5c2JkA,copa del mundo 2026,0.0821,1,ok,
20260707T100811_a53ac0,2026-07-07T10:20:14.677041+00:00,transcript_fetch,1Ti-R5c2JkA,copa del mundo 2026,0.0,1,skip,no_transcript
20260707T100811_a53ac0,2026-07-07T10:20:14.768358+00:00,thumbnail_download,1Ti-R5c2JkA,copa del mundo 2026,0.091,1,ok,
20260707T100811_a53ac0,2026-07-07T10:20:14.817671+00:00,video_stats_fetch,HTx2jszKtsg,copa del mundo 2026,0.0492,1,ok,
20260707T100811_a53ac0,2026-07-07T10:20:14.894540+00:00,channel_stats_fetch,HTx2jszKtsg,copa del mundo 2026,0.0768,1,ok,
20260707T100811_a53ac0,2026-07-07T10:20:14.894663+00:00,transcript_fetch,HTx2jszKtsg,copa del mundo 2026,0.0,1,skip,no_transcript
20260707T100811_a53ac0,2026-07-07T10:20:15.042380+00:00,thumbnail_download,HTx2jszKtsg,copa del mundo 2026,0.1477,1,ok,
20260707T100811_a53ac0,2026-07-07T10:20:15.091012+00:00,video_stats_fetch,nB6u0HA6hEw,copa del mundo 2026,0.0485,1,ok,
20260707T100811_a53ac0,2026-07-07T10:20:15.141456+00:00,channel_stats_fetch,nB6u0HA6hEw,copa del mundo 2026,0.0502,1,ok,
20260707T100811_a53ac0,2026-07-07T10:20:15.141663+00:00,transcript_fetch,nB6u0HA6hEw,copa del mundo 2026,0.0,1,skip,no_transcript
20260707T100811_a53ac0,2026-07-07T10:20:15.223385+00:00,thumbnail_download,nB6u0HA6hEw,copa del mundo 2026,0.0816,1,ok,
20260707T100811_a53ac0,2026-07-07T10:20:29.617341+00:00,llm_batch_call,,copa del mundo 2026,14.3933,5,ok,
20260707T100811_a53ac0,2026-07-07T10:20:29.617862+00:00,csv_write,_T_Sjal-dCc,copa del mundo 2026,0.0,1,ok,video_row
20260707T100811_a53ac0,2026-07-07T10:20:29.828894+00:00,comment_page_fetch,_T_Sjal-dCc,copa del mundo 2026,0.211,100,ok,page=1
20260707T100811_a53ac0,2026-07-07T10:20:29.830680+00:00,csv_write,_T_Sjal-dCc,copa del mundo 2026,0.0013,100,ok,comment_rows
20260707T100811_a53ac0,2026-07-07T10:20:30.037505+00:00,comment_page_fetch,_T_Sjal-dCc,copa del mundo 2026,0.2068,100,ok,page=2
20260707T100811_a53ac0,2026-07-07T10:20:30.039147+00:00,csv_write,_T_Sjal-dCc,copa del mundo 2026,0.0012,100,ok,comment_rows
20260707T100811_a53ac0,2026-07-07T10:20:30.363220+00:00,comment_page_fetch,_T_Sjal-dCc,copa del mundo 2026,0.324,100,ok,page=3
20260707T100811_a53ac0,2026-07-07T10:20:30.364925+00:00,csv_write,_T_Sjal-dCc,copa del mundo 2026,0.0012,100,ok,comment_rows
20260707T100811_a53ac0,2026-07-07T10:20:30.528264+00:00,comment_page_fetch,_T_Sjal-dCc,copa del mundo 2026,0.1633,100,ok,page=4
20260707T100811_a53ac0,2026-07-07T10:20:30.529784+00:00,csv_write,_T_Sjal-dCc,copa del mundo 2026,0.0011,100,ok,comment_rows
20260707T100811_a53ac0,2026-07-07T10:20:30.710993+00:00,comment_page_fetch,_T_Sjal-dCc,copa del mundo 2026,0.1811,100,ok,page=5
20260707T100811_a53ac0,2026-07-07T10:20:30.712290+00:00,csv_write,_T_Sjal-dCc,copa del mundo 2026,0.0008,100,ok,comment_rows
20260707T100811_a53ac0,2026-07-07T10:20:30.917726+00:00,comment_page_fetch,_T_Sjal-dCc,copa del mundo 2026,0.2054,100,ok,page=6
20260707T100811_a53ac0,2026-07-07T10:20:30.919433+00:00,csv_write,_T_Sjal-dCc,copa del mundo 2026,0.0012,100,ok,comment_rows
20260707T100811_a53ac0,2026-07-07T10:20:31.031644+00:00,comment_page_fetch,_T_Sjal-dCc,copa del mundo 2026,0.1121,32,ok,page=7
20260707T100811_a53ac0,2026-07-07T10:20:31.032324+00:00,csv_write,_T_Sjal-dCc,copa del mundo 2026,0.0004,32,ok,comment_rows
20260707T100811_a53ac0,2026-07-07T10:20:31.033445+00:00,csv_write,HTx2jszKtsg,copa del mundo 2026,0.0001,1,ok,video_row
20260707T100811_a53ac0,2026-07-07T10:20:31.281820+00:00,comment_page_fetch,HTx2jszKtsg,copa del mundo 2026,0.2482,98,ok,page=1
20260707T100811_a53ac0,2026-07-07T10:20:31.282157+00:00,csv_write,HTx2jszKtsg,copa del mundo 2026,0.0002,98,ok,comment_rows
20260707T100811_a53ac0,2026-07-07T10:20:31.282554+00:00,csv_write,nB6u0HA6hEw,copa del mundo 2026,0.0,1,ok,video_row
20260707T100811_a53ac0,2026-07-07T10:20:31.429973+00:00,comment_page_fetch,nB6u0HA6hEw,copa del mundo 2026,0.1473,72,ok,page=1
20260707T100811_a53ac0,2026-07-07T10:20:31.431302+00:00,csv_write,nB6u0HA6hEw,copa del mundo 2026,0.001,72,ok,comment_rows
20260707T100811_a53ac0,2026-07-07T10:20:31.520647+00:00,video_stats_fetch,tXxvgvgMiRg,copa del mundo 2026,0.041,1,ok,
20260707T100811_a53ac0,2026-07-07T10:20:31.572408+00:00,channel_stats_fetch,tXxvgvgMiRg,copa del mundo 2026,0.0517,1,ok,
20260707T100811_a53ac0,2026-07-07T10:20:31.572526+00:00,transcript_fetch,tXxvgvgMiRg,copa del mundo 2026,0.0,1,skip,no_transcript
20260707T100811_a53ac0,2026-07-07T10:20:31.670209+00:00,thumbnail_download,tXxvgvgMiRg,copa del mundo 2026,0.0976,1,ok,
20260707T100811_a53ac0,2026-07-07T10:20:31.725079+00:00,video_stats_fetch,sulaFr2HKtM,copa del mundo 2026,0.0541,1,ok,
20260707T100811_a53ac0,2026-07-07T10:20:31.782529+00:00,channel_stats_fetch,sulaFr2HKtM,copa del mundo 2026,0.0573,1,ok,
20260707T100811_a53ac0,2026-07-07T10:20:31.782647+00:00,transcript_fetch,sulaFr2HKtM,copa del mundo 2026,0.0,1,skip,no_transcript
20260707T100811_a53ac0,2026-07-07T10:20:31.880549+00:00,thumbnail_download,sulaFr2HKtM,copa del mundo 2026,0.0978,1,ok,
20260707T100811_a53ac0,2026-07-07T10:20:31.919291+00:00,video_stats_fetch,plYUP2OurBA,copa del mundo 2026,0.0386,1,ok,
20260707T100811_a53ac0,2026-07-07T10:20:31.971973+00:00,channel_stats_fetch,plYUP2OurBA,copa del mundo 2026,0.0526,1,ok,
20260707T100811_a53ac0,2026-07-07T10:20:31.972126+00:00,transcript_fetch,plYUP2OurBA,copa del mundo 2026,0.0,1,skip,no_transcript
20260707T100811_a53ac0,2026-07-07T10:20:32.104595+00:00,thumbnail_download,plYUP2OurBA,copa del mundo 2026,0.1324,1,ok,
20260707T100811_a53ac0,2026-07-07T10:20:32.145189+00:00,video_stats_fetch,XDxb7MBzGk4,copa del mundo 2026,0.0405,1,ok,
20260707T100811_a53ac0,2026-07-07T10:20:32.186573+00:00,channel_stats_fetch,XDxb7MBzGk4,copa del mundo 2026,0.0413,1,ok,
20260707T100811_a53ac0,2026-07-07T10:20:32.186689+00:00,transcript_fetch,XDxb7MBzGk4,copa del mundo 2026,0.0,1,skip,no_transcript
20260707T100811_a53ac0,2026-07-07T10:20:32.283639+00:00,thumbnail_download,XDxb7MBzGk4,copa del mundo 2026,0.0969,1,ok,
20260707T100811_a53ac0,2026-07-07T10:20:32.329500+00:00,video_stats_fetch,uNHgV-kR_U0,copa del mundo 2026,0.0457,1,ok,
20260707T100811_a53ac0,2026-07-07T10:20:32.377591+00:00,channel_stats_fetch,uNHgV-kR_U0,copa del mundo 2026,0.048,1,ok,
20260707T100811_a53ac0,2026-07-07T10:20:32.377790+00:00,transcript_fetch,uNHgV-kR_U0,copa del mundo 2026,0.0,1,skip,no_transcript
20260707T100811_a53ac0,2026-07-07T10:20:32.516023+00:00,thumbnail_download,uNHgV-kR_U0,copa del mundo 2026,0.1381,1,ok,
20260707T100811_a53ac0,2026-07-07T10:20:47.311783+00:00,llm_batch_call,,copa del mundo 2026,14.7951,5,ok,
20260707T100811_a53ac0,2026-07-07T10:20:47.312118+00:00,csv_write,tXxvgvgMiRg,copa del mundo 2026,0.0,1,ok,video_row
20260707T100811_a53ac0,2026-07-07T10:20:47.469850+00:00,comment_page_fetch,tXxvgvgMiRg,copa del mundo 2026,0.1576,100,ok,page=1
20260707T100811_a53ac0,2026-07-07T10:20:47.471797+00:00,csv_write,tXxvgvgMiRg,copa del mundo 2026,0.0011,100,ok,comment_rows
20260707T100811_a53ac0,2026-07-07T10:20:47.630467+00:00,comment_page_fetch,tXxvgvgMiRg,copa del mundo 2026,0.1586,100,ok,page=2
20260707T100811_a53ac0,2026-07-07T10:20:47.632150+00:00,csv_write,tXxvgvgMiRg,copa del mundo 2026,0.0012,100,ok,comment_rows
20260707T100811_a53ac0,2026-07-07T10:20:47.780690+00:00,comment_page_fetch,tXxvgvgMiRg,copa del mundo 2026,0.1485,89,ok,page=3
20260707T100811_a53ac0,2026-07-07T10:20:47.782092+00:00,csv_write,tXxvgvgMiRg,copa del mundo 2026,0.0009,89,ok,comment_rows
20260707T100811_a53ac0,2026-07-07T10:20:47.783057+00:00,csv_write,sulaFr2HKtM,copa del mundo 2026,0.0002,1,ok,video_row
20260707T100811_a53ac0,2026-07-07T10:20:47.830040+00:00,comment_page_fetch,sulaFr2HKtM,copa del mundo 2026,0.0467,1,error,"<HttpError 403 when requesting https://youtube.googleapis.com/youtube/v3/commentThreads?part=snippet&videoId=sulaFr2HKtM&maxResults=100&textFormat=plainText&key=AIzaSyCCw0FvaSY-Jbdxp2YsdQhteORaUJtLgXw&alt=json returned ""The video identified by the <code><a href=""/youtube/v3/docs/commentThreads/list#videoId"">videoId</a></code> parameter has disabled comments."". Details: ""[{'message': 'The video identified by the <code><a href=""/youtube/v3/docs/commentThreads/list#videoId"">videoId</a></code> parameter has disabled comments.', 'domain': 'youtube.commentThread', 'reason': 'commentsDisabled', 'location': 'videoId', 'locationType': 'parameter'}]"">"
20260707T100811_a53ac0,2026-07-07T10:20:47.831016+00:00,csv_write,plYUP2OurBA,copa del mundo 2026,0.0001,1,ok,video_row
20260707T100811_a53ac0,2026-07-07T10:20:47.952898+00:00,comment_page_fetch,plYUP2OurBA,copa del mundo 2026,0.1216,2,ok,page=1
20260707T100811_a53ac0,2026-07-07T10:20:47.953111+00:00,csv_write,plYUP2OurBA,copa del mundo 2026,0.0,2,ok,comment_rows
20260707T100811_a53ac0,2026-07-07T10:20:47.954208+00:00,csv_write,XDxb7MBzGk4,copa del mundo 2026,0.0001,1,ok,video_row
20260707T100811_a53ac0,2026-07-07T10:20:48.232333+00:00,comment_page_fetch,XDxb7MBzGk4,copa del mundo 2026,0.2779,70,ok,page=1
20260707T100811_a53ac0,2026-07-07T10:20:48.233607+00:00,csv_write,XDxb7MBzGk4,copa del mundo 2026,0.0009,70,ok,comment_rows
20260707T100811_a53ac0,2026-07-07T10:20:48.234533+00:00,csv_write,uNHgV-kR_U0,copa del mundo 2026,0.0001,1,ok,video_row
20260707T100811_a53ac0,2026-07-07T10:20:48.399684+00:00,comment_page_fetch,uNHgV-kR_U0,copa del mundo 2026,0.1649,1,ok,page=1
20260707T100811_a53ac0,2026-07-07T10:20:48.399866+00:00,csv_write,uNHgV-kR_U0,copa del mundo 2026,0.0,1,ok,comment_rows
20260707T100811_a53ac0,2026-07-07T10:20:48.444481+00:00,video_stats_fetch,wVcTkE-J4y0,copa del mundo 2026,0.0445,1,ok,
20260707T100811_a53ac0,2026-07-07T10:20:48.495907+00:00,channel_stats_fetch,wVcTkE-J4y0,copa del mundo 2026,0.0513,1,ok,
20260707T100811_a53ac0,2026-07-07T10:20:48.496021+00:00,transcript_fetch,wVcTkE-J4y0,copa del mundo 2026,0.0,1,skip,no_transcript
20260707T100811_a53ac0,2026-07-07T10:20:48.594646+00:00,thumbnail_download,wVcTkE-J4y0,copa del mundo 2026,0.0986,1,ok,
20260707T100811_a53ac0,2026-07-07T10:20:48.637514+00:00,video_stats_fetch,NIbsD_UK95U,copa del mundo 2026,0.0421,1,ok,
20260707T100811_a53ac0,2026-07-07T10:20:48.683347+00:00,channel_stats_fetch,NIbsD_UK95U,copa del mundo 2026,0.0457,1,ok,
20260707T100811_a53ac0,2026-07-07T10:20:48.683460+00:00,transcript_fetch,NIbsD_UK95U,copa del mundo 2026,0.0,1,skip,no_transcript
20260707T100811_a53ac0,2026-07-07T10:20:48.824298+00:00,thumbnail_download,NIbsD_UK95U,copa del mundo 2026,0.1408,1,ok,
20260707T100811_a53ac0,2026-07-07T10:20:48.872445+00:00,video_stats_fetch,MuzDWKLYXb4,copa del mundo 2026,0.048,1,ok,
20260707T100811_a53ac0,2026-07-07T10:20:48.931332+00:00,channel_stats_fetch,MuzDWKLYXb4,copa del mundo 2026,0.0587,1,ok,
20260707T100811_a53ac0,2026-07-07T10:20:48.931402+00:00,transcript_fetch,MuzDWKLYXb4,copa del mundo 2026,0.0,1,skip,no_transcript
20260707T100811_a53ac0,2026-07-07T10:20:49.180866+00:00,thumbnail_download,MuzDWKLYXb4,copa del mundo 2026,0.2494,1,ok,
20260707T100811_a53ac0,2026-07-07T10:20:49.226969+00:00,video_stats_fetch,4IhuoX6QMow,copa del mundo 2026,0.0455,1,ok,
20260707T100811_a53ac0,2026-07-07T10:20:49.273255+00:00,channel_stats_fetch,4IhuoX6QMow,copa del mundo 2026,0.0462,1,ok,
20260707T100811_a53ac0,2026-07-07T10:20:49.273367+00:00,transcript_fetch,4IhuoX6QMow,copa del mundo 2026,0.0,1,skip,no_transcript
20260707T100811_a53ac0,2026-07-07T10:20:49.368453+00:00,thumbnail_download,4IhuoX6QMow,copa del mundo 2026,0.095,1,ok,
20260707T100811_a53ac0,2026-07-07T10:20:49.409955+00:00,video_stats_fetch,LLMtqj31dCA,copa del mundo 2026,0.0414,1,ok,
20260707T100811_a53ac0,2026-07-07T10:20:49.458113+00:00,channel_stats_fetch,LLMtqj31dCA,copa del mundo 2026,0.048,1,ok,
20260707T100811_a53ac0,2026-07-07T10:20:49.458242+00:00,transcript_fetch,LLMtqj31dCA,copa del mundo 2026,0.0,1,skip,no_transcript
20260707T100811_a53ac0,2026-07-07T10:20:49.528750+00:00,thumbnail_download,LLMtqj31dCA,copa del mundo 2026,0.0705,1,ok,
20260707T100811_a53ac0,2026-07-07T10:21:07.085910+00:00,llm_batch_call,,copa del mundo 2026,17.5565,5,ok,
20260707T100811_a53ac0,2026-07-07T10:21:07.086272+00:00,csv_write,NIbsD_UK95U,copa del mundo 2026,0.0,1,ok,video_row
20260707T100811_a53ac0,2026-07-07T10:21:07.178669+00:00,comment_page_fetch,NIbsD_UK95U,copa del mundo 2026,0.0923,2,ok,page=1
20260707T100811_a53ac0,2026-07-07T10:21:07.178773+00:00,csv_write,NIbsD_UK95U,copa del mundo 2026,0.0,2,ok,comment_rows
20260707T100811_a53ac0,2026-07-07T10:21:07.179005+00:00,csv_write,MuzDWKLYXb4,copa del mundo 2026,0.0,1,ok,video_row
20260707T100811_a53ac0,2026-07-07T10:21:07.353311+00:00,comment_page_fetch,MuzDWKLYXb4,copa del mundo 2026,0.1742,46,ok,page=1
20260707T100811_a53ac0,2026-07-07T10:21:07.353857+00:00,csv_write,MuzDWKLYXb4,copa del mundo 2026,0.0003,46,ok,comment_rows
20260707T100811_a53ac0,2026-07-07T10:21:07.354199+00:00,csv_write,4IhuoX6QMow,copa del mundo 2026,0.0,1,ok,video_row
20260707T100811_a53ac0,2026-07-07T10:21:07.588780+00:00,comment_page_fetch,4IhuoX6QMow,copa del mundo 2026,0.2344,100,ok,page=1
20260707T100811_a53ac0,2026-07-07T10:21:07.589256+00:00,csv_write,4IhuoX6QMow,copa del mundo 2026,0.0003,100,ok,comment_rows
20260707T100811_a53ac0,2026-07-07T10:21:07.809770+00:00,comment_page_fetch,4IhuoX6QMow,copa del mundo 2026,0.2205,100,ok,page=2
20260707T100811_a53ac0,2026-07-07T10:21:07.812304+00:00,csv_write,4IhuoX6QMow,copa del mundo 2026,0.0016,100,ok,comment_rows
20260707T100811_a53ac0,2026-07-07T10:21:07.976077+00:00,comment_page_fetch,4IhuoX6QMow,copa del mundo 2026,0.1637,100,ok,page=3
20260707T100811_a53ac0,2026-07-07T10:21:07.977839+00:00,csv_write,4IhuoX6QMow,copa del mundo 2026,0.0012,100,ok,comment_rows
20260707T100811_a53ac0,2026-07-07T10:21:08.163998+00:00,comment_page_fetch,4IhuoX6QMow,copa del mundo 2026,0.1861,100,ok,page=4
20260707T100811_a53ac0,2026-07-07T10:21:08.164414+00:00,csv_write,4IhuoX6QMow,copa del mundo 2026,0.0003,100,ok,comment_rows
20260707T100811_a53ac0,2026-07-07T10:21:08.344054+00:00,comment_page_fetch,4IhuoX6QMow,copa del mundo 2026,0.1796,100,ok,page=5
20260707T100811_a53ac0,2026-07-07T10:21:08.344759+00:00,csv_write,4IhuoX6QMow,copa del mundo 2026,0.0005,100,ok,comment_rows
20260707T100811_a53ac0,2026-07-07T10:21:08.513313+00:00,comment_page_fetch,4IhuoX6QMow,copa del mundo 2026,0.1685,100,ok,page=6
20260707T100811_a53ac0,2026-07-07T10:21:08.513662+00:00,csv_write,4IhuoX6QMow,copa del mundo 2026,0.0002,100,ok,comment_rows
20260707T100811_a53ac0,2026-07-07T10:21:08.708868+00:00,comment_page_fetch,4IhuoX6QMow,copa del mundo 2026,0.1952,100,ok,page=7
20260707T100811_a53ac0,2026-07-07T10:21:08.709220+00:00,csv_write,4IhuoX6QMow,copa del mundo 2026,0.0002,100,ok,comment_rows
20260707T100811_a53ac0,2026-07-07T10:21:08.889871+00:00,comment_page_fetch,4IhuoX6QMow,copa del mundo 2026,0.1806,100,ok,page=8
20260707T100811_a53ac0,2026-07-07T10:21:08.890237+00:00,csv_write,4IhuoX6QMow,copa del mundo 2026,0.0002,100,ok,comment_rows
20260707T100811_a53ac0,2026-07-07T10:21:09.087088+00:00,comment_page_fetch,4IhuoX6QMow,copa del mundo 2026,0.1968,100,ok,page=9
20260707T100811_a53ac0,2026-07-07T10:21:09.087949+00:00,csv_write,4IhuoX6QMow,copa del mundo 2026,0.0006,100,ok,comment_rows
20260707T100811_a53ac0,2026-07-07T10:21:09.274448+00:00,comment_page_fetch,4IhuoX6QMow,copa del mundo 2026,0.1865,100,ok,page=10
20260707T100811_a53ac0,2026-07-07T10:21:09.275066+00:00,csv_write,4IhuoX6QMow,copa del mundo 2026,0.0004,100,ok,comment_rows
20260707T100811_a53ac0,2026-07-07T10:21:09.425586+00:00,comment_page_fetch,4IhuoX6QMow,copa del mundo 2026,0.1505,100,ok,page=11
20260707T100811_a53ac0,2026-07-07T10:21:09.428851+00:00,csv_write,4IhuoX6QMow,copa del mundo 2026,0.0023,100,ok,comment_rows
20260707T100811_a53ac0,2026-07-07T10:21:09.597114+00:00,comment_page_fetch,4IhuoX6QMow,copa del mundo 2026,0.1681,100,ok,page=12
20260707T100811_a53ac0,2026-07-07T10:21:09.598765+00:00,csv_write,4IhuoX6QMow,copa del mundo 2026,0.0011,100,ok,comment_rows
20260707T100811_a53ac0,2026-07-07T10:21:09.778032+00:00,comment_page_fetch,4IhuoX6QMow,copa del mundo 2026,0.1792,100,ok,page=13
20260707T100811_a53ac0,2026-07-07T10:21:09.779703+00:00,csv_write,4IhuoX6QMow,copa del mundo 2026,0.0012,100,ok,comment_rows
20260707T100811_a53ac0,2026-07-07T10:21:10.104400+00:00,comment_page_fetch,4IhuoX6QMow,copa del mundo 2026,0.3246,100,ok,page=14
20260707T100811_a53ac0,2026-07-07T10:21:10.106042+00:00,csv_write,4IhuoX6QMow,copa del mundo 2026,0.0012,100,ok,comment_rows
20260707T100811_a53ac0,2026-07-07T10:21:10.273203+00:00,comment_page_fetch,4IhuoX6QMow,copa del mundo 2026,0.1671,100,ok,page=15
20260707T100811_a53ac0,2026-07-07T10:21:10.275712+00:00,csv_write,4IhuoX6QMow,copa del mundo 2026,0.0016,100,ok,comment_rows
20260707T100811_a53ac0,2026-07-07T10:21:10.464377+00:00,comment_page_fetch,4IhuoX6QMow,copa del mundo 2026,0.1886,100,ok,page=16
20260707T100811_a53ac0,2026-07-07T10:21:10.466178+00:00,csv_write,4IhuoX6QMow,copa del mundo 2026,0.0013,100,ok,comment_rows
20260707T100811_a53ac0,2026-07-07T10:21:10.632405+00:00,comment_page_fetch,4IhuoX6QMow,copa del mundo 2026,0.1661,100,ok,page=17
20260707T100811_a53ac0,2026-07-07T10:21:10.635702+00:00,csv_write,4IhuoX6QMow,copa del mundo 2026,0.0024,100,ok,comment_rows
20260707T100811_a53ac0,2026-07-07T10:21:10.845899+00:00,comment_page_fetch,4IhuoX6QMow,copa del mundo 2026,0.2101,100,ok,page=18
20260707T100811_a53ac0,2026-07-07T10:21:10.847293+00:00,csv_write,4IhuoX6QMow,copa del mundo 2026,0.0005,100,ok,comment_rows
20260707T100811_a53ac0,2026-07-07T10:21:10.996450+00:00,comment_page_fetch,4IhuoX6QMow,copa del mundo 2026,0.1491,100,ok,page=19
20260707T100811_a53ac0,2026-07-07T10:21:10.998228+00:00,csv_write,4IhuoX6QMow,copa del mundo 2026,0.0013,100,ok,comment_rows
20260707T100811_a53ac0,2026-07-07T10:21:11.147601+00:00,comment_page_fetch,4IhuoX6QMow,copa del mundo 2026,0.1493,100,ok,page=20
20260707T100811_a53ac0,2026-07-07T10:21:11.149325+00:00,csv_write,4IhuoX6QMow,copa del mundo 2026,0.0012,100,ok,comment_rows
20260707T100811_a53ac0,2026-07-07T10:21:11.406529+00:00,comment_page_fetch,4IhuoX6QMow,copa del mundo 2026,0.2571,100,ok,page=21
20260707T100811_a53ac0,2026-07-07T10:21:11.408213+00:00,csv_write,4IhuoX6QMow,copa del mundo 2026,0.0012,100,ok,comment_rows
20260707T100811_a53ac0,2026-07-07T10:21:11.648518+00:00,comment_page_fetch,4IhuoX6QMow,copa del mundo 2026,0.2402,100,ok,page=22
20260707T100811_a53ac0,2026-07-07T10:21:11.650111+00:00,csv_write,4IhuoX6QMow,copa del mundo 2026,0.0011,100,ok,comment_rows
20260707T100811_a53ac0,2026-07-07T10:21:11.817715+00:00,comment_page_fetch,4IhuoX6QMow,copa del mundo 2026,0.1675,100,ok,page=23
20260707T100811_a53ac0,2026-07-07T10:21:11.819238+00:00,csv_write,4IhuoX6QMow,copa del mundo 2026,0.0006,100,ok,comment_rows
20260707T100811_a53ac0,2026-07-07T10:21:11.959221+00:00,comment_page_fetch,4IhuoX6QMow,copa del mundo 2026,0.1399,100,ok,page=24
20260707T100811_a53ac0,2026-07-07T10:21:11.960938+00:00,csv_write,4IhuoX6QMow,copa del mundo 2026,0.0012,100,ok,comment_rows
20260707T100811_a53ac0,2026-07-07T10:21:12.082805+00:00,comment_page_fetch,4IhuoX6QMow,copa del mundo 2026,0.1218,12,ok,page=25
20260707T100811_a53ac0,2026-07-07T10:21:12.083466+00:00,csv_write,4IhuoX6QMow,copa del mundo 2026,0.0003,12,ok,comment_rows
20260707T100811_a53ac0,2026-07-07T10:21:12.131382+00:00,video_stats_fetch,vmidUsJ5e8Y,copa del mundo 2026,0.0473,1,ok,
20260707T100811_a53ac0,2026-07-07T10:21:12.179748+00:00,channel_stats_fetch,vmidUsJ5e8Y,copa del mundo 2026,0.0482,1,ok,
20260707T100811_a53ac0,2026-07-07T10:21:12.179880+00:00,transcript_fetch,vmidUsJ5e8Y,copa del mundo 2026,0.0,1,skip,no_transcript
20260707T100811_a53ac0,2026-07-07T10:21:12.277644+00:00,thumbnail_download,vmidUsJ5e8Y,copa del mundo 2026,0.0977,1,ok,
20260707T100811_a53ac0,2026-07-07T10:21:12.331816+00:00,video_stats_fetch,1OynTokpcHg,copa del mundo 2026,0.0533,1,ok,
20260707T100811_a53ac0,2026-07-07T10:21:12.384697+00:00,channel_stats_fetch,1OynTokpcHg,copa del mundo 2026,0.0527,1,ok,
20260707T100811_a53ac0,2026-07-07T10:21:12.384844+00:00,transcript_fetch,1OynTokpcHg,copa del mundo 2026,0.0,1,skip,no_transcript
20260707T100811_a53ac0,2026-07-07T10:21:12.451614+00:00,thumbnail_download,1OynTokpcHg,copa del mundo 2026,0.0667,1,ok,
20260707T100811_a53ac0,2026-07-07T10:21:12.520266+00:00,video_stats_fetch,rrTTr44Iz2o,copa del mundo 2026,0.0514,1,ok,
20260707T100811_a53ac0,2026-07-07T10:21:12.568179+00:00,channel_stats_fetch,rrTTr44Iz2o,copa del mundo 2026,0.0478,1,ok,
20260707T100811_a53ac0,2026-07-07T10:21:12.568279+00:00,transcript_fetch,rrTTr44Iz2o,copa del mundo 2026,0.0,1,skip,no_transcript
20260707T100811_a53ac0,2026-07-07T10:21:12.664154+00:00,thumbnail_download,rrTTr44Iz2o,copa del mundo 2026,0.0958,1,ok,
20260707T100811_a53ac0,2026-07-07T10:21:12.724165+00:00,video_stats_fetch,qSf6Epzuuzg,copa del mundo 2026,0.0599,1,ok,
20260707T100811_a53ac0,2026-07-07T10:21:12.772121+00:00,channel_stats_fetch,qSf6Epzuuzg,copa del mundo 2026,0.0478,1,ok,
20260707T100811_a53ac0,2026-07-07T10:21:12.772238+00:00,transcript_fetch,qSf6Epzuuzg,copa del mundo 2026,0.0,1,skip,no_transcript
20260707T100811_a53ac0,2026-07-07T10:21:12.888512+00:00,thumbnail_download,qSf6Epzuuzg,copa del mundo 2026,0.1162,1,ok,
20260707T100811_a53ac0,2026-07-07T10:21:12.933481+00:00,video_stats_fetch,h_ZLgqiyAJ0,copa del mundo 2026,0.0448,1,ok,
20260707T100811_a53ac0,2026-07-07T10:21:12.988319+00:00,channel_stats_fetch,h_ZLgqiyAJ0,copa del mundo 2026,0.0548,1,ok,
20260707T100811_a53ac0,2026-07-07T10:21:12.988439+00:00,transcript_fetch,h_ZLgqiyAJ0,copa del mundo 2026,0.0,1,skip,no_transcript
20260707T100811_a53ac0,2026-07-07T10:21:13.130366+00:00,thumbnail_download,h_ZLgqiyAJ0,copa del mundo 2026,0.1419,1,ok,
20260707T100811_a53ac0,2026-07-07T10:21:27.739876+00:00,llm_batch_call,,copa del mundo 2026,14.6088,5,ok,
20260707T100811_a53ac0,2026-07-07T10:21:27.740293+00:00,csv_write,1OynTokpcHg,copa del mundo 2026,0.0,1,ok,video_row
20260707T100811_a53ac0,2026-07-07T10:21:27.993620+00:00,comment_page_fetch,1OynTokpcHg,copa del mundo 2026,0.2533,100,ok,page=1
20260707T100811_a53ac0,2026-07-07T10:21:27.994317+00:00,csv_write,1OynTokpcHg,copa del mundo 2026,0.0005,100,ok,comment_rows
20260707T100811_a53ac0,2026-07-07T10:21:28.228231+00:00,comment_page_fetch,1OynTokpcHg,copa del mundo 2026,0.2339,100,ok,page=2
20260707T100811_a53ac0,2026-07-07T10:21:28.228752+00:00,csv_write,1OynTokpcHg,copa del mundo 2026,0.0004,100,ok,comment_rows
20260707T100811_a53ac0,2026-07-07T10:21:28.382581+00:00,comment_page_fetch,1OynTokpcHg,copa del mundo 2026,0.1538,100,ok,page=3
20260707T100811_a53ac0,2026-07-07T10:21:28.388474+00:00,csv_write,1OynTokpcHg,copa del mundo 2026,0.0018,100,ok,comment_rows
20260707T100811_a53ac0,2026-07-07T10:21:28.543275+00:00,comment_page_fetch,1OynTokpcHg,copa del mundo 2026,0.1547,100,ok,page=4
20260707T100811_a53ac0,2026-07-07T10:21:28.545171+00:00,csv_write,1OynTokpcHg,copa del mundo 2026,0.0014,100,ok,comment_rows
20260707T100811_a53ac0,2026-07-07T10:21:28.784664+00:00,comment_page_fetch,1OynTokpcHg,copa del mundo 2026,0.2394,100,ok,page=5
20260707T100811_a53ac0,2026-07-07T10:21:28.786624+00:00,csv_write,1OynTokpcHg,copa del mundo 2026,0.0015,100,ok,comment_rows
20260707T100811_a53ac0,2026-07-07T10:21:28.984413+00:00,comment_page_fetch,1OynTokpcHg,copa del mundo 2026,0.1977,100,ok,page=6
20260707T100811_a53ac0,2026-07-07T10:21:28.986262+00:00,csv_write,1OynTokpcHg,copa del mundo 2026,0.0014,100,ok,comment_rows
20260707T100811_a53ac0,2026-07-07T10:21:29.172972+00:00,comment_page_fetch,1OynTokpcHg,copa del mundo 2026,0.1867,100,ok,page=7
20260707T100811_a53ac0,2026-07-07T10:21:29.173379+00:00,csv_write,1OynTokpcHg,copa del mundo 2026,0.0003,100,ok,comment_rows
20260707T100811_a53ac0,2026-07-07T10:21:29.349219+00:00,comment_page_fetch,1OynTokpcHg,copa del mundo 2026,0.1758,98,ok,page=8
20260707T100811_a53ac0,2026-07-07T10:21:29.351178+00:00,csv_write,1OynTokpcHg,copa del mundo 2026,0.0015,98,ok,comment_rows
20260707T100811_a53ac0,2026-07-07T10:21:29.351997+00:00,csv_write,rrTTr44Iz2o,copa del mundo 2026,0.0002,1,ok,video_row
20260707T100811_a53ac0,2026-07-07T10:21:29.507351+00:00,comment_page_fetch,rrTTr44Iz2o,copa del mundo 2026,0.1551,91,ok,page=1
20260707T100811_a53ac0,2026-07-07T10:21:29.508907+00:00,csv_write,rrTTr44Iz2o,copa del mundo 2026,0.0011,91,ok,comment_rows
20260707T100811_a53ac0,2026-07-07T10:21:29.509727+00:00,csv_write,qSf6Epzuuzg,copa del mundo 2026,0.0001,1,ok,video_row
20260707T100811_a53ac0,2026-07-07T10:21:29.668892+00:00,comment_page_fetch,qSf6Epzuuzg,copa del mundo 2026,0.1589,6,ok,page=1
20260707T100811_a53ac0,2026-07-07T10:21:29.669146+00:00,csv_write,qSf6Epzuuzg,copa del mundo 2026,0.0001,6,ok,comment_rows
20260707T100811_a53ac0,2026-07-07T10:21:29.669950+00:00,csv_write,h_ZLgqiyAJ0,copa del mundo 2026,0.0001,1,ok,video_row
20260707T100811_a53ac0,2026-07-07T10:21:29.801018+00:00,comment_page_fetch,h_ZLgqiyAJ0,copa del mundo 2026,0.1308,24,ok,page=1
20260707T100811_a53ac0,2026-07-07T10:21:29.801580+00:00,csv_write,h_ZLgqiyAJ0,copa del mundo 2026,0.0003,24,ok,comment_rows
20260707T100811_a53ac0,2026-07-07T10:21:29.801930+00:00,run_end,,,798.5264,1,ok,total_run_seconds=798.53
20260708T080051_1d1da5,2026-07-08T08:00:51.620983+00:00,run_start,,,0.0,1,ok,
20260708T080051_1d1da5,2026-07-08T08:00:52.104696+00:00,keyword_search,,champions league,0.4804,1,ok,results=50
20260708T080051_1d1da5,2026-07-08T08:00:52.160975+00:00,video_stats_fetch,stVP425evMI,champions league,0.0562,1,ok,
20260708T080051_1d1da5,2026-07-08T08:00:52.211749+00:00,channel_stats_fetch,stVP425evMI,champions league,0.0507,1,ok,
20260708T080051_1d1da5,2026-07-08T08:00:53.043927+00:00,transcript_fetch,stVP425evMI,champions league,0.8321,1,skip,no_transcript
20260708T080051_1d1da5,2026-07-08T08:00:53.093121+00:00,thumbnail_download,stVP425evMI,champions league,0.0492,1,ok,
20260708T080051_1d1da5,2026-07-08T08:00:53.212005+00:00,video_stats_fetch,ilSHwlq32Ns,champions league,0.1188,1,ok,
20260708T080051_1d1da5,2026-07-08T08:00:53.272519+00:00,channel_stats_fetch,ilSHwlq32Ns,champions league,0.0605,1,ok,
20260708T080051_1d1da5,2026-07-08T08:00:54.162964+00:00,transcript_fetch,ilSHwlq32Ns,champions league,0.8904,1,skip,no_transcript
20260708T080051_1d1da5,2026-07-08T08:00:54.237537+00:00,thumbnail_download,ilSHwlq32Ns,champions league,0.0745,1,ok,
20260708T080051_1d1da5,2026-07-08T08:00:54.285998+00:00,video_stats_fetch,dbzr0AVgAy8,champions league,0.0484,1,ok,
20260708T080051_1d1da5,2026-07-08T08:00:54.343266+00:00,channel_stats_fetch,dbzr0AVgAy8,champions league,0.0572,1,ok,
20260708T080051_1d1da5,2026-07-08T08:00:55.095162+00:00,transcript_fetch,dbzr0AVgAy8,champions league,0.7519,1,skip,no_transcript
20260708T080051_1d1da5,2026-07-08T08:00:55.200449+00:00,thumbnail_download,dbzr0AVgAy8,champions league,0.1052,1,ok,
20260708T080051_1d1da5,2026-07-08T08:00:55.242270+00:00,video_stats_fetch,IbRiNXNzKis,champions league,0.0418,1,ok,
20260708T080051_1d1da5,2026-07-08T08:00:55.291880+00:00,channel_stats_fetch,IbRiNXNzKis,champions league,0.0496,1,ok,
20260708T080051_1d1da5,2026-07-08T08:00:55.983551+00:00,transcript_fetch,IbRiNXNzKis,champions league,0.6916,1,skip,no_transcript
20260708T080051_1d1da5,2026-07-08T08:00:56.091151+00:00,thumbnail_download,IbRiNXNzKis,champions league,0.1076,1,ok,
20260708T080051_1d1da5,2026-07-08T08:00:56.139709+00:00,video_stats_fetch,haVBrEriAdc,champions league,0.0485,1,ok,
20260708T080051_1d1da5,2026-07-08T08:00:56.188985+00:00,channel_stats_fetch,haVBrEriAdc,champions league,0.0492,1,ok,
20260708T080051_1d1da5,2026-07-08T08:00:57.433426+00:00,transcript_fetch,haVBrEriAdc,champions league,1.2444,1,skip,no_transcript
20260708T080051_1d1da5,2026-07-08T08:00:57.509034+00:00,thumbnail_download,haVBrEriAdc,champions league,0.0756,1,ok,
20260708T080051_1d1da5,2026-07-08T08:01:12.104059+00:00,llm_batch_call,,champions league,14.5949,5,ok,
20260708T080051_1d1da5,2026-07-08T08:01:12.104613+00:00,csv_write,ilSHwlq32Ns,champions league,0.0001,1,ok,video_row
20260708T080051_1d1da5,2026-07-08T08:01:12.184098+00:00,comment_page_fetch,ilSHwlq32Ns,champions league,0.0794,4,ok,page=1
20260708T080051_1d1da5,2026-07-08T08:01:12.184193+00:00,csv_write,ilSHwlq32Ns,champions league,0.0,4,ok,comment_rows
20260708T080051_1d1da5,2026-07-08T08:01:12.184684+00:00,csv_write,dbzr0AVgAy8,champions league,0.0,1,ok,video_row
20260708T080051_1d1da5,2026-07-08T08:01:12.282696+00:00,comment_page_fetch,dbzr0AVgAy8,champions league,0.0979,10,ok,page=1
20260708T080051_1d1da5,2026-07-08T08:01:12.282825+00:00,csv_write,dbzr0AVgAy8,champions league,0.0,10,ok,comment_rows
20260708T080051_1d1da5,2026-07-08T08:01:12.283280+00:00,csv_write,IbRiNXNzKis,champions league,0.0,1,ok,video_row
20260708T080051_1d1da5,2026-07-08T08:01:12.353710+00:00,comment_page_fetch,IbRiNXNzKis,champions league,0.0703,8,ok,page=1
20260708T080051_1d1da5,2026-07-08T08:01:12.353814+00:00,csv_write,IbRiNXNzKis,champions league,0.0,8,ok,comment_rows
20260708T080051_1d1da5,2026-07-08T08:01:12.410846+00:00,video_stats_fetch,tmfdPWApoZU,champions league,0.0568,1,ok,
20260708T080051_1d1da5,2026-07-08T08:01:12.457544+00:00,channel_stats_fetch,tmfdPWApoZU,champions league,0.0466,1,ok,
20260708T080051_1d1da5,2026-07-08T08:01:13.280843+00:00,transcript_fetch,tmfdPWApoZU,champions league,0.8232,1,skip,no_transcript
20260708T080051_1d1da5,2026-07-08T08:01:13.339081+00:00,thumbnail_download,tmfdPWApoZU,champions league,0.0582,1,ok,
20260708T080051_1d1da5,2026-07-08T08:01:13.393119+00:00,video_stats_fetch,Ugb_Rf4TaVc,champions league,0.054,1,ok,
20260708T080051_1d1da5,2026-07-08T08:01:13.581408+00:00,channel_stats_fetch,Ugb_Rf4TaVc,champions league,0.1883,1,ok,
20260708T080051_1d1da5,2026-07-08T08:01:15.155770+00:00,transcript_fetch,Ugb_Rf4TaVc,champions league,1.5743,1,ok,
20260708T080051_1d1da5,2026-07-08T08:01:15.242569+00:00,thumbnail_download,Ugb_Rf4TaVc,champions league,0.0868,1,ok,
20260708T080051_1d1da5,2026-07-08T08:01:15.292084+00:00,video_stats_fetch,gPEvG2TCXJs,champions league,0.0495,1,ok,
20260708T080051_1d1da5,2026-07-08T08:01:15.337655+00:00,channel_stats_fetch,gPEvG2TCXJs,champions league,0.0455,1,ok,
20260708T080051_1d1da5,2026-07-08T08:01:16.564834+00:00,transcript_fetch,gPEvG2TCXJs,champions league,1.2272,1,skip,no_transcript
20260708T080051_1d1da5,2026-07-08T08:01:16.648385+00:00,thumbnail_download,gPEvG2TCXJs,champions league,0.0835,1,ok,
20260708T080051_1d1da5,2026-07-08T08:01:16.691618+00:00,video_stats_fetch,SPD-rGk2qxo,champions league,0.0432,1,ok,
20260708T080051_1d1da5,2026-07-08T08:01:16.736263+00:00,channel_stats_fetch,SPD-rGk2qxo,champions league,0.0446,1,ok,
20260708T080051_1d1da5,2026-07-08T08:01:17.620309+00:00,transcript_fetch,SPD-rGk2qxo,champions league,0.884,1,skip,no_transcript
20260708T080051_1d1da5,2026-07-08T08:01:17.703987+00:00,thumbnail_download,SPD-rGk2qxo,champions league,0.0836,1,ok,
20260708T080051_1d1da5,2026-07-08T08:01:17.738162+00:00,video_stats_fetch,ZKY96NcNQJo,champions league,0.0341,1,ok,
20260708T080051_1d1da5,2026-07-08T08:01:17.784557+00:00,channel_stats_fetch,ZKY96NcNQJo,champions league,0.0464,1,ok,
20260708T080051_1d1da5,2026-07-08T08:01:18.849993+00:00,transcript_fetch,ZKY96NcNQJo,champions league,1.0654,1,ok,
20260708T080051_1d1da5,2026-07-08T08:01:18.937125+00:00,thumbnail_download,ZKY96NcNQJo,champions league,0.0871,1,ok,
20260708T080051_1d1da5,2026-07-08T08:01:32.131781+00:00,llm_batch_call,,champions league,13.1946,5,ok,
20260708T080051_1d1da5,2026-07-08T08:01:32.132205+00:00,csv_write,tmfdPWApoZU,champions league,0.0001,1,ok,video_row
20260708T080051_1d1da5,2026-07-08T08:01:32.212483+00:00,comment_page_fetch,tmfdPWApoZU,champions league,0.0802,13,ok,page=1
20260708T080051_1d1da5,2026-07-08T08:01:32.212582+00:00,csv_write,tmfdPWApoZU,champions league,0.0,13,ok,comment_rows
20260708T080051_1d1da5,2026-07-08T08:01:32.212942+00:00,csv_write,Ugb_Rf4TaVc,champions league,0.0,1,ok,video_row
20260708T080051_1d1da5,2026-07-08T08:01:32.299484+00:00,comment_page_fetch,Ugb_Rf4TaVc,champions league,0.0865,3,ok,page=1
20260708T080051_1d1da5,2026-07-08T08:01:32.299549+00:00,csv_write,Ugb_Rf4TaVc,champions league,0.0,3,ok,comment_rows
20260708T080051_1d1da5,2026-07-08T08:01:32.299769+00:00,csv_write,gPEvG2TCXJs,champions league,0.0,1,ok,video_row
20260708T080051_1d1da5,2026-07-08T08:01:34.205437+00:00,comment_page_fetch,gPEvG2TCXJs,champions league,1.9056,0,ok,page=1
20260708T080051_1d1da5,2026-07-08T08:01:34.205483+00:00,csv_write,gPEvG2TCXJs,champions league,0.0,0,ok,comment_rows
20260708T080051_1d1da5,2026-07-08T08:01:34.205815+00:00,csv_write,SPD-rGk2qxo,champions league,0.0,1,ok,video_row
20260708T080051_1d1da5,2026-07-08T08:01:34.287935+00:00,comment_page_fetch,SPD-rGk2qxo,champions league,0.082,7,ok,page=1
20260708T080051_1d1da5,2026-07-08T08:01:34.288021+00:00,csv_write,SPD-rGk2qxo,champions league,0.0,7,ok,comment_rows
20260708T080051_1d1da5,2026-07-08T08:01:34.288432+00:00,csv_write,ZKY96NcNQJo,champions league,0.0,1,ok,video_row
20260708T080051_1d1da5,2026-07-08T08:01:34.355002+00:00,comment_page_fetch,ZKY96NcNQJo,champions league,0.0665,0,ok,page=1
20260708T080051_1d1da5,2026-07-08T08:01:34.355042+00:00,csv_write,ZKY96NcNQJo,champions league,0.0,0,ok,comment_rows
20260708T080051_1d1da5,2026-07-08T08:01:34.399454+00:00,video_stats_fetch,1cKl2eWWkHA,champions league,0.0443,1,ok,
20260708T080051_1d1da5,2026-07-08T08:01:34.444378+00:00,channel_stats_fetch,1cKl2eWWkHA,champions league,0.0449,1,ok,
20260708T080051_1d1da5,2026-07-08T08:01:35.772552+00:00,transcript_fetch,1cKl2eWWkHA,champions league,1.3281,1,skip,no_transcript
20260708T080051_1d1da5,2026-07-08T08:01:35.876051+00:00,thumbnail_download,1cKl2eWWkHA,champions league,0.1035,1,ok,
20260708T080051_1d1da5,2026-07-08T08:01:35.938499+00:00,video_stats_fetch,VyhhTn3owOA,champions league,0.0624,1,ok,
20260708T080051_1d1da5,2026-07-08T08:01:35.980636+00:00,channel_stats_fetch,VyhhTn3owOA,champions league,0.0421,1,ok,
20260708T080051_1d1da5,2026-07-08T08:01:37.883853+00:00,transcript_fetch,VyhhTn3owOA,champions league,1.9032,1,skip,no_transcript
20260708T080051_1d1da5,2026-07-08T08:01:37.960832+00:00,thumbnail_download,VyhhTn3owOA,champions league,0.0769,1,ok,
20260708T080051_1d1da5,2026-07-08T08:01:38.010060+00:00,video_stats_fetch,mCqdyqzuh0o,champions league,0.0492,1,ok,
20260708T080051_1d1da5,2026-07-08T08:01:38.073462+00:00,channel_stats_fetch,mCqdyqzuh0o,champions league,0.0634,1,ok,
20260708T080051_1d1da5,2026-07-08T08:01:39.230932+00:00,transcript_fetch,mCqdyqzuh0o,champions league,1.1574,1,skip,no_transcript
20260708T080051_1d1da5,2026-07-08T08:01:39.305780+00:00,thumbnail_download,mCqdyqzuh0o,champions league,0.0748,1,ok,
20260708T080051_1d1da5,2026-07-08T08:01:39.363766+00:00,video_stats_fetch,MEFaCq-Tqxs,champions league,0.0579,1,ok,
20260708T080051_1d1da5,2026-07-08T08:01:39.409690+00:00,channel_stats_fetch,MEFaCq-Tqxs,champions league,0.0459,1,ok,
20260708T080051_1d1da5,2026-07-08T08:01:40.396561+00:00,transcript_fetch,MEFaCq-Tqxs,champions league,0.9868,1,skip,no_transcript
20260708T080051_1d1da5,2026-07-08T08:01:40.481381+00:00,thumbnail_download,MEFaCq-Tqxs,champions league,0.0848,1,ok,
20260708T080051_1d1da5,2026-07-08T08:01:40.523335+00:00,video_stats_fetch,_9FnCCKR9xo,champions league,0.0419,1,ok,
20260708T080051_1d1da5,2026-07-08T08:01:40.571316+00:00,channel_stats_fetch,_9FnCCKR9xo,champions league,0.048,1,ok,
20260708T080051_1d1da5,2026-07-08T08:01:41.551067+00:00,transcript_fetch,_9FnCCKR9xo,champions league,0.9797,1,skip,no_transcript
20260708T080051_1d1da5,2026-07-08T08:01:41.630944+00:00,thumbnail_download,_9FnCCKR9xo,champions league,0.0798,1,ok,
20260708T080051_1d1da5,2026-07-08T08:01:55.005771+00:00,llm_batch_call,,champions league,13.3747,5,ok,
20260708T080051_1d1da5,2026-07-08T08:01:55.006413+00:00,csv_write,1cKl2eWWkHA,champions league,0.0,1,ok,video_row
20260708T080051_1d1da5,2026-07-08T08:01:55.066833+00:00,comment_page_fetch,1cKl2eWWkHA,champions league,0.0603,12,ok,page=1
20260708T080051_1d1da5,2026-07-08T08:01:55.066925+00:00,csv_write,1cKl2eWWkHA,champions league,0.0,12,ok,comment_rows
20260708T080051_1d1da5,2026-07-08T08:01:55.067248+00:00,csv_write,VyhhTn3owOA,champions league,0.0,1,ok,video_row
20260708T080051_1d1da5,2026-07-08T08:01:55.150524+00:00,comment_page_fetch,VyhhTn3owOA,champions league,0.0832,0,ok,page=1
20260708T080051_1d1da5,2026-07-08T08:01:55.150562+00:00,csv_write,VyhhTn3owOA,champions league,0.0,0,ok,comment_rows
20260708T080051_1d1da5,2026-07-08T08:01:55.150943+00:00,csv_write,mCqdyqzuh0o,champions league,0.0,1,ok,video_row
20260708T080051_1d1da5,2026-07-08T08:01:55.227266+00:00,comment_page_fetch,mCqdyqzuh0o,champions league,0.0762,11,ok,page=1
20260708T080051_1d1da5,2026-07-08T08:01:55.227334+00:00,csv_write,mCqdyqzuh0o,champions league,0.0,11,ok,comment_rows
20260708T080051_1d1da5,2026-07-08T08:01:55.227723+00:00,csv_write,MEFaCq-Tqxs,champions league,0.0,1,ok,video_row
20260708T080051_1d1da5,2026-07-08T08:01:55.296325+00:00,comment_page_fetch,MEFaCq-Tqxs,champions league,0.0685,5,ok,page=1
20260708T080051_1d1da5,2026-07-08T08:01:55.296413+00:00,csv_write,MEFaCq-Tqxs,champions league,0.0,5,ok,comment_rows
20260708T080051_1d1da5,2026-07-08T08:01:55.296863+00:00,csv_write,_9FnCCKR9xo,champions league,0.0,1,ok,video_row
20260708T080051_1d1da5,2026-07-08T08:01:55.371612+00:00,comment_page_fetch,_9FnCCKR9xo,champions league,0.0746,47,ok,page=1
20260708T080051_1d1da5,2026-07-08T08:01:55.371838+00:00,csv_write,_9FnCCKR9xo,champions league,0.0002,47,ok,comment_rows
20260708T080051_1d1da5,2026-07-08T08:01:55.417699+00:00,video_stats_fetch,kLH3q34RojU,champions league,0.0457,1,ok,
20260708T080051_1d1da5,2026-07-08T08:01:55.467598+00:00,channel_stats_fetch,kLH3q34RojU,champions league,0.0499,1,ok,
20260708T080051_1d1da5,2026-07-08T08:01:56.999846+00:00,transcript_fetch,kLH3q34RojU,champions league,1.5322,1,skip,no_transcript
20260708T080051_1d1da5,2026-07-08T08:01:57.084764+00:00,thumbnail_download,kLH3q34RojU,champions league,0.0849,1,ok,
20260708T080051_1d1da5,2026-07-08T08:01:57.145999+00:00,video_stats_fetch,sWvjJoxKb4U,champions league,0.0612,1,ok,
20260708T080051_1d1da5,2026-07-08T08:01:57.197982+00:00,channel_stats_fetch,sWvjJoxKb4U,champions league,0.0519,1,ok,
20260708T080051_1d1da5,2026-07-08T08:01:58.303978+00:00,transcript_fetch,sWvjJoxKb4U,champions league,1.106,1,skip,no_transcript
20260708T080051_1d1da5,2026-07-08T08:01:58.383834+00:00,thumbnail_download,sWvjJoxKb4U,champions league,0.0798,1,ok,
20260708T080051_1d1da5,2026-07-08T08:01:58.446283+00:00,video_stats_fetch,LEQFjk9bEQg,champions league,0.0624,1,ok,
20260708T080051_1d1da5,2026-07-08T08:01:58.500292+00:00,channel_stats_fetch,LEQFjk9bEQg,champions league,0.054,1,ok,
20260708T080051_1d1da5,2026-07-08T08:01:59.540899+00:00,transcript_fetch,LEQFjk9bEQg,champions league,1.0406,1,ok,
20260708T080051_1d1da5,2026-07-08T08:01:59.630037+00:00,thumbnail_download,LEQFjk9bEQg,champions league,0.0891,1,ok,
20260708T080051_1d1da5,2026-07-08T08:01:59.674074+00:00,video_stats_fetch,4ibcVmRgg-k,champions league,0.044,1,ok,
20260708T080051_1d1da5,2026-07-08T08:01:59.715608+00:00,channel_stats_fetch,4ibcVmRgg-k,champions league,0.0415,1,ok,
20260708T080051_1d1da5,2026-07-08T08:02:01.060787+00:00,transcript_fetch,4ibcVmRgg-k,champions league,1.3451,1,skip,no_transcript
20260708T080051_1d1da5,2026-07-08T08:02:01.148998+00:00,thumbnail_download,4ibcVmRgg-k,champions league,0.0882,1,ok,
20260708T080051_1d1da5,2026-07-08T08:02:01.200128+00:00,video_stats_fetch,pSRtJl6ts_4,champions league,0.0511,1,ok,
20260708T080051_1d1da5,2026-07-08T08:02:01.257185+00:00,channel_stats_fetch,pSRtJl6ts_4,champions league,0.057,1,ok,
20260708T080051_1d1da5,2026-07-08T08:02:02.698736+00:00,transcript_fetch,pSRtJl6ts_4,champions league,1.4415,1,skip,no_transcript
20260708T080051_1d1da5,2026-07-08T08:02:02.777931+00:00,thumbnail_download,pSRtJl6ts_4,champions league,0.0791,1,ok,
20260708T080051_1d1da5,2026-07-08T08:02:16.414948+00:00,llm_batch_call,,champions league,13.6369,5,ok,
20260708T080051_1d1da5,2026-07-08T08:02:16.415317+00:00,csv_write,kLH3q34RojU,champions league,0.0,1,ok,video_row
20260708T080051_1d1da5,2026-07-08T08:02:16.698589+00:00,comment_page_fetch,kLH3q34RojU,champions league,0.2832,0,ok,page=1
20260708T080051_1d1da5,2026-07-08T08:02:16.698631+00:00,csv_write,kLH3q34RojU,champions league,0.0,0,ok,comment_rows
20260708T080051_1d1da5,2026-07-08T08:02:16.699100+00:00,csv_write,sWvjJoxKb4U,champions league,0.0,1,ok,video_row
20260708T080051_1d1da5,2026-07-08T08:02:16.771733+00:00,comment_page_fetch,sWvjJoxKb4U,champions league,0.0725,4,ok,page=1
20260708T080051_1d1da5,2026-07-08T08:02:16.771796+00:00,csv_write,sWvjJoxKb4U,champions league,0.0,4,ok,comment_rows
20260708T080051_1d1da5,2026-07-08T08:02:16.772033+00:00,csv_write,LEQFjk9bEQg,champions league,0.0,1,ok,video_row
20260708T080051_1d1da5,2026-07-08T08:02:16.867587+00:00,comment_page_fetch,LEQFjk9bEQg,champions league,0.0955,11,ok,page=1
20260708T080051_1d1da5,2026-07-08T08:02:16.867695+00:00,csv_write,LEQFjk9bEQg,champions league,0.0,11,ok,comment_rows
20260708T080051_1d1da5,2026-07-08T08:02:16.868175+00:00,csv_write,4ibcVmRgg-k,champions league,0.0,1,ok,video_row
20260708T080051_1d1da5,2026-07-08T08:02:16.957037+00:00,comment_page_fetch,4ibcVmRgg-k,champions league,0.0888,27,ok,page=1
20260708T080051_1d1da5,2026-07-08T08:02:16.957176+00:00,csv_write,4ibcVmRgg-k,champions league,0.0001,27,ok,comment_rows
20260708T080051_1d1da5,2026-07-08T08:02:16.957556+00:00,csv_write,pSRtJl6ts_4,champions league,0.0,1,ok,video_row
20260708T080051_1d1da5,2026-07-08T08:02:17.037191+00:00,comment_page_fetch,pSRtJl6ts_4,champions league,0.0796,8,ok,page=1
20260708T080051_1d1da5,2026-07-08T08:02:17.037256+00:00,csv_write,pSRtJl6ts_4,champions league,0.0,8,ok,comment_rows
20260708T080051_1d1da5,2026-07-08T08:02:17.089219+00:00,video_stats_fetch,nbZzRnN6Cg0,champions league,0.0519,1,ok,
20260708T080051_1d1da5,2026-07-08T08:02:17.296681+00:00,channel_stats_fetch,nbZzRnN6Cg0,champions league,0.2074,1,ok,
20260708T080051_1d1da5,2026-07-08T08:02:19.416254+00:00,transcript_fetch,nbZzRnN6Cg0,champions league,2.1195,1,ok,
20260708T080051_1d1da5,2026-07-08T08:02:19.528025+00:00,thumbnail_download,nbZzRnN6Cg0,champions league,0.1117,1,ok,
20260708T080051_1d1da5,2026-07-08T08:02:19.596578+00:00,video_stats_fetch,hO_fW4Bi6VY,champions league,0.0685,1,ok,
20260708T080051_1d1da5,2026-07-08T08:02:19.643697+00:00,channel_stats_fetch,hO_fW4Bi6VY,champions league,0.0471,1,ok,
20260708T080051_1d1da5,2026-07-08T08:02:21.780310+00:00,transcript_fetch,hO_fW4Bi6VY,champions league,2.1366,1,skip,no_transcript
20260708T080051_1d1da5,2026-07-08T08:02:21.863688+00:00,thumbnail_download,hO_fW4Bi6VY,champions league,0.0833,1,ok,
20260708T080051_1d1da5,2026-07-08T08:02:21.919453+00:00,video_stats_fetch,FQYRO3991cU,champions league,0.0557,1,ok,
20260708T080051_1d1da5,2026-07-08T08:02:21.977111+00:00,channel_stats_fetch,FQYRO3991cU,champions league,0.0576,1,ok,
20260708T080051_1d1da5,2026-07-08T08:02:23.505857+00:00,transcript_fetch,FQYRO3991cU,champions league,1.5287,1,skip,no_transcript
20260708T080051_1d1da5,2026-07-08T08:02:23.609013+00:00,thumbnail_download,FQYRO3991cU,champions league,0.1031,1,ok,
20260708T080051_1d1da5,2026-07-08T08:02:23.659749+00:00,video_stats_fetch,Gqc2HJqL1Fs,champions league,0.0507,1,ok,
20260708T080051_1d1da5,2026-07-08T08:02:23.707483+00:00,channel_stats_fetch,Gqc2HJqL1Fs,champions league,0.0477,1,ok,
20260708T080051_1d1da5,2026-07-08T08:02:24.598058+00:00,transcript_fetch,Gqc2HJqL1Fs,champions league,0.8905,1,skip,no_transcript
20260708T080051_1d1da5,2026-07-08T08:02:24.680334+00:00,thumbnail_download,Gqc2HJqL1Fs,champions league,0.0822,1,ok,
20260708T080051_1d1da5,2026-07-08T08:02:24.721590+00:00,video_stats_fetch,yosoUNQvyoM,champions league,0.0412,1,ok,
20260708T080051_1d1da5,2026-07-08T08:02:24.769537+00:00,channel_stats_fetch,yosoUNQvyoM,champions league,0.0479,1,ok,
20260708T080051_1d1da5,2026-07-08T08:02:27.133312+00:00,transcript_fetch,yosoUNQvyoM,champions league,2.3637,1,ok,
20260708T080051_1d1da5,2026-07-08T08:02:27.213085+00:00,thumbnail_download,yosoUNQvyoM,champions league,0.0797,1,ok,
20260708T080051_1d1da5,2026-07-08T08:02:39.359194+00:00,llm_batch_call,,champions league,12.146,5,ok,
20260708T080051_1d1da5,2026-07-08T08:02:39.359567+00:00,csv_write,nbZzRnN6Cg0,champions league,0.0001,1,ok,video_row
20260708T080051_1d1da5,2026-07-08T08:02:39.417742+00:00,comment_page_fetch,nbZzRnN6Cg0,champions league,0.0581,1,ok,page=1
20260708T080051_1d1da5,2026-07-08T08:02:39.417779+00:00,csv_write,nbZzRnN6Cg0,champions league,0.0,1,ok,comment_rows
20260708T080051_1d1da5,2026-07-08T08:02:39.418011+00:00,csv_write,hO_fW4Bi6VY,champions league,0.0,1,ok,video_row
20260708T080051_1d1da5,2026-07-08T08:02:39.488961+00:00,comment_page_fetch,hO_fW4Bi6VY,champions league,0.0709,0,ok,page=1
20260708T080051_1d1da5,2026-07-08T08:02:39.488993+00:00,csv_write,hO_fW4Bi6VY,champions league,0.0,0,ok,comment_rows
20260708T080051_1d1da5,2026-07-08T08:02:39.489201+00:00,csv_write,FQYRO3991cU,champions league,0.0,1,ok,video_row
20260708T080051_1d1da5,2026-07-08T08:02:39.558456+00:00,comment_page_fetch,FQYRO3991cU,champions league,0.0692,7,ok,page=1
20260708T080051_1d1da5,2026-07-08T08:02:39.558522+00:00,csv_write,FQYRO3991cU,champions league,0.0,7,ok,comment_rows
20260708T080051_1d1da5,2026-07-08T08:02:39.558661+00:00,csv_write,Gqc2HJqL1Fs,champions league,0.0,1,ok,video_row
20260708T080051_1d1da5,2026-07-08T08:02:39.624776+00:00,comment_page_fetch,Gqc2HJqL1Fs,champions league,0.066,2,ok,page=1
20260708T080051_1d1da5,2026-07-08T08:02:39.624837+00:00,csv_write,Gqc2HJqL1Fs,champions league,0.0,2,ok,comment_rows
20260708T080051_1d1da5,2026-07-08T08:02:39.625138+00:00,csv_write,yosoUNQvyoM,champions league,0.0001,1,ok,video_row
20260708T080051_1d1da5,2026-07-08T08:02:39.679617+00:00,comment_page_fetch,yosoUNQvyoM,champions league,0.0544,0,ok,page=1
20260708T080051_1d1da5,2026-07-08T08:02:39.679649+00:00,csv_write,yosoUNQvyoM,champions league,0.0,0,ok,comment_rows
20260708T080051_1d1da5,2026-07-08T08:02:39.734465+00:00,video_stats_fetch,HGgYmHK4pSI,champions league,0.0547,1,ok,
20260708T080051_1d1da5,2026-07-08T08:02:39.780649+00:00,channel_stats_fetch,HGgYmHK4pSI,champions league,0.0461,1,ok,
20260708T080051_1d1da5,2026-07-08T08:02:40.952021+00:00,transcript_fetch,HGgYmHK4pSI,champions league,1.1713,1,skip,no_transcript
20260708T080051_1d1da5,2026-07-08T08:02:41.037263+00:00,thumbnail_download,HGgYmHK4pSI,champions league,0.0852,1,ok,
20260708T080051_1d1da5,2026-07-08T08:02:41.097699+00:00,video_stats_fetch,yduC1QlFhE0,champions league,0.0604,1,ok,
20260708T080051_1d1da5,2026-07-08T08:02:41.147317+00:00,channel_stats_fetch,yduC1QlFhE0,champions league,0.0496,1,ok,
20260708T080051_1d1da5,2026-07-08T08:02:42.139802+00:00,transcript_fetch,yduC1QlFhE0,champions league,0.9925,1,ok,
20260708T080051_1d1da5,2026-07-08T08:02:42.278981+00:00,thumbnail_download,yduC1QlFhE0,champions league,0.1391,1,ok,
20260708T080051_1d1da5,2026-07-08T08:02:42.317965+00:00,video_stats_fetch,L8MFQ1eO9KQ,champions league,0.0389,1,ok,
20260708T080051_1d1da5,2026-07-08T08:02:42.362696+00:00,channel_stats_fetch,L8MFQ1eO9KQ,champions league,0.0447,1,ok,
20260708T080051_1d1da5,2026-07-08T08:02:43.023297+00:00,transcript_fetch,L8MFQ1eO9KQ,champions league,0.6606,1,skip,no_transcript
20260708T080051_1d1da5,2026-07-08T08:02:43.136673+00:00,thumbnail_download,L8MFQ1eO9KQ,champions league,0.1133,1,ok,
20260708T080051_1d1da5,2026-07-08T08:02:43.181558+00:00,video_stats_fetch,1ea2n4jmQL4,champions league,0.0448,1,ok,
20260708T080051_1d1da5,2026-07-08T08:02:43.227269+00:00,channel_stats_fetch,1ea2n4jmQL4,champions league,0.0457,1,ok,
20260708T080051_1d1da5,2026-07-08T08:02:44.292182+00:00,transcript_fetch,1ea2n4jmQL4,champions league,1.0649,1,skip,no_transcript
20260708T080051_1d1da5,2026-07-08T08:02:44.387663+00:00,thumbnail_download,1ea2n4jmQL4,champions league,0.0954,1,ok,
20260708T080051_1d1da5,2026-07-08T08:02:44.448431+00:00,video_stats_fetch,9U837fKJvno,champions league,0.0607,1,ok,
20260708T080051_1d1da5,2026-07-08T08:02:44.503115+00:00,channel_stats_fetch,9U837fKJvno,champions league,0.0546,1,ok,
20260708T080051_1d1da5,2026-07-08T08:02:45.286049+00:00,transcript_fetch,9U837fKJvno,champions league,0.7829,1,skip,no_transcript
20260708T080051_1d1da5,2026-07-08T08:02:45.363976+00:00,thumbnail_download,9U837fKJvno,champions league,0.0779,1,ok,
20260708T080051_1d1da5,2026-07-08T08:02:57.756754+00:00,llm_batch_call,,champions league,12.3926,5,ok,
20260708T080051_1d1da5,2026-07-08T08:02:57.757195+00:00,csv_write,HGgYmHK4pSI,champions league,0.0,1,ok,video_row
20260708T080051_1d1da5,2026-07-08T08:02:57.828575+00:00,comment_page_fetch,HGgYmHK4pSI,champions league,0.0713,0,ok,page=1
20260708T080051_1d1da5,2026-07-08T08:02:57.828605+00:00,csv_write,HGgYmHK4pSI,champions league,0.0,0,ok,comment_rows
20260708T080051_1d1da5,2026-07-08T08:02:57.829139+00:00,csv_write,yduC1QlFhE0,champions league,0.0001,1,ok,video_row
20260708T080051_1d1da5,2026-07-08T08:02:57.887719+00:00,comment_page_fetch,yduC1QlFhE0,champions league,0.0585,0,ok,page=1
20260708T080051_1d1da5,2026-07-08T08:02:57.887753+00:00,csv_write,yduC1QlFhE0,champions league,0.0,0,ok,comment_rows
20260708T080051_1d1da5,2026-07-08T08:02:57.888055+00:00,csv_write,L8MFQ1eO9KQ,champions league,0.0,1,ok,video_row
20260708T080051_1d1da5,2026-07-08T08:02:57.984205+00:00,comment_page_fetch,L8MFQ1eO9KQ,champions league,0.0961,64,ok,page=1
20260708T080051_1d1da5,2026-07-08T08:02:57.984485+00:00,csv_write,L8MFQ1eO9KQ,champions league,0.0002,64,ok,comment_rows
20260708T080051_1d1da5,2026-07-08T08:02:57.984799+00:00,csv_write,1ea2n4jmQL4,champions league,0.0,1,ok,video_row
20260708T080051_1d1da5,2026-07-08T08:02:58.042284+00:00,comment_page_fetch,1ea2n4jmQL4,champions league,0.0574,0,ok,page=1
20260708T080051_1d1da5,2026-07-08T08:02:58.042350+00:00,csv_write,1ea2n4jmQL4,champions league,0.0,0,ok,comment_rows
20260708T080051_1d1da5,2026-07-08T08:02:58.042827+00:00,csv_write,9U837fKJvno,champions league,0.0001,1,ok,video_row
20260708T080051_1d1da5,2026-07-08T08:02:58.122454+00:00,comment_page_fetch,9U837fKJvno,champions league,0.0795,1,ok,page=1
20260708T080051_1d1da5,2026-07-08T08:02:58.122530+00:00,csv_write,9U837fKJvno,champions league,0.0,1,ok,comment_rows
20260708T080051_1d1da5,2026-07-08T08:02:58.162517+00:00,video_stats_fetch,0QQbr9juuhs,champions league,0.0398,1,ok,
20260708T080051_1d1da5,2026-07-08T08:02:58.200718+00:00,channel_stats_fetch,0QQbr9juuhs,champions league,0.0382,1,ok,
20260708T080051_1d1da5,2026-07-08T08:02:59.520229+00:00,transcript_fetch,0QQbr9juuhs,champions league,1.3195,1,skip,no_transcript
20260708T080051_1d1da5,2026-07-08T08:02:59.623659+00:00,thumbnail_download,0QQbr9juuhs,champions league,0.1034,1,ok,
20260708T080051_1d1da5,2026-07-08T08:02:59.663357+00:00,video_stats_fetch,b9IOQh-SK-c,champions league,0.0397,1,ok,
20260708T080051_1d1da5,2026-07-08T08:02:59.705342+00:00,channel_stats_fetch,b9IOQh-SK-c,champions league,0.0419,1,ok,
20260708T080051_1d1da5,2026-07-08T08:03:00.461337+00:00,transcript_fetch,b9IOQh-SK-c,champions league,0.756,1,skip,no_transcript
20260708T080051_1d1da5,2026-07-08T08:03:00.538418+00:00,thumbnail_download,b9IOQh-SK-c,champions league,0.077,1,ok,
20260708T080051_1d1da5,2026-07-08T08:03:00.573962+00:00,video_stats_fetch,TeiaRNQmT5o,champions league,0.0355,1,ok,
20260708T080051_1d1da5,2026-07-08T08:03:00.637362+00:00,channel_stats_fetch,TeiaRNQmT5o,champions league,0.0634,1,ok,
20260708T080051_1d1da5,2026-07-08T08:03:01.468273+00:00,transcript_fetch,TeiaRNQmT5o,champions league,0.8309,1,skip,no_transcript
20260708T080051_1d1da5,2026-07-08T08:03:01.549154+00:00,thumbnail_download,TeiaRNQmT5o,champions league,0.0808,1,ok,
20260708T080051_1d1da5,2026-07-08T08:03:01.603930+00:00,video_stats_fetch,T_tXvfdc6fI,champions league,0.0547,1,ok,
20260708T080051_1d1da5,2026-07-08T08:03:01.658351+00:00,channel_stats_fetch,T_tXvfdc6fI,champions league,0.0544,1,ok,
20260708T080051_1d1da5,2026-07-08T08:03:02.564641+00:00,transcript_fetch,T_tXvfdc6fI,champions league,0.9062,1,skip,no_transcript
20260708T080051_1d1da5,2026-07-08T08:03:02.638113+00:00,thumbnail_download,T_tXvfdc6fI,champions league,0.0734,1,ok,
20260708T080051_1d1da5,2026-07-08T08:03:02.691158+00:00,video_stats_fetch,7GR8d5kdXgs,champions league,0.053,1,ok,
20260708T080051_1d1da5,2026-07-08T08:03:02.734634+00:00,channel_stats_fetch,7GR8d5kdXgs,champions league,0.0434,1,ok,
20260708T080051_1d1da5,2026-07-08T08:03:03.541569+00:00,transcript_fetch,7GR8d5kdXgs,champions league,0.8069,1,skip,no_transcript
20260708T080051_1d1da5,2026-07-08T08:03:03.657161+00:00,thumbnail_download,7GR8d5kdXgs,champions league,0.1156,1,ok,
20260708T080051_1d1da5,2026-07-08T08:03:17.347135+00:00,llm_batch_call,,champions league,13.6897,5,ok,
20260708T080051_1d1da5,2026-07-08T08:03:17.347639+00:00,csv_write,0QQbr9juuhs,champions league,0.0001,1,ok,video_row
20260708T080051_1d1da5,2026-07-08T08:03:17.413335+00:00,comment_page_fetch,0QQbr9juuhs,champions league,0.0656,0,ok,page=1
20260708T080051_1d1da5,2026-07-08T08:03:17.413377+00:00,csv_write,0QQbr9juuhs,champions league,0.0,0,ok,comment_rows
20260708T080051_1d1da5,2026-07-08T08:03:17.413819+00:00,csv_write,TeiaRNQmT5o,champions league,0.0,1,ok,video_row
20260708T080051_1d1da5,2026-07-08T08:03:17.492271+00:00,comment_page_fetch,TeiaRNQmT5o,champions league,0.0784,5,ok,page=1
20260708T080051_1d1da5,2026-07-08T08:03:17.492335+00:00,csv_write,TeiaRNQmT5o,champions league,0.0,5,ok,comment_rows
20260708T080051_1d1da5,2026-07-08T08:03:17.492661+00:00,csv_write,T_tXvfdc6fI,champions league,0.0,1,ok,video_row
20260708T080051_1d1da5,2026-07-08T08:03:17.550384+00:00,comment_page_fetch,T_tXvfdc6fI,champions league,0.0577,0,ok,page=1
20260708T080051_1d1da5,2026-07-08T08:03:17.550437+00:00,csv_write,T_tXvfdc6fI,champions league,0.0,0,ok,comment_rows
20260708T080051_1d1da5,2026-07-08T08:03:17.589206+00:00,video_stats_fetch,ApfatDXqS9w,champions league,0.0387,1,ok,
20260708T080051_1d1da5,2026-07-08T08:03:17.644535+00:00,channel_stats_fetch,ApfatDXqS9w,champions league,0.0553,1,ok,
20260708T080051_1d1da5,2026-07-08T08:03:18.868115+00:00,transcript_fetch,ApfatDXqS9w,champions league,1.2235,1,skip,no_transcript
20260708T080051_1d1da5,2026-07-08T08:03:18.968738+00:00,thumbnail_download,ApfatDXqS9w,champions league,0.1006,1,ok,
20260708T080051_1d1da5,2026-07-08T08:03:19.018529+00:00,video_stats_fetch,JTWrQFLhfx8,champions league,0.0497,1,ok,
20260708T080051_1d1da5,2026-07-08T08:03:19.063089+00:00,channel_stats_fetch,JTWrQFLhfx8,champions league,0.0445,1,ok,
20260708T080051_1d1da5,2026-07-08T08:03:20.104254+00:00,transcript_fetch,JTWrQFLhfx8,champions league,1.0411,1,skip,no_transcript
20260708T080051_1d1da5,2026-07-08T08:03:20.187943+00:00,thumbnail_download,JTWrQFLhfx8,champions league,0.0836,1,ok,
20260708T080051_1d1da5,2026-07-08T08:03:20.251948+00:00,video_stats_fetch,VLGiQc3X14Q,champions league,0.064,1,ok,
20260708T080051_1d1da5,2026-07-08T08:03:20.301114+00:00,channel_stats_fetch,VLGiQc3X14Q,champions league,0.0491,1,ok,
20260708T080051_1d1da5,2026-07-08T08:03:21.519842+00:00,transcript_fetch,VLGiQc3X14Q,champions league,1.2187,1,skip,no_transcript
20260708T080051_1d1da5,2026-07-08T08:03:21.625200+00:00,thumbnail_download,VLGiQc3X14Q,champions league,0.1053,1,ok,
20260708T080051_1d1da5,2026-07-08T08:03:21.660730+00:00,video_stats_fetch,FGxDQXDFvF0,champions league,0.0355,1,ok,
20260708T080051_1d1da5,2026-07-08T08:03:21.710532+00:00,channel_stats_fetch,FGxDQXDFvF0,champions league,0.0498,1,ok,
20260708T080051_1d1da5,2026-07-08T08:03:22.893838+00:00,transcript_fetch,FGxDQXDFvF0,champions league,1.1833,1,skip,no_transcript
20260708T080051_1d1da5,2026-07-08T08:03:22.967690+00:00,thumbnail_download,FGxDQXDFvF0,champions league,0.0738,1,ok,
20260708T080051_1d1da5,2026-07-08T08:03:23.011559+00:00,video_stats_fetch,frOLo4yJ9CY,champions league,0.0438,1,ok,
20260708T080051_1d1da5,2026-07-08T08:03:23.064872+00:00,channel_stats_fetch,frOLo4yJ9CY,champions league,0.0533,1,ok,
20260708T080051_1d1da5,2026-07-08T08:03:24.159760+00:00,transcript_fetch,frOLo4yJ9CY,champions league,1.0949,1,skip,no_transcript
20260708T080051_1d1da5,2026-07-08T08:03:24.257742+00:00,thumbnail_download,frOLo4yJ9CY,champions league,0.0979,1,ok,
20260708T080051_1d1da5,2026-07-08T08:03:37.871802+00:00,llm_batch_call,,champions league,13.6138,5,ok,
20260708T080051_1d1da5,2026-07-08T08:03:37.872274+00:00,csv_write,ApfatDXqS9w,champions league,0.0001,1,ok,video_row
20260708T080051_1d1da5,2026-07-08T08:03:37.967794+00:00,comment_page_fetch,ApfatDXqS9w,champions league,0.0954,22,ok,page=1
20260708T080051_1d1da5,2026-07-08T08:03:37.967982+00:00,csv_write,ApfatDXqS9w,champions league,0.0001,22,ok,comment_rows
20260708T080051_1d1da5,2026-07-08T08:03:37.968400+00:00,csv_write,JTWrQFLhfx8,champions league,0.0,1,ok,video_row
20260708T080051_1d1da5,2026-07-08T08:03:38.032905+00:00,comment_page_fetch,JTWrQFLhfx8,champions league,0.0644,0,ok,page=1
20260708T080051_1d1da5,2026-07-08T08:03:38.032952+00:00,csv_write,JTWrQFLhfx8,champions league,0.0,0,ok,comment_rows
20260708T080051_1d1da5,2026-07-08T08:03:38.033507+00:00,csv_write,VLGiQc3X14Q,champions league,0.0,1,ok,video_row
20260708T080051_1d1da5,2026-07-08T08:03:38.107545+00:00,comment_page_fetch,VLGiQc3X14Q,champions league,0.0739,0,ok,page=1
20260708T080051_1d1da5,2026-07-08T08:03:38.107592+00:00,csv_write,VLGiQc3X14Q,champions league,0.0,0,ok,comment_rows
20260708T080051_1d1da5,2026-07-08T08:03:38.108035+00:00,csv_write,FGxDQXDFvF0,champions league,0.0,1,ok,video_row
20260708T080051_1d1da5,2026-07-08T08:03:38.189389+00:00,comment_page_fetch,FGxDQXDFvF0,champions league,0.0813,0,ok,page=1
20260708T080051_1d1da5,2026-07-08T08:03:38.189444+00:00,csv_write,FGxDQXDFvF0,champions league,0.0,0,ok,comment_rows
20260708T080051_1d1da5,2026-07-08T08:03:38.190073+00:00,csv_write,frOLo4yJ9CY,champions league,0.0,1,ok,video_row
20260708T080051_1d1da5,2026-07-08T08:03:38.268643+00:00,comment_page_fetch,frOLo4yJ9CY,champions league,0.0784,22,ok,page=1
20260708T080051_1d1da5,2026-07-08T08:03:38.268765+00:00,csv_write,frOLo4yJ9CY,champions league,0.0001,22,ok,comment_rows
20260708T080051_1d1da5,2026-07-08T08:03:38.311724+00:00,video_stats_fetch,UhGZcEgYI0I,champions league,0.0429,1,ok,
20260708T080051_1d1da5,2026-07-08T08:03:38.356732+00:00,channel_stats_fetch,UhGZcEgYI0I,champions league,0.045,1,ok,
20260708T080051_1d1da5,2026-07-08T08:03:39.431440+00:00,transcript_fetch,UhGZcEgYI0I,champions league,1.0747,1,skip,no_transcript
20260708T080051_1d1da5,2026-07-08T08:03:39.509687+00:00,thumbnail_download,UhGZcEgYI0I,champions league,0.0782,1,ok,
20260708T080051_1d1da5,2026-07-08T08:03:39.559536+00:00,video_stats_fetch,ZhwLmMTyJC4,champions league,0.0498,1,ok,
20260708T080051_1d1da5,2026-07-08T08:03:39.606661+00:00,channel_stats_fetch,ZhwLmMTyJC4,champions league,0.0471,1,ok,
20260708T080051_1d1da5,2026-07-08T08:03:40.370937+00:00,transcript_fetch,ZhwLmMTyJC4,champions league,0.7642,1,skip,no_transcript
20260708T080051_1d1da5,2026-07-08T08:03:40.443051+00:00,thumbnail_download,ZhwLmMTyJC4,champions league,0.0721,1,ok,
20260708T080051_1d1da5,2026-07-08T08:03:40.490703+00:00,video_stats_fetch,x_b4IC4F2vw,champions league,0.0475,1,ok,
20260708T080051_1d1da5,2026-07-08T08:03:40.536649+00:00,channel_stats_fetch,x_b4IC4F2vw,champions league,0.0459,1,ok,
20260708T080051_1d1da5,2026-07-08T08:03:41.246830+00:00,transcript_fetch,x_b4IC4F2vw,champions league,0.7101,1,skip,no_transcript
20260708T080051_1d1da5,2026-07-08T08:03:41.345095+00:00,thumbnail_download,x_b4IC4F2vw,champions league,0.0982,1,ok,
20260708T080051_1d1da5,2026-07-08T08:03:41.397016+00:00,video_stats_fetch,miDtzOhzMgM,champions league,0.0519,1,ok,
20260708T080051_1d1da5,2026-07-08T08:03:41.439056+00:00,channel_stats_fetch,miDtzOhzMgM,champions league,0.042,1,ok,
20260708T080051_1d1da5,2026-07-08T08:03:42.324954+00:00,transcript_fetch,miDtzOhzMgM,champions league,0.8858,1,skip,no_transcript
20260708T080051_1d1da5,2026-07-08T08:03:42.417543+00:00,thumbnail_download,miDtzOhzMgM,champions league,0.0926,1,ok,
20260708T080051_1d1da5,2026-07-08T08:03:42.452627+00:00,video_stats_fetch,gdqABy4vmag,champions league,0.035,1,ok,
20260708T080051_1d1da5,2026-07-08T08:03:42.498670+00:00,channel_stats_fetch,gdqABy4vmag,champions league,0.046,1,ok,
20260708T080051_1d1da5,2026-07-08T08:03:43.376712+00:00,transcript_fetch,gdqABy4vmag,champions league,0.878,1,skip,no_transcript
20260708T080051_1d1da5,2026-07-08T08:03:43.473555+00:00,thumbnail_download,gdqABy4vmag,champions league,0.0968,1,ok,
20260708T080051_1d1da5,2026-07-08T08:03:54.547407+00:00,llm_batch_call,,champions league,11.0737,5,ok,
20260708T080051_1d1da5,2026-07-08T08:03:54.547738+00:00,csv_write,UhGZcEgYI0I,champions league,0.0,1,ok,video_row
20260708T080051_1d1da5,2026-07-08T08:03:54.592986+00:00,comment_page_fetch,UhGZcEgYI0I,champions league,0.0452,1,error,"<HttpError 403 when requesting https://youtube.googleapis.com/youtube/v3/commentThreads?part=snippet&videoId=UhGZcEgYI0I&maxResults=100&textFormat=plainText&key=AIzaSyCCw0FvaSY-Jbdxp2YsdQhteORaUJtLgXw&alt=json returned ""The video identified by the <code><a href=""/youtube/v3/docs/commentThreads/list#videoId"">videoId</a></code> parameter has disabled comments."". Details: ""[{'message': 'The video identified by the <code><a href=""/youtube/v3/docs/commentThreads/list#videoId"">videoId</a></code> parameter has disabled comments.', 'domain': 'youtube.commentThread', 'reason': 'commentsDisabled', 'location': 'videoId', 'locationType': 'parameter'}]"">"
20260708T080051_1d1da5,2026-07-08T08:03:54.593387+00:00,csv_write,ZhwLmMTyJC4,champions league,0.0,1,ok,video_row
20260708T080051_1d1da5,2026-07-08T08:03:54.680259+00:00,comment_page_fetch,ZhwLmMTyJC4,champions league,0.0868,1,ok,page=1
20260708T080051_1d1da5,2026-07-08T08:03:54.680305+00:00,csv_write,ZhwLmMTyJC4,champions league,0.0,1,ok,comment_rows
20260708T080051_1d1da5,2026-07-08T08:03:54.680558+00:00,csv_write,x_b4IC4F2vw,champions league,0.0,1,ok,video_row
20260708T080051_1d1da5,2026-07-08T08:03:54.743015+00:00,comment_page_fetch,x_b4IC4F2vw,champions league,0.0624,0,ok,page=1
20260708T080051_1d1da5,2026-07-08T08:03:54.743048+00:00,csv_write,x_b4IC4F2vw,champions league,0.0,0,ok,comment_rows
20260708T080051_1d1da5,2026-07-08T08:03:54.743812+00:00,csv_write,gdqABy4vmag,champions league,0.0,1,ok,video_row
20260708T080051_1d1da5,2026-07-08T08:03:54.811338+00:00,comment_page_fetch,gdqABy4vmag,champions league,0.0674,0,ok,page=1
20260708T080051_1d1da5,2026-07-08T08:03:54.811370+00:00,csv_write,gdqABy4vmag,champions league,0.0,0,ok,comment_rows
20260708T080051_1d1da5,2026-07-08T08:03:56.247528+00:00,video_stats_fetch,ipUhBPqGGYo,champions league,1.4361,1,ok,
20260708T080051_1d1da5,2026-07-08T08:03:56.293121+00:00,channel_stats_fetch,ipUhBPqGGYo,champions league,0.0455,1,ok,
20260708T080051_1d1da5,2026-07-08T08:03:57.107859+00:00,transcript_fetch,ipUhBPqGGYo,champions league,0.8147,1,skip,no_transcript
20260708T080051_1d1da5,2026-07-08T08:03:57.264718+00:00,thumbnail_download,ipUhBPqGGYo,champions league,0.1568,1,ok,
20260708T080051_1d1da5,2026-07-08T08:03:57.304181+00:00,video_stats_fetch,NCvrWQcKoZM,champions league,0.0394,1,ok,
20260708T080051_1d1da5,2026-07-08T08:03:57.357903+00:00,channel_stats_fetch,NCvrWQcKoZM,champions league,0.0537,1,ok,
20260708T080051_1d1da5,2026-07-08T08:03:58.393287+00:00,transcript_fetch,NCvrWQcKoZM,champions league,1.0354,1,skip,no_transcript
20260708T080051_1d1da5,2026-07-08T08:03:58.505568+00:00,thumbnail_download,NCvrWQcKoZM,champions league,0.1122,1,ok,
20260708T080051_1d1da5,2026-07-08T08:03:58.561104+00:00,video_stats_fetch,_WeoNyUCzm8,champions league,0.0555,1,ok,
20260708T080051_1d1da5,2026-07-08T08:03:58.607787+00:00,channel_stats_fetch,_WeoNyUCzm8,champions league,0.0467,1,ok,
20260708T080051_1d1da5,2026-07-08T08:03:59.613146+00:00,transcript_fetch,_WeoNyUCzm8,champions league,1.0053,1,skip,no_transcript
20260708T080051_1d1da5,2026-07-08T08:03:59.698924+00:00,thumbnail_download,_WeoNyUCzm8,champions league,0.0857,1,ok,
20260708T080051_1d1da5,2026-07-08T08:03:59.783971+00:00,video_stats_fetch,sBSGx1cFwm8,champions league,0.085,1,ok,
20260708T080051_1d1da5,2026-07-08T08:03:59.829967+00:00,channel_stats_fetch,sBSGx1cFwm8,champions league,0.046,1,ok,
20260708T080051_1d1da5,2026-07-08T08:04:00.663671+00:00,transcript_fetch,sBSGx1cFwm8,champions league,0.8337,1,skip,no_transcript
20260708T080051_1d1da5,2026-07-08T08:04:00.800465+00:00,thumbnail_download,sBSGx1cFwm8,champions league,0.1368,1,ok,
20260708T080051_1d1da5,2026-07-08T08:04:00.855277+00:00,video_stats_fetch,UZCjuswCS9w,champions league,0.0547,1,ok,
20260708T080051_1d1da5,2026-07-08T08:04:00.907915+00:00,channel_stats_fetch,UZCjuswCS9w,champions league,0.0526,1,ok,
20260708T080051_1d1da5,2026-07-08T08:04:02.461549+00:00,transcript_fetch,UZCjuswCS9w,champions league,1.5536,1,skip,no_transcript
20260708T080051_1d1da5,2026-07-08T08:04:02.543107+00:00,thumbnail_download,UZCjuswCS9w,champions league,0.0815,1,ok,
20260708T080051_1d1da5,2026-07-08T08:04:16.910438+00:00,llm_batch_call,,champions league,14.3672,5,ok,
20260708T080051_1d1da5,2026-07-08T08:04:16.910829+00:00,csv_write,NCvrWQcKoZM,champions league,0.0,1,ok,video_row
20260708T080051_1d1da5,2026-07-08T08:04:16.992559+00:00,comment_page_fetch,NCvrWQcKoZM,champions league,0.0817,0,ok,page=1
20260708T080051_1d1da5,2026-07-08T08:04:16.992585+00:00,csv_write,NCvrWQcKoZM,champions league,0.0,0,ok,comment_rows
20260708T080051_1d1da5,2026-07-08T08:04:16.992897+00:00,csv_write,_WeoNyUCzm8,champions league,0.0,1,ok,video_row
20260708T080051_1d1da5,2026-07-08T08:04:17.060782+00:00,comment_page_fetch,_WeoNyUCzm8,champions league,0.0678,0,ok,page=1
20260708T080051_1d1da5,2026-07-08T08:04:17.060810+00:00,csv_write,_WeoNyUCzm8,champions league,0.0,0,ok,comment_rows
20260708T080051_1d1da5,2026-07-08T08:04:17.061180+00:00,csv_write,sBSGx1cFwm8,champions league,0.0,1,ok,video_row
20260708T080051_1d1da5,2026-07-08T08:04:17.117818+00:00,comment_page_fetch,sBSGx1cFwm8,champions league,0.0565,0,ok,page=1
20260708T080051_1d1da5,2026-07-08T08:04:17.117846+00:00,csv_write,sBSGx1cFwm8,champions league,0.0,0,ok,comment_rows
20260708T080051_1d1da5,2026-07-08T08:04:17.118129+00:00,csv_write,UZCjuswCS9w,champions league,0.0,1,ok,video_row
20260708T080051_1d1da5,2026-07-08T08:04:17.184578+00:00,comment_page_fetch,UZCjuswCS9w,champions league,0.0664,1,ok,page=1
20260708T080051_1d1da5,2026-07-08T08:04:17.184612+00:00,csv_write,UZCjuswCS9w,champions league,0.0,1,ok,comment_rows
20260708T080051_1d1da5,2026-07-08T08:04:17.552898+00:00,keyword_search,,mundial de fútbol,0.3682,1,ok,results=50
20260708T080051_1d1da5,2026-07-08T08:04:17.591684+00:00,video_stats_fetch,AHahHoaWbP8,mundial de fútbol,0.0386,1,ok,
20260708T080051_1d1da5,2026-07-08T08:04:17.644335+00:00,channel_stats_fetch,AHahHoaWbP8,mundial de fútbol,0.0526,1,ok,
20260708T080051_1d1da5,2026-07-08T08:04:19.148823+00:00,transcript_fetch,AHahHoaWbP8,mundial de fútbol,1.5045,1,skip,no_transcript
20260708T080051_1d1da5,2026-07-08T08:04:19.206782+00:00,thumbnail_download,AHahHoaWbP8,mundial de fútbol,0.0579,1,ok,
20260708T080051_1d1da5,2026-07-08T08:04:19.249006+00:00,video_stats_fetch,twMGMGcN7jE,mundial de fútbol,0.0422,1,ok,
20260708T080051_1d1da5,2026-07-08T08:04:19.304533+00:00,channel_stats_fetch,twMGMGcN7jE,mundial de fútbol,0.0555,1,ok,
20260708T080051_1d1da5,2026-07-08T08:04:20.569098+00:00,transcript_fetch,twMGMGcN7jE,mundial de fútbol,1.2645,1,skip,no_transcript
20260708T080051_1d1da5,2026-07-08T08:04:20.623710+00:00,thumbnail_download,twMGMGcN7jE,mundial de fútbol,0.0546,1,ok,
20260708T080051_1d1da5,2026-07-08T08:04:20.668495+00:00,video_stats_fetch,S_KZF_M1Oc0,mundial de fútbol,0.0447,1,ok,
20260708T080051_1d1da5,2026-07-08T08:04:20.707810+00:00,channel_stats_fetch,S_KZF_M1Oc0,mundial de fútbol,0.0393,1,ok,
20260708T080051_1d1da5,2026-07-08T08:04:22.217467+00:00,transcript_fetch,S_KZF_M1Oc0,mundial de fútbol,1.5096,1,skip,no_transcript
20260708T080051_1d1da5,2026-07-08T08:04:22.275753+00:00,thumbnail_download,S_KZF_M1Oc0,mundial de fútbol,0.0582,1,ok,
20260708T080051_1d1da5,2026-07-08T08:04:22.312498+00:00,video_stats_fetch,Vxgh-y4GmOA,mundial de fútbol,0.0367,1,ok,
20260708T080051_1d1da5,2026-07-08T08:04:22.372403+00:00,channel_stats_fetch,Vxgh-y4GmOA,mundial de fútbol,0.0599,1,ok,
20260708T080051_1d1da5,2026-07-08T08:04:23.863052+00:00,transcript_fetch,Vxgh-y4GmOA,mundial de fútbol,1.4906,1,skip,no_transcript
20260708T080051_1d1da5,2026-07-08T08:04:23.949245+00:00,thumbnail_download,Vxgh-y4GmOA,mundial de fútbol,0.0861,1,ok,
20260708T080051_1d1da5,2026-07-08T08:04:23.991144+00:00,video_stats_fetch,lCjI5SRHRhE,mundial de fútbol,0.0418,1,ok,
20260708T080051_1d1da5,2026-07-08T08:04:24.037569+00:00,channel_stats_fetch,lCjI5SRHRhE,mundial de fútbol,0.0464,1,ok,
20260708T080051_1d1da5,2026-07-08T08:04:25.592501+00:00,transcript_fetch,lCjI5SRHRhE,mundial de fútbol,1.5549,1,skip,no_transcript
20260708T080051_1d1da5,2026-07-08T08:04:25.673052+00:00,thumbnail_download,lCjI5SRHRhE,mundial de fútbol,0.0805,1,ok,
20260708T080051_1d1da5,2026-07-08T08:04:40.516382+00:00,llm_batch_call,,mundial de fútbol,14.8432,5,ok,
20260708T080051_1d1da5,2026-07-08T08:04:40.516960+00:00,csv_write,AHahHoaWbP8,mundial de fútbol,0.0,1,ok,video_row
20260708T080051_1d1da5,2026-07-08T08:04:40.614346+00:00,comment_page_fetch,AHahHoaWbP8,mundial de fútbol,0.0973,37,ok,page=1
20260708T080051_1d1da5,2026-07-08T08:04:40.614510+00:00,csv_write,AHahHoaWbP8,mundial de fútbol,0.0001,37,ok,comment_rows
20260708T080051_1d1da5,2026-07-08T08:04:40.614773+00:00,csv_write,twMGMGcN7jE,mundial de fútbol,0.0,1,ok,video_row
20260708T080051_1d1da5,2026-07-08T08:04:40.742248+00:00,comment_page_fetch,twMGMGcN7jE,mundial de fútbol,0.1274,100,ok,page=1
20260708T080051_1d1da5,2026-07-08T08:04:40.742636+00:00,csv_write,twMGMGcN7jE,mundial de fútbol,0.0003,100,ok,comment_rows
20260708T080051_1d1da5,2026-07-08T08:04:40.853687+00:00,comment_page_fetch,twMGMGcN7jE,mundial de fútbol,0.111,100,ok,page=2
20260708T080051_1d1da5,2026-07-08T08:04:40.854057+00:00,csv_write,twMGMGcN7jE,mundial de fútbol,0.0003,100,ok,comment_rows
20260708T080051_1d1da5,2026-07-08T08:04:40.987523+00:00,comment_page_fetch,twMGMGcN7jE,mundial de fútbol,0.1334,15,ok,page=3
20260708T080051_1d1da5,2026-07-08T08:04:40.987658+00:00,csv_write,twMGMGcN7jE,mundial de fútbol,0.0,15,ok,comment_rows
20260708T080051_1d1da5,2026-07-08T08:04:40.988188+00:00,csv_write,S_KZF_M1Oc0,mundial de fútbol,0.0,1,ok,video_row
20260708T080051_1d1da5,2026-07-08T08:04:41.104781+00:00,comment_page_fetch,S_KZF_M1Oc0,mundial de fútbol,0.1165,100,ok,page=1
20260708T080051_1d1da5,2026-07-08T08:04:41.105150+00:00,csv_write,S_KZF_M1Oc0,mundial de fútbol,0.0003,100,ok,comment_rows
20260708T080051_1d1da5,2026-07-08T08:04:41.238231+00:00,comment_page_fetch,S_KZF_M1Oc0,mundial de fútbol,0.1331,100,ok,page=2
20260708T080051_1d1da5,2026-07-08T08:04:41.238632+00:00,csv_write,S_KZF_M1Oc0,mundial de fútbol,0.0003,100,ok,comment_rows
20260708T080051_1d1da5,2026-07-08T08:04:41.346379+00:00,comment_page_fetch,S_KZF_M1Oc0,mundial de fútbol,0.1077,100,ok,page=3
20260708T080051_1d1da5,2026-07-08T08:04:41.346739+00:00,csv_write,S_KZF_M1Oc0,mundial de fútbol,0.0003,100,ok,comment_rows
20260708T080051_1d1da5,2026-07-08T08:04:41.458622+00:00,comment_page_fetch,S_KZF_M1Oc0,mundial de fútbol,0.1119,100,ok,page=4
20260708T080051_1d1da5,2026-07-08T08:04:41.459006+00:00,csv_write,S_KZF_M1Oc0,mundial de fútbol,0.0003,100,ok,comment_rows
20260708T080051_1d1da5,2026-07-08T08:04:41.564342+00:00,comment_page_fetch,S_KZF_M1Oc0,mundial de fútbol,0.1053,100,ok,page=5
20260708T080051_1d1da5,2026-07-08T08:04:41.564756+00:00,csv_write,S_KZF_M1Oc0,mundial de fútbol,0.0003,100,ok,comment_rows
20260708T080051_1d1da5,2026-07-08T08:04:41.766467+00:00,comment_page_fetch,S_KZF_M1Oc0,mundial de fútbol,0.2017,100,ok,page=6
20260708T080051_1d1da5,2026-07-08T08:04:41.766818+00:00,csv_write,S_KZF_M1Oc0,mundial de fútbol,0.0002,100,ok,comment_rows
20260708T080051_1d1da5,2026-07-08T08:04:41.937280+00:00,comment_page_fetch,S_KZF_M1Oc0,mundial de fútbol,0.1704,100,ok,page=7
20260708T080051_1d1da5,2026-07-08T08:04:41.937653+00:00,csv_write,S_KZF_M1Oc0,mundial de fútbol,0.0003,100,ok,comment_rows
20260708T080051_1d1da5,2026-07-08T08:04:42.129537+00:00,comment_page_fetch,S_KZF_M1Oc0,mundial de fútbol,0.1919,54,ok,page=8
20260708T080051_1d1da5,2026-07-08T08:04:42.129771+00:00,csv_write,S_KZF_M1Oc0,mundial de fútbol,0.0001,54,ok,comment_rows
20260708T080051_1d1da5,2026-07-08T08:04:42.130231+00:00,csv_write,lCjI5SRHRhE,mundial de fútbol,0.0,1,ok,video_row
20260708T080051_1d1da5,2026-07-08T08:04:42.231045+00:00,comment_page_fetch,lCjI5SRHRhE,mundial de fútbol,0.1008,54,ok,page=1
20260708T080051_1d1da5,2026-07-08T08:04:42.231280+00:00,csv_write,lCjI5SRHRhE,mundial de fútbol,0.0002,54,ok,comment_rows
20260708T080051_1d1da5,2026-07-08T08:04:42.269188+00:00,video_stats_fetch,1e16F-VD8TU,mundial de fútbol,0.0378,1,ok,
20260708T080051_1d1da5,2026-07-08T08:04:42.312372+00:00,channel_stats_fetch,1e16F-VD8TU,mundial de fútbol,0.0432,1,ok,
20260708T080051_1d1da5,2026-07-08T08:04:43.475735+00:00,transcript_fetch,1e16F-VD8TU,mundial de fútbol,1.1633,1,skip,no_transcript
20260708T080051_1d1da5,2026-07-08T08:04:43.559945+00:00,thumbnail_download,1e16F-VD8TU,mundial de fútbol,0.0842,1,ok,
20260708T080051_1d1da5,2026-07-08T08:04:43.602855+00:00,video_stats_fetch,qxSYCNeVPcU,mundial de fútbol,0.0429,1,ok,
20260708T080051_1d1da5,2026-07-08T08:04:43.646994+00:00,channel_stats_fetch,qxSYCNeVPcU,mundial de fútbol,0.0441,1,ok,
20260708T080051_1d1da5,2026-07-08T08:04:44.447977+00:00,transcript_fetch,qxSYCNeVPcU,mundial de fútbol,0.801,1,skip,no_transcript
20260708T080051_1d1da5,2026-07-08T08:04:44.507969+00:00,thumbnail_download,qxSYCNeVPcU,mundial de fútbol,0.06,1,ok,
20260708T080051_1d1da5,2026-07-08T08:04:44.549819+00:00,video_stats_fetch,Yn1eawz0V34,mundial de fútbol,0.0418,1,ok,
20260708T080051_1d1da5,2026-07-08T08:04:44.608979+00:00,channel_stats_fetch,Yn1eawz0V34,mundial de fútbol,0.0591,1,ok,
20260708T080051_1d1da5,2026-07-08T08:04:45.777138+00:00,transcript_fetch,Yn1eawz0V34,mundial de fútbol,1.1681,1,skip,no_transcript
20260708T080051_1d1da5,2026-07-08T08:04:45.841521+00:00,thumbnail_download,Yn1eawz0V34,mundial de fútbol,0.0643,1,ok,
20260708T080051_1d1da5,2026-07-08T08:04:45.885476+00:00,video_stats_fetch,N1Z2NAKJxV8,mundial de fútbol,0.0439,1,ok,
20260708T080051_1d1da5,2026-07-08T08:04:45.927883+00:00,channel_stats_fetch,N1Z2NAKJxV8,mundial de fútbol,0.0424,1,ok,
20260708T080051_1d1da5,2026-07-08T08:04:47.767858+00:00,transcript_fetch,N1Z2NAKJxV8,mundial de fútbol,1.8399,1,skip,no_transcript
20260708T080051_1d1da5,2026-07-08T08:04:47.826275+00:00,thumbnail_download,N1Z2NAKJxV8,mundial de fútbol,0.0584,1,ok,
20260708T080051_1d1da5,2026-07-08T08:04:47.866851+00:00,video_stats_fetch,W08FRzEB8Ok,mundial de fútbol,0.0405,1,ok,
20260708T080051_1d1da5,2026-07-08T08:04:47.912678+00:00,channel_stats_fetch,W08FRzEB8Ok,mundial de fútbol,0.0458,1,ok,
20260708T080051_1d1da5,2026-07-08T08:04:49.572370+00:00,transcript_fetch,W08FRzEB8Ok,mundial de fútbol,1.6597,1,skip,no_transcript
20260708T080051_1d1da5,2026-07-08T08:04:49.696568+00:00,thumbnail_download,W08FRzEB8Ok,mundial de fútbol,0.1242,1,ok,
20260708T080051_1d1da5,2026-07-08T08:05:02.616419+00:00,llm_batch_call,,mundial de fútbol,12.9196,5,ok,
20260708T080051_1d1da5,2026-07-08T08:05:02.616999+00:00,csv_write,1e16F-VD8TU,mundial de fútbol,0.0,1,ok,video_row
20260708T080051_1d1da5,2026-07-08T08:05:02.710456+00:00,comment_page_fetch,1e16F-VD8TU,mundial de fútbol,0.0934,100,ok,page=1
20260708T080051_1d1da5,2026-07-08T08:05:02.710818+00:00,csv_write,1e16F-VD8TU,mundial de fútbol,0.0003,100,ok,comment_rows
20260708T080051_1d1da5,2026-07-08T08:05:02.798426+00:00,comment_page_fetch,1e16F-VD8TU,mundial de fútbol,0.0876,100,ok,page=2
20260708T080051_1d1da5,2026-07-08T08:05:02.798779+00:00,csv_write,1e16F-VD8TU,mundial de fútbol,0.0002,100,ok,comment_rows
20260708T080051_1d1da5,2026-07-08T08:05:02.874385+00:00,comment_page_fetch,1e16F-VD8TU,mundial de fútbol,0.0756,100,ok,page=3
20260708T080051_1d1da5,2026-07-08T08:05:02.874783+00:00,csv_write,1e16F-VD8TU,mundial de fútbol,0.0003,100,ok,comment_rows
20260708T080051_1d1da5,2026-07-08T08:05:02.945852+00:00,comment_page_fetch,1e16F-VD8TU,mundial de fútbol,0.0711,100,ok,page=4
20260708T080051_1d1da5,2026-07-08T08:05:02.946207+00:00,csv_write,1e16F-VD8TU,mundial de fútbol,0.0002,100,ok,comment_rows
20260708T080051_1d1da5,2026-07-08T08:05:03.104266+00:00,comment_page_fetch,1e16F-VD8TU,mundial de fútbol,0.158,75,ok,page=5
20260708T080051_1d1da5,2026-07-08T08:05:03.104541+00:00,csv_write,1e16F-VD8TU,mundial de fútbol,0.0002,75,ok,comment_rows
20260708T080051_1d1da5,2026-07-08T08:05:03.104905+00:00,csv_write,qxSYCNeVPcU,mundial de fútbol,0.0,1,ok,video_row
20260708T080051_1d1da5,2026-07-08T08:05:03.308259+00:00,comment_page_fetch,qxSYCNeVPcU,mundial de fútbol,0.2033,100,ok,page=1
20260708T080051_1d1da5,2026-07-08T08:05:03.308649+00:00,csv_write,qxSYCNeVPcU,mundial de fútbol,0.0003,100,ok,comment_rows
20260708T080051_1d1da5,2026-07-08T08:05:03.492759+00:00,comment_page_fetch,qxSYCNeVPcU,mundial de fútbol,0.1841,100,ok,page=2
20260708T080051_1d1da5,2026-07-08T08:05:03.493113+00:00,csv_write,qxSYCNeVPcU,mundial de fútbol,0.0002,100,ok,comment_rows
20260708T080051_1d1da5,2026-07-08T08:05:03.813151+00:00,comment_page_fetch,qxSYCNeVPcU,mundial de fútbol,0.32,100,ok,page=3
20260708T080051_1d1da5,2026-07-08T08:05:03.813564+00:00,csv_write,qxSYCNeVPcU,mundial de fútbol,0.0003,100,ok,comment_rows
20260708T080051_1d1da5,2026-07-08T08:05:04.071752+00:00,comment_page_fetch,qxSYCNeVPcU,mundial de fútbol,0.2582,100,ok,page=4
20260708T080051_1d1da5,2026-07-08T08:05:04.072171+00:00,csv_write,qxSYCNeVPcU,mundial de fútbol,0.0003,100,ok,comment_rows
20260708T080051_1d1da5,2026-07-08T08:05:04.225482+00:00,comment_page_fetch,qxSYCNeVPcU,mundial de fútbol,0.1533,100,ok,page=5
20260708T080051_1d1da5,2026-07-08T08:05:04.225840+00:00,csv_write,qxSYCNeVPcU,mundial de fútbol,0.0002,100,ok,comment_rows
20260708T080051_1d1da5,2026-07-08T08:05:04.492721+00:00,comment_page_fetch,qxSYCNeVPcU,mundial de fútbol,0.2669,100,ok,page=6
20260708T080051_1d1da5,2026-07-08T08:05:04.493067+00:00,csv_write,qxSYCNeVPcU,mundial de fútbol,0.0002,100,ok,comment_rows
20260708T080051_1d1da5,2026-07-08T08:05:04.680324+00:00,comment_page_fetch,qxSYCNeVPcU,mundial de fútbol,0.1872,100,ok,page=7
20260708T080051_1d1da5,2026-07-08T08:05:04.680731+00:00,csv_write,qxSYCNeVPcU,mundial de fútbol,0.0003,100,ok,comment_rows
20260708T080051_1d1da5,2026-07-08T08:05:04.848334+00:00,comment_page_fetch,qxSYCNeVPcU,mundial de fútbol,0.1676,89,ok,page=8
20260708T080051_1d1da5,2026-07-08T08:05:04.848672+00:00,csv_write,qxSYCNeVPcU,mundial de fútbol,0.0002,89,ok,comment_rows
20260708T080051_1d1da5,2026-07-08T08:05:04.849085+00:00,csv_write,Yn1eawz0V34,mundial de fútbol,0.0,1,ok,video_row
20260708T080051_1d1da5,2026-07-08T08:05:04.939517+00:00,comment_page_fetch,Yn1eawz0V34,mundial de fútbol,0.0903,52,ok,page=1
20260708T080051_1d1da5,2026-07-08T08:05:04.939717+00:00,csv_write,Yn1eawz0V34,mundial de fútbol,0.0001,52,ok,comment_rows
20260708T080051_1d1da5,2026-07-08T08:05:04.939931+00:00,csv_write,N1Z2NAKJxV8,mundial de fútbol,0.0,1,ok,video_row
20260708T080051_1d1da5,2026-07-08T08:05:05.147444+00:00,comment_page_fetch,N1Z2NAKJxV8,mundial de fútbol,0.2074,100,ok,page=1
20260708T080051_1d1da5,2026-07-08T08:05:05.147837+00:00,csv_write,N1Z2NAKJxV8,mundial de fútbol,0.0003,100,ok,comment_rows
20260708T080051_1d1da5,2026-07-08T08:05:05.262094+00:00,comment_page_fetch,N1Z2NAKJxV8,mundial de fútbol,0.1142,100,ok,page=2
20260708T080051_1d1da5,2026-07-08T08:05:05.262519+00:00,csv_write,N1Z2NAKJxV8,mundial de fútbol,0.0003,100,ok,comment_rows
20260708T080051_1d1da5,2026-07-08T08:05:05.355418+00:00,comment_page_fetch,N1Z2NAKJxV8,mundial de fútbol,0.0929,40,ok,page=3
20260708T080051_1d1da5,2026-07-08T08:05:05.355613+00:00,csv_write,N1Z2NAKJxV8,mundial de fútbol,0.0001,40,ok,comment_rows
20260708T080051_1d1da5,2026-07-08T08:05:05.356126+00:00,csv_write,W08FRzEB8Ok,mundial de fútbol,0.0,1,ok,video_row
20260708T080051_1d1da5,2026-07-08T08:05:05.434060+00:00,comment_page_fetch,W08FRzEB8Ok,mundial de fútbol,0.0778,56,ok,page=1
20260708T080051_1d1da5,2026-07-08T08:05:05.434341+00:00,csv_write,W08FRzEB8Ok,mundial de fútbol,0.0002,56,ok,comment_rows
20260708T080051_1d1da5,2026-07-08T08:05:05.486513+00:00,video_stats_fetch,vB6D36cbdzI,mundial de fútbol,0.052,1,ok,
20260708T080051_1d1da5,2026-07-08T08:05:05.527268+00:00,channel_stats_fetch,vB6D36cbdzI,mundial de fútbol,0.0407,1,ok,
20260708T080051_1d1da5,2026-07-08T08:05:06.684672+00:00,transcript_fetch,vB6D36cbdzI,mundial de fútbol,1.1574,1,skip,no_transcript
20260708T080051_1d1da5,2026-07-08T08:05:06.743356+00:00,thumbnail_download,vB6D36cbdzI,mundial de fútbol,0.0586,1,ok,
20260708T080051_1d1da5,2026-07-08T08:05:06.782968+00:00,video_stats_fetch,6D4O0QhGV-k,mundial de fútbol,0.0396,1,ok,
20260708T080051_1d1da5,2026-07-08T08:05:06.829489+00:00,channel_stats_fetch,6D4O0QhGV-k,mundial de fútbol,0.0465,1,ok,
20260708T080051_1d1da5,2026-07-08T08:05:08.694052+00:00,transcript_fetch,6D4O0QhGV-k,mundial de fútbol,1.8645,1,skip,no_transcript
20260708T080051_1d1da5,2026-07-08T08:05:08.774659+00:00,thumbnail_download,6D4O0QhGV-k,mundial de fútbol,0.0806,1,ok,
20260708T080051_1d1da5,2026-07-08T08:05:08.824662+00:00,video_stats_fetch,w_Zfq-6-OCU,mundial de fútbol,0.0499,1,ok,
20260708T080051_1d1da5,2026-07-08T08:05:08.890674+00:00,channel_stats_fetch,w_Zfq-6-OCU,mundial de fútbol,0.0659,1,ok,
20260708T080051_1d1da5,2026-07-08T08:05:10.076079+00:00,transcript_fetch,w_Zfq-6-OCU,mundial de fútbol,1.1853,1,skip,no_transcript
20260708T080051_1d1da5,2026-07-08T08:05:10.136014+00:00,thumbnail_download,w_Zfq-6-OCU,mundial de fútbol,0.0599,1,ok,
20260708T080051_1d1da5,2026-07-08T08:05:10.172458+00:00,video_stats_fetch,vy_x-SdArks,mundial de fútbol,0.0364,1,ok,
20260708T080051_1d1da5,2026-07-08T08:05:10.212499+00:00,channel_stats_fetch,vy_x-SdArks,mundial de fútbol,0.04,1,ok,
20260708T080051_1d1da5,2026-07-08T08:05:11.408466+00:00,transcript_fetch,vy_x-SdArks,mundial de fútbol,1.1959,1,skip,no_transcript
20260708T080051_1d1da5,2026-07-08T08:05:11.524335+00:00,thumbnail_download,vy_x-SdArks,mundial de fútbol,0.1158,1,ok,
20260708T080051_1d1da5,2026-07-08T08:05:11.574978+00:00,video_stats_fetch,eq8_mhTBzNY,mundial de fútbol,0.0506,1,ok,
20260708T080051_1d1da5,2026-07-08T08:05:11.621096+00:00,channel_stats_fetch,eq8_mhTBzNY,mundial de fútbol,0.0461,1,ok,
20260708T080051_1d1da5,2026-07-08T08:05:12.958087+00:00,transcript_fetch,eq8_mhTBzNY,mundial de fútbol,1.3369,1,skip,no_transcript
20260708T080051_1d1da5,2026-07-08T08:05:13.027947+00:00,thumbnail_download,eq8_mhTBzNY,mundial de fútbol,0.0698,1,ok,
20260708T080051_1d1da5,2026-07-08T08:05:28.213404+00:00,llm_batch_call,,mundial de fútbol,15.1854,5,ok,
20260708T080051_1d1da5,2026-07-08T08:05:28.213762+00:00,csv_write,vB6D36cbdzI,mundial de fútbol,0.0001,1,ok,video_row
20260708T080051_1d1da5,2026-07-08T08:05:28.282965+00:00,comment_page_fetch,vB6D36cbdzI,mundial de fútbol,0.0691,28,ok,page=1
20260708T080051_1d1da5,2026-07-08T08:05:28.283205+00:00,csv_write,vB6D36cbdzI,mundial de fútbol,0.0001,28,ok,comment_rows
20260708T080051_1d1da5,2026-07-08T08:05:28.283589+00:00,csv_write,6D4O0QhGV-k,mundial de fútbol,0.0,1,ok,video_row
20260708T080051_1d1da5,2026-07-08T08:05:28.375966+00:00,comment_page_fetch,6D4O0QhGV-k,mundial de fútbol,0.0923,55,ok,page=1
20260708T080051_1d1da5,2026-07-08T08:05:28.376354+00:00,csv_write,6D4O0QhGV-k,mundial de fútbol,0.0002,55,ok,comment_rows
20260708T080051_1d1da5,2026-07-08T08:05:28.376808+00:00,csv_write,w_Zfq-6-OCU,mundial de fútbol,0.0,1,ok,video_row
20260708T080051_1d1da5,2026-07-08T08:05:28.438961+00:00,comment_page_fetch,w_Zfq-6-OCU,mundial de fútbol,0.062,6,ok,page=1
20260708T080051_1d1da5,2026-07-08T08:05:28.439077+00:00,csv_write,w_Zfq-6-OCU,mundial de fútbol,0.0,6,ok,comment_rows
20260708T080051_1d1da5,2026-07-08T08:05:28.439358+00:00,csv_write,vy_x-SdArks,mundial de fútbol,0.0001,1,ok,video_row
20260708T080051_1d1da5,2026-07-08T08:05:28.535127+00:00,comment_page_fetch,vy_x-SdArks,mundial de fútbol,0.0957,100,ok,page=1
20260708T080051_1d1da5,2026-07-08T08:05:28.535860+00:00,csv_write,vy_x-SdArks,mundial de fútbol,0.0005,100,ok,comment_rows
20260708T080051_1d1da5,2026-07-08T08:05:28.639669+00:00,comment_page_fetch,vy_x-SdArks,mundial de fútbol,0.1038,100,ok,page=2
20260708T080051_1d1da5,2026-07-08T08:05:28.640418+00:00,csv_write,vy_x-SdArks,mundial de fútbol,0.0005,100,ok,comment_rows
20260708T080051_1d1da5,2026-07-08T08:05:28.753440+00:00,comment_page_fetch,vy_x-SdArks,mundial de fútbol,0.113,100,ok,page=3
20260708T080051_1d1da5,2026-07-08T08:05:28.754173+00:00,csv_write,vy_x-SdArks,mundial de fútbol,0.0005,100,ok,comment_rows
20260708T080051_1d1da5,2026-07-08T08:05:28.858364+00:00,comment_page_fetch,vy_x-SdArks,mundial de fútbol,0.1042,100,ok,page=4
20260708T080051_1d1da5,2026-07-08T08:05:28.859136+00:00,csv_write,vy_x-SdArks,mundial de fútbol,0.0006,100,ok,comment_rows
20260708T080051_1d1da5,2026-07-08T08:05:28.957242+00:00,comment_page_fetch,vy_x-SdArks,mundial de fútbol,0.0981,100,ok,page=5
20260708T080051_1d1da5,2026-07-08T08:05:28.957937+00:00,csv_write,vy_x-SdArks,mundial de fútbol,0.0005,100,ok,comment_rows
20260708T080051_1d1da5,2026-07-08T08:05:29.074796+00:00,comment_page_fetch,vy_x-SdArks,mundial de fútbol,0.1168,100,ok,page=6
20260708T080051_1d1da5,2026-07-08T08:05:29.075485+00:00,csv_write,vy_x-SdArks,mundial de fútbol,0.0005,100,ok,comment_rows
20260708T080051_1d1da5,2026-07-08T08:05:29.194154+00:00,comment_page_fetch,vy_x-SdArks,mundial de fútbol,0.1186,100,ok,page=7
20260708T080051_1d1da5,2026-07-08T08:05:29.194877+00:00,csv_write,vy_x-SdArks,mundial de fútbol,0.0005,100,ok,comment_rows
20260708T080051_1d1da5,2026-07-08T08:05:29.278454+00:00,comment_page_fetch,vy_x-SdArks,mundial de fútbol,0.0835,51,ok,page=8
20260708T080051_1d1da5,2026-07-08T08:05:29.278876+00:00,csv_write,vy_x-SdArks,mundial de fútbol,0.0003,51,ok,comment_rows
20260708T080051_1d1da5,2026-07-08T08:05:29.279183+00:00,csv_write,eq8_mhTBzNY,mundial de fútbol,0.0001,1,ok,video_row
20260708T080051_1d1da5,2026-07-08T08:05:29.360249+00:00,comment_page_fetch,eq8_mhTBzNY,mundial de fútbol,0.081,51,ok,page=1
20260708T080051_1d1da5,2026-07-08T08:05:29.360655+00:00,csv_write,eq8_mhTBzNY,mundial de fútbol,0.0002,51,ok,comment_rows
20260708T080051_1d1da5,2026-07-08T08:05:29.401932+00:00,video_stats_fetch,BWtoBIhoL7Q,mundial de fútbol,0.0411,1,ok,
20260708T080051_1d1da5,2026-07-08T08:05:29.443225+00:00,channel_stats_fetch,BWtoBIhoL7Q,mundial de fútbol,0.0412,1,ok,
20260708T080051_1d1da5,2026-07-08T08:05:30.680466+00:00,transcript_fetch,BWtoBIhoL7Q,mundial de fútbol,1.2372,1,skip,no_transcript
20260708T080051_1d1da5,2026-07-08T08:05:30.771410+00:00,thumbnail_download,BWtoBIhoL7Q,mundial de fútbol,0.0909,1,ok,
20260708T080051_1d1da5,2026-07-08T08:05:30.829562+00:00,video_stats_fetch,VY6W-aDkRbU,mundial de fútbol,0.0581,1,ok,
20260708T080051_1d1da5,2026-07-08T08:05:30.872221+00:00,channel_stats_fetch,VY6W-aDkRbU,mundial de fútbol,0.0426,1,ok,
20260708T080051_1d1da5,2026-07-08T08:05:32.370986+00:00,transcript_fetch,VY6W-aDkRbU,mundial de fútbol,1.4987,1,skip,no_transcript
20260708T080051_1d1da5,2026-07-08T08:05:32.495240+00:00,thumbnail_download,VY6W-aDkRbU,mundial de fútbol,0.1242,1,ok,
20260708T080051_1d1da5,2026-07-08T08:05:32.549034+00:00,video_stats_fetch,qeDwRPMBKjM,mundial de fútbol,0.0538,1,ok,
20260708T080051_1d1da5,2026-07-08T08:05:32.592268+00:00,channel_stats_fetch,qeDwRPMBKjM,mundial de fútbol,0.0432,1,ok,
20260708T080051_1d1da5,2026-07-08T08:05:33.946016+00:00,transcript_fetch,qeDwRPMBKjM,mundial de fútbol,1.3537,1,skip,no_transcript
20260708T080051_1d1da5,2026-07-08T08:05:34.004445+00:00,thumbnail_download,qeDwRPMBKjM,mundial de fútbol,0.0584,1,ok,
20260708T080051_1d1da5,2026-07-08T08:05:34.042574+00:00,video_stats_fetch,pgi4-etgUr4,mundial de fútbol,0.0381,1,ok,
20260708T080051_1d1da5,2026-07-08T08:05:34.088007+00:00,channel_stats_fetch,pgi4-etgUr4,mundial de fútbol,0.0454,1,ok,
20260708T080051_1d1da5,2026-07-08T08:05:35.443773+00:00,transcript_fetch,pgi4-etgUr4,mundial de fútbol,1.3557,1,skip,no_transcript
20260708T080051_1d1da5,2026-07-08T08:05:35.502661+00:00,thumbnail_download,pgi4-etgUr4,mundial de fútbol,0.0588,1,ok,
20260708T080051_1d1da5,2026-07-08T08:05:35.572690+00:00,video_stats_fetch,Bog_KcB4Ix0,mundial de fútbol,0.07,1,ok,
20260708T080051_1d1da5,2026-07-08T08:05:35.624882+00:00,channel_stats_fetch,Bog_KcB4Ix0,mundial de fútbol,0.0521,1,ok,
20260708T080051_1d1da5,2026-07-08T08:05:37.110029+00:00,transcript_fetch,Bog_KcB4Ix0,mundial de fútbol,1.4851,1,skip,no_transcript
20260708T080051_1d1da5,2026-07-08T08:05:37.231151+00:00,thumbnail_download,Bog_KcB4Ix0,mundial de fútbol,0.1211,1,ok,
20260708T080051_1d1da5,2026-07-08T08:05:52.204635+00:00,llm_batch_call,,mundial de fútbol,14.9733,5,ok,
20260708T080051_1d1da5,2026-07-08T08:05:52.205120+00:00,csv_write,BWtoBIhoL7Q,mundial de fútbol,0.0,1,ok,video_row
20260708T080051_1d1da5,2026-07-08T08:05:52.301065+00:00,comment_page_fetch,BWtoBIhoL7Q,mundial de fútbol,0.0958,100,ok,page=1
20260708T080051_1d1da5,2026-07-08T08:05:52.301760+00:00,csv_write,BWtoBIhoL7Q,mundial de fútbol,0.0005,100,ok,comment_rows
20260708T080051_1d1da5,2026-07-08T08:05:52.388663+00:00,comment_page_fetch,BWtoBIhoL7Q,mundial de fútbol,0.0869,23,ok,page=2
20260708T080051_1d1da5,2026-07-08T08:05:52.388911+00:00,csv_write,BWtoBIhoL7Q,mundial de fútbol,0.0001,23,ok,comment_rows
20260708T080051_1d1da5,2026-07-08T08:05:52.389414+00:00,csv_write,VY6W-aDkRbU,mundial de fútbol,0.0001,1,ok,video_row
20260708T080051_1d1da5,2026-07-08T08:05:52.458558+00:00,comment_page_fetch,VY6W-aDkRbU,mundial de fútbol,0.069,13,ok,page=1
20260708T080051_1d1da5,2026-07-08T08:05:52.458718+00:00,csv_write,VY6W-aDkRbU,mundial de fútbol,0.0001,13,ok,comment_rows
20260708T080051_1d1da5,2026-07-08T08:05:52.459378+00:00,csv_write,qeDwRPMBKjM,mundial de fútbol,0.0002,1,ok,video_row
20260708T080051_1d1da5,2026-07-08T08:05:52.536432+00:00,comment_page_fetch,qeDwRPMBKjM,mundial de fútbol,0.077,8,ok,page=1
20260708T080051_1d1da5,2026-07-08T08:05:52.536510+00:00,csv_write,qeDwRPMBKjM,mundial de fútbol,0.0,8,ok,comment_rows
20260708T080051_1d1da5,2026-07-08T08:05:52.536937+00:00,csv_write,pgi4-etgUr4,mundial de fútbol,0.0,1,ok,video_row
20260708T080051_1d1da5,2026-07-08T08:05:52.615068+00:00,comment_page_fetch,pgi4-etgUr4,mundial de fútbol,0.078,1,ok,page=1
20260708T080051_1d1da5,2026-07-08T08:05:52.615145+00:00,csv_write,pgi4-etgUr4,mundial de fútbol,0.0,1,ok,comment_rows
20260708T080051_1d1da5,2026-07-08T08:05:52.615574+00:00,csv_write,Bog_KcB4Ix0,mundial de fútbol,0.0,1,ok,video_row
20260708T080051_1d1da5,2026-07-08T08:05:52.734107+00:00,comment_page_fetch,Bog_KcB4Ix0,mundial de fútbol,0.1185,44,ok,page=1
20260708T080051_1d1da5,2026-07-08T08:05:52.734298+00:00,csv_write,Bog_KcB4Ix0,mundial de fútbol,0.0001,44,ok,comment_rows
20260708T080051_1d1da5,2026-07-08T08:05:52.771906+00:00,video_stats_fetch,gQWVJNbXMLk,mundial de fútbol,0.0375,1,ok,
20260708T080051_1d1da5,2026-07-08T08:05:52.824924+00:00,channel_stats_fetch,gQWVJNbXMLk,mundial de fútbol,0.053,1,ok,
20260708T080051_1d1da5,2026-07-08T08:05:53.972465+00:00,transcript_fetch,gQWVJNbXMLk,mundial de fútbol,1.1475,1,skip,no_transcript
20260708T080051_1d1da5,2026-07-08T08:05:54.037643+00:00,thumbnail_download,gQWVJNbXMLk,mundial de fútbol,0.0651,1,ok,
20260708T080051_1d1da5,2026-07-08T08:05:54.100016+00:00,video_stats_fetch,CDp6Ak2aY9Y,mundial de fútbol,0.0623,1,ok,
20260708T080051_1d1da5,2026-07-08T08:05:54.148093+00:00,channel_stats_fetch,CDp6Ak2aY9Y,mundial de fútbol,0.048,1,ok,
20260708T080051_1d1da5,2026-07-08T08:05:55.318746+00:00,transcript_fetch,CDp6Ak2aY9Y,mundial de fútbol,1.1706,1,skip,no_transcript
20260708T080051_1d1da5,2026-07-08T08:05:55.401542+00:00,thumbnail_download,CDp6Ak2aY9Y,mundial de fútbol,0.0827,1,ok,
20260708T080051_1d1da5,2026-07-08T08:05:55.465649+00:00,video_stats_fetch,2KFXMvqQBMY,mundial de fútbol,0.064,1,ok,
20260708T080051_1d1da5,2026-07-08T08:05:55.518706+00:00,channel_stats_fetch,2KFXMvqQBMY,mundial de fútbol,0.053,1,ok,
20260708T080051_1d1da5,2026-07-08T08:05:56.612800+00:00,transcript_fetch,2KFXMvqQBMY,mundial de fútbol,1.094,1,skip,no_transcript
20260708T080051_1d1da5,2026-07-08T08:05:56.668364+00:00,thumbnail_download,2KFXMvqQBMY,mundial de fútbol,0.0555,1,ok,
20260708T080051_1d1da5,2026-07-08T08:05:56.717209+00:00,video_stats_fetch,yUu5JyHc35Y,mundial de fútbol,0.0488,1,ok,
20260708T080051_1d1da5,2026-07-08T08:05:56.769459+00:00,channel_stats_fetch,yUu5JyHc35Y,mundial de fútbol,0.0522,1,ok,
20260708T080051_1d1da5,2026-07-08T08:05:58.078682+00:00,transcript_fetch,yUu5JyHc35Y,mundial de fútbol,1.3092,1,skip,no_transcript
20260708T080051_1d1da5,2026-07-08T08:05:58.158228+00:00,thumbnail_download,yUu5JyHc35Y,mundial de fútbol,0.0795,1,ok,
20260708T080051_1d1da5,2026-07-08T08:05:58.211832+00:00,video_stats_fetch,Fi82yMbWI4Q,mundial de fútbol,0.052,1,ok,
20260708T080051_1d1da5,2026-07-08T08:05:58.260274+00:00,channel_stats_fetch,Fi82yMbWI4Q,mundial de fútbol,0.0484,1,ok,
20260708T080051_1d1da5,2026-07-08T08:05:59.509598+00:00,transcript_fetch,Fi82yMbWI4Q,mundial de fútbol,1.2493,1,skip,no_transcript
20260708T080051_1d1da5,2026-07-08T08:05:59.589438+00:00,thumbnail_download,Fi82yMbWI4Q,mundial de fútbol,0.0798,1,ok,
20260708T080051_1d1da5,2026-07-08T08:06:14.098930+00:00,llm_batch_call,,mundial de fútbol,14.5094,5,ok,
20260708T080051_1d1da5,2026-07-08T08:06:14.099361+00:00,csv_write,gQWVJNbXMLk,mundial de fútbol,0.0001,1,ok,video_row
20260708T080051_1d1da5,2026-07-08T08:06:14.171811+00:00,comment_page_fetch,gQWVJNbXMLk,mundial de fútbol,0.0724,27,ok,page=1
20260708T080051_1d1da5,2026-07-08T08:06:14.172036+00:00,csv_write,gQWVJNbXMLk,mundial de fútbol,0.0001,27,ok,comment_rows
20260708T080051_1d1da5,2026-07-08T08:06:14.172429+00:00,csv_write,CDp6Ak2aY9Y,mundial de fútbol,0.0,1,ok,video_row
20260708T080051_1d1da5,2026-07-08T08:06:14.252627+00:00,comment_page_fetch,CDp6Ak2aY9Y,mundial de fútbol,0.0801,9,ok,page=1
20260708T080051_1d1da5,2026-07-08T08:06:14.252778+00:00,csv_write,CDp6Ak2aY9Y,mundial de fútbol,0.0001,9,ok,comment_rows
20260708T080051_1d1da5,2026-07-08T08:06:14.253141+00:00,csv_write,2KFXMvqQBMY,mundial de fútbol,0.0,1,ok,video_row
20260708T080051_1d1da5,2026-07-08T08:06:14.390499+00:00,comment_page_fetch,2KFXMvqQBMY,mundial de fútbol,0.1372,100,ok,page=1
20260708T080051_1d1da5,2026-07-08T08:06:14.391256+00:00,csv_write,2KFXMvqQBMY,mundial de fútbol,0.0006,100,ok,comment_rows
20260708T080051_1d1da5,2026-07-08T08:06:14.531266+00:00,comment_page_fetch,2KFXMvqQBMY,mundial de fútbol,0.14,100,ok,page=2
20260708T080051_1d1da5,2026-07-08T08:06:14.531991+00:00,csv_write,2KFXMvqQBMY,mundial de fútbol,0.0005,100,ok,comment_rows
20260708T080051_1d1da5,2026-07-08T08:06:14.623898+00:00,comment_page_fetch,2KFXMvqQBMY,mundial de fútbol,0.0919,35,ok,page=3
20260708T080051_1d1da5,2026-07-08T08:06:14.624228+00:00,csv_write,2KFXMvqQBMY,mundial de fútbol,0.0002,35,ok,comment_rows
20260708T080051_1d1da5,2026-07-08T08:06:14.624516+00:00,csv_write,yUu5JyHc35Y,mundial de fútbol,0.0,1,ok,video_row
20260708T080051_1d1da5,2026-07-08T08:06:14.702385+00:00,comment_page_fetch,yUu5JyHc35Y,mundial de fútbol,0.0778,2,ok,page=1
20260708T080051_1d1da5,2026-07-08T08:06:14.702500+00:00,csv_write,yUu5JyHc35Y,mundial de fútbol,0.0,2,ok,comment_rows
20260708T080051_1d1da5,2026-07-08T08:06:14.702817+00:00,csv_write,Fi82yMbWI4Q,mundial de fútbol,0.0,1,ok,video_row
20260708T080051_1d1da5,2026-07-08T08:06:14.772430+00:00,comment_page_fetch,Fi82yMbWI4Q,mundial de fútbol,0.0695,3,ok,page=1
20260708T080051_1d1da5,2026-07-08T08:06:14.772522+00:00,csv_write,Fi82yMbWI4Q,mundial de fútbol,0.0,3,ok,comment_rows
20260708T080051_1d1da5,2026-07-08T08:06:14.825459+00:00,video_stats_fetch,l2_iQ3zqWO0,mundial de fútbol,0.0528,1,ok,
20260708T080051_1d1da5,2026-07-08T08:06:14.874077+00:00,channel_stats_fetch,l2_iQ3zqWO0,mundial de fútbol,0.0486,1,ok,
20260708T080051_1d1da5,2026-07-08T08:06:16.097407+00:00,transcript_fetch,l2_iQ3zqWO0,mundial de fútbol,1.2233,1,skip,no_transcript
20260708T080051_1d1da5,2026-07-08T08:06:16.155758+00:00,thumbnail_download,l2_iQ3zqWO0,mundial de fútbol,0.0583,1,ok,
20260708T080051_1d1da5,2026-07-08T08:06:16.208871+00:00,video_stats_fetch,u56xR2Wmbew,mundial de fútbol,0.0531,1,ok,
20260708T080051_1d1da5,2026-07-08T08:06:16.276957+00:00,channel_stats_fetch,u56xR2Wmbew,mundial de fútbol,0.068,1,ok,
20260708T080051_1d1da5,2026-07-08T08:06:17.391918+00:00,transcript_fetch,u56xR2Wmbew,mundial de fútbol,1.1149,1,skip,no_transcript
20260708T080051_1d1da5,2026-07-08T08:06:17.454360+00:00,thumbnail_download,u56xR2Wmbew,mundial de fútbol,0.0624,1,ok,
20260708T080051_1d1da5,2026-07-08T08:06:17.501832+00:00,video_stats_fetch,4i1Mo4jUpvY,mundial de fútbol,0.0474,1,ok,
20260708T080051_1d1da5,2026-07-08T08:06:17.557605+00:00,channel_stats_fetch,4i1Mo4jUpvY,mundial de fútbol,0.0557,1,ok,
20260708T080051_1d1da5,2026-07-08T08:06:19.050017+00:00,transcript_fetch,4i1Mo4jUpvY,mundial de fútbol,1.4924,1,skip,no_transcript
20260708T080051_1d1da5,2026-07-08T08:06:19.105231+00:00,thumbnail_download,4i1Mo4jUpvY,mundial de fútbol,0.0552,1,ok,
20260708T080051_1d1da5,2026-07-08T08:06:19.169404+00:00,video_stats_fetch,2g4nwSqZGfs,mundial de fútbol,0.0641,1,ok,
20260708T080051_1d1da5,2026-07-08T08:06:19.217096+00:00,channel_stats_fetch,2g4nwSqZGfs,mundial de fútbol,0.0476,1,ok,
20260708T080051_1d1da5,2026-07-08T08:06:20.566638+00:00,transcript_fetch,2g4nwSqZGfs,mundial de fútbol,1.3495,1,skip,no_transcript
20260708T080051_1d1da5,2026-07-08T08:06:20.621272+00:00,thumbnail_download,2g4nwSqZGfs,mundial de fútbol,0.0546,1,ok,
20260708T080051_1d1da5,2026-07-08T08:06:20.662776+00:00,video_stats_fetch,zitUnyRyVwU,mundial de fútbol,0.0414,1,ok,
20260708T080051_1d1da5,2026-07-08T08:06:20.713908+00:00,channel_stats_fetch,zitUnyRyVwU,mundial de fútbol,0.0511,1,ok,
20260708T080051_1d1da5,2026-07-08T08:06:21.917253+00:00,transcript_fetch,zitUnyRyVwU,mundial de fútbol,1.2033,1,skip,no_transcript
20260708T080051_1d1da5,2026-07-08T08:06:21.998955+00:00,thumbnail_download,zitUnyRyVwU,mundial de fútbol,0.0817,1,ok,
20260708T080051_1d1da5,2026-07-08T08:06:35.465323+00:00,llm_batch_call,,mundial de fútbol,13.4661,5,ok,
20260708T080051_1d1da5,2026-07-08T08:06:35.465621+00:00,csv_write,l2_iQ3zqWO0,mundial de fútbol,0.0,1,ok,video_row
20260708T080051_1d1da5,2026-07-08T08:06:35.569390+00:00,comment_page_fetch,l2_iQ3zqWO0,mundial de fútbol,0.1037,73,ok,page=1
20260708T080051_1d1da5,2026-07-08T08:06:35.569752+00:00,csv_write,l2_iQ3zqWO0,mundial de fútbol,0.0002,73,ok,comment_rows
20260708T080051_1d1da5,2026-07-08T08:06:35.570187+00:00,csv_write,u56xR2Wmbew,mundial de fútbol,0.0001,1,ok,video_row
20260708T080051_1d1da5,2026-07-08T08:06:35.665425+00:00,comment_page_fetch,u56xR2Wmbew,mundial de fútbol,0.0952,100,ok,page=1
20260708T080051_1d1da5,2026-07-08T08:06:35.666203+00:00,csv_write,u56xR2Wmbew,mundial de fútbol,0.0006,100,ok,comment_rows
20260708T080051_1d1da5,2026-07-08T08:06:35.754793+00:00,comment_page_fetch,u56xR2Wmbew,mundial de fútbol,0.0886,100,ok,page=2
20260708T080051_1d1da5,2026-07-08T08:06:35.755582+00:00,csv_write,u56xR2Wmbew,mundial de fútbol,0.0006,100,ok,comment_rows
20260708T080051_1d1da5,2026-07-08T08:06:35.824800+00:00,comment_page_fetch,u56xR2Wmbew,mundial de fútbol,0.0692,100,ok,page=3
20260708T080051_1d1da5,2026-07-08T08:06:35.825501+00:00,csv_write,u56xR2Wmbew,mundial de fútbol,0.0005,100,ok,comment_rows
20260708T080051_1d1da5,2026-07-08T08:06:35.888129+00:00,comment_page_fetch,u56xR2Wmbew,mundial de fútbol,0.0626,35,ok,page=4
20260708T080051_1d1da5,2026-07-08T08:06:35.888453+00:00,csv_write,u56xR2Wmbew,mundial de fútbol,0.0002,35,ok,comment_rows
20260708T080051_1d1da5,2026-07-08T08:06:35.888846+00:00,csv_write,4i1Mo4jUpvY,mundial de fútbol,0.0001,1,ok,video_row
20260708T080051_1d1da5,2026-07-08T08:06:35.943758+00:00,comment_page_fetch,4i1Mo4jUpvY,mundial de fútbol,0.0548,28,ok,page=1
20260708T080051_1d1da5,2026-07-08T08:06:35.944037+00:00,csv_write,4i1Mo4jUpvY,mundial de fútbol,0.0002,28,ok,comment_rows
20260708T080051_1d1da5,2026-07-08T08:06:35.944493+00:00,csv_write,2g4nwSqZGfs,mundial de fútbol,0.0,1,ok,video_row
20260708T080051_1d1da5,2026-07-08T08:06:36.039588+00:00,comment_page_fetch,2g4nwSqZGfs,mundial de fútbol,0.095,53,ok,page=1
20260708T080051_1d1da5,2026-07-08T08:06:36.040100+00:00,csv_write,2g4nwSqZGfs,mundial de fútbol,0.0003,53,ok,comment_rows
20260708T080051_1d1da5,2026-07-08T08:06:36.040661+00:00,csv_write,zitUnyRyVwU,mundial de fútbol,0.0,1,ok,video_row
20260708T080051_1d1da5,2026-07-08T08:06:36.163785+00:00,comment_page_fetch,zitUnyRyVwU,mundial de fútbol,0.123,100,ok,page=1
20260708T080051_1d1da5,2026-07-08T08:06:36.164457+00:00,csv_write,zitUnyRyVwU,mundial de fútbol,0.0005,100,ok,comment_rows
20260708T080051_1d1da5,2026-07-08T08:06:36.237505+00:00,comment_page_fetch,zitUnyRyVwU,mundial de fútbol,0.073,34,ok,page=2
20260708T080051_1d1da5,2026-07-08T08:06:36.237789+00:00,csv_write,zitUnyRyVwU,mundial de fútbol,0.0002,34,ok,comment_rows
20260708T080051_1d1da5,2026-07-08T08:06:36.285794+00:00,video_stats_fetch,g-aa7LSfSBc,mundial de fútbol,0.0479,1,ok,
20260708T080051_1d1da5,2026-07-08T08:06:36.329610+00:00,channel_stats_fetch,g-aa7LSfSBc,mundial de fútbol,0.0438,1,ok,
20260708T080051_1d1da5,2026-07-08T08:06:37.527573+00:00,transcript_fetch,g-aa7LSfSBc,mundial de fútbol,1.1979,1,skip,no_transcript
20260708T080051_1d1da5,2026-07-08T08:06:37.636678+00:00,thumbnail_download,g-aa7LSfSBc,mundial de fútbol,0.1091,1,ok,
20260708T080051_1d1da5,2026-07-08T08:06:37.680740+00:00,video_stats_fetch,7yjoENHMdZU,mundial de fútbol,0.044,1,ok,
20260708T080051_1d1da5,2026-07-08T08:06:37.727813+00:00,channel_stats_fetch,7yjoENHMdZU,mundial de fútbol,0.047,1,ok,
20260708T080051_1d1da5,2026-07-08T08:06:38.959705+00:00,transcript_fetch,7yjoENHMdZU,mundial de fútbol,1.2318,1,skip,no_transcript
20260708T080051_1d1da5,2026-07-08T08:06:39.066661+00:00,thumbnail_download,7yjoENHMdZU,mundial de fútbol,0.1069,1,ok,
20260708T080051_1d1da5,2026-07-08T08:06:39.108991+00:00,video_stats_fetch,mlO82JlewcY,mundial de fútbol,0.0423,1,ok,
20260708T080051_1d1da5,2026-07-08T08:06:39.159200+00:00,channel_stats_fetch,mlO82JlewcY,mundial de fútbol,0.0502,1,ok,
20260708T080051_1d1da5,2026-07-08T08:06:40.466305+00:00,transcript_fetch,mlO82JlewcY,mundial de fútbol,1.3071,1,skip,no_transcript
20260708T080051_1d1da5,2026-07-08T08:06:40.545871+00:00,thumbnail_download,mlO82JlewcY,mundial de fútbol,0.0795,1,ok,
20260708T080051_1d1da5,2026-07-08T08:06:40.583776+00:00,video_stats_fetch,YrMhxvl_doo,mundial de fútbol,0.0379,1,ok,
20260708T080051_1d1da5,2026-07-08T08:06:40.623542+00:00,channel_stats_fetch,YrMhxvl_doo,mundial de fútbol,0.0397,1,ok,
20260708T080051_1d1da5,2026-07-08T08:06:42.052953+00:00,transcript_fetch,YrMhxvl_doo,mundial de fútbol,1.4294,1,skip,no_transcript
20260708T080051_1d1da5,2026-07-08T08:06:42.146394+00:00,thumbnail_download,YrMhxvl_doo,mundial de fútbol,0.0934,1,ok,
20260708T080051_1d1da5,2026-07-08T08:06:42.200428+00:00,video_stats_fetch,DB7FG-m7p7g,mundial de fútbol,0.054,1,ok,
20260708T080051_1d1da5,2026-07-08T08:06:42.243987+00:00,channel_stats_fetch,DB7FG-m7p7g,mundial de fútbol,0.0435,1,ok,
20260708T080051_1d1da5,2026-07-08T08:06:43.743505+00:00,transcript_fetch,DB7FG-m7p7g,mundial de fútbol,1.4995,1,skip,no_transcript
20260708T080051_1d1da5,2026-07-08T08:06:43.821097+00:00,thumbnail_download,DB7FG-m7p7g,mundial de fútbol,0.0775,1,ok,
20260708T080051_1d1da5,2026-07-08T08:06:59.854427+00:00,llm_batch_call,,mundial de fútbol,16.0332,5,ok,
20260708T080051_1d1da5,2026-07-08T08:06:59.854625+00:00,csv_write,g-aa7LSfSBc,mundial de fútbol,0.0,1,ok,video_row
20260708T080051_1d1da5,2026-07-08T08:06:59.920685+00:00,comment_page_fetch,g-aa7LSfSBc,mundial de fútbol,0.066,5,ok,page=1
20260708T080051_1d1da5,2026-07-08T08:06:59.920761+00:00,csv_write,g-aa7LSfSBc,mundial de fútbol,0.0,5,ok,comment_rows
20260708T080051_1d1da5,2026-07-08T08:06:59.921067+00:00,csv_write,7yjoENHMdZU,mundial de fútbol,0.0,1,ok,video_row
20260708T080051_1d1da5,2026-07-08T08:06:59.990112+00:00,comment_page_fetch,7yjoENHMdZU,mundial de fútbol,0.069,36,ok,page=1
20260708T080051_1d1da5,2026-07-08T08:06:59.990274+00:00,csv_write,7yjoENHMdZU,mundial de fútbol,0.0001,36,ok,comment_rows
20260708T080051_1d1da5,2026-07-08T08:06:59.990770+00:00,csv_write,YrMhxvl_doo,mundial de fútbol,0.0001,1,ok,video_row
20260708T080051_1d1da5,2026-07-08T08:07:00.058760+00:00,comment_page_fetch,YrMhxvl_doo,mundial de fútbol,0.0679,15,ok,page=1
20260708T080051_1d1da5,2026-07-08T08:07:00.058857+00:00,csv_write,YrMhxvl_doo,mundial de fútbol,0.0,15,ok,comment_rows
20260708T080051_1d1da5,2026-07-08T08:07:00.059152+00:00,csv_write,DB7FG-m7p7g,mundial de fútbol,0.0,1,ok,video_row
20260708T080051_1d1da5,2026-07-08T08:07:00.133199+00:00,comment_page_fetch,DB7FG-m7p7g,mundial de fútbol,0.074,12,ok,page=1
20260708T080051_1d1da5,2026-07-08T08:07:00.133340+00:00,csv_write,DB7FG-m7p7g,mundial de fútbol,0.0,12,ok,comment_rows
20260708T080051_1d1da5,2026-07-08T08:07:00.176377+00:00,video_stats_fetch,v7udIasoxrA,mundial de fútbol,0.0429,1,ok,
20260708T080051_1d1da5,2026-07-08T08:07:00.226938+00:00,channel_stats_fetch,v7udIasoxrA,mundial de fútbol,0.0505,1,ok,
20260708T080051_1d1da5,2026-07-08T08:07:01.874868+00:00,transcript_fetch,v7udIasoxrA,mundial de fútbol,1.6479,1,skip,no_transcript
20260708T080051_1d1da5,2026-07-08T08:07:01.955365+00:00,thumbnail_download,v7udIasoxrA,mundial de fútbol,0.0804,1,ok,
20260708T080051_1d1da5,2026-07-08T08:07:01.995023+00:00,video_stats_fetch,RSDvp1ILQzA,mundial de fútbol,0.0396,1,ok,
20260708T080051_1d1da5,2026-07-08T08:07:02.037739+00:00,channel_stats_fetch,RSDvp1ILQzA,mundial de fútbol,0.0427,1,ok,
20260708T080051_1d1da5,2026-07-08T08:07:03.149727+00:00,transcript_fetch,RSDvp1ILQzA,mundial de fútbol,1.1119,1,skip,no_transcript
20260708T080051_1d1da5,2026-07-08T08:07:03.231468+00:00,thumbnail_download,RSDvp1ILQzA,mundial de fútbol,0.0817,1,ok,
20260708T080051_1d1da5,2026-07-08T08:07:03.269425+00:00,video_stats_fetch,AIB6tTm57xU,mundial de fútbol,0.0379,1,ok,
20260708T080051_1d1da5,2026-07-08T08:07:03.327632+00:00,channel_stats_fetch,AIB6tTm57xU,mundial de fútbol,0.0581,1,ok,
20260708T080051_1d1da5,2026-07-08T08:07:04.508441+00:00,transcript_fetch,AIB6tTm57xU,mundial de fútbol,1.1808,1,skip,no_transcript
20260708T080051_1d1da5,2026-07-08T08:07:04.597152+00:00,thumbnail_download,AIB6tTm57xU,mundial de fútbol,0.0887,1,ok,
20260708T080051_1d1da5,2026-07-08T08:07:04.638076+00:00,video_stats_fetch,Z_taRfVN_AA,mundial de fútbol,0.0409,1,ok,
20260708T080051_1d1da5,2026-07-08T08:07:04.686201+00:00,channel_stats_fetch,Z_taRfVN_AA,mundial de fútbol,0.0481,1,ok,
20260708T080051_1d1da5,2026-07-08T08:07:05.660746+00:00,transcript_fetch,Z_taRfVN_AA,mundial de fútbol,0.9745,1,skip,no_transcript
20260708T080051_1d1da5,2026-07-08T08:07:05.722620+00:00,thumbnail_download,Z_taRfVN_AA,mundial de fútbol,0.0618,1,ok,
20260708T080051_1d1da5,2026-07-08T08:07:05.759893+00:00,video_stats_fetch,ZVoaj3N60R4,mundial de fútbol,0.0372,1,ok,
20260708T080051_1d1da5,2026-07-08T08:07:05.808393+00:00,channel_stats_fetch,ZVoaj3N60R4,mundial de fútbol,0.0484,1,ok,
20260708T080051_1d1da5,2026-07-08T08:07:06.994127+00:00,transcript_fetch,ZVoaj3N60R4,mundial de fútbol,1.1857,1,skip,no_transcript
20260708T080051_1d1da5,2026-07-08T08:07:07.095234+00:00,thumbnail_download,ZVoaj3N60R4,mundial de fútbol,0.1011,1,ok,
20260708T080051_1d1da5,2026-07-08T08:07:21.138007+00:00,llm_batch_call,,mundial de fútbol,14.0426,5,ok,
20260708T080051_1d1da5,2026-07-08T08:07:21.138478+00:00,csv_write,v7udIasoxrA,mundial de fútbol,0.0,1,ok,video_row
20260708T080051_1d1da5,2026-07-08T08:07:21.229180+00:00,comment_page_fetch,v7udIasoxrA,mundial de fútbol,0.0906,9,ok,page=1
20260708T080051_1d1da5,2026-07-08T08:07:21.229262+00:00,csv_write,v7udIasoxrA,mundial de fútbol,0.0,9,ok,comment_rows
20260708T080051_1d1da5,2026-07-08T08:07:21.229669+00:00,csv_write,AIB6tTm57xU,mundial de fútbol,0.0,1,ok,video_row
20260708T080051_1d1da5,2026-07-08T08:07:21.374266+00:00,comment_page_fetch,AIB6tTm57xU,mundial de fútbol,0.1445,20,ok,page=1
20260708T080051_1d1da5,2026-07-08T08:07:21.374469+00:00,csv_write,AIB6tTm57xU,mundial de fútbol,0.0001,20,ok,comment_rows
20260708T080051_1d1da5,2026-07-08T08:07:21.374680+00:00,csv_write,Z_taRfVN_AA,mundial de fútbol,0.0,1,ok,video_row
20260708T080051_1d1da5,2026-07-08T08:07:21.525152+00:00,comment_page_fetch,Z_taRfVN_AA,mundial de fútbol,0.1504,100,ok,page=1
20260708T080051_1d1da5,2026-07-08T08:07:21.525792+00:00,csv_write,Z_taRfVN_AA,mundial de fútbol,0.0005,100,ok,comment_rows
20260708T080051_1d1da5,2026-07-08T08:07:21.651541+00:00,comment_page_fetch,Z_taRfVN_AA,mundial de fútbol,0.1257,61,ok,page=2
20260708T080051_1d1da5,2026-07-08T08:07:21.651978+00:00,csv_write,Z_taRfVN_AA,mundial de fútbol,0.0003,61,ok,comment_rows
20260708T080051_1d1da5,2026-07-08T08:07:21.652415+00:00,csv_write,ZVoaj3N60R4,mundial de fútbol,0.0,1,ok,video_row
20260708T080051_1d1da5,2026-07-08T08:07:21.714112+00:00,comment_page_fetch,ZVoaj3N60R4,mundial de fútbol,0.0616,0,ok,page=1
20260708T080051_1d1da5,2026-07-08T08:07:21.714170+00:00,csv_write,ZVoaj3N60R4,mundial de fútbol,0.0,0,ok,comment_rows
20260708T080051_1d1da5,2026-07-08T08:07:21.766360+00:00,video_stats_fetch,hB6ZtFJSxao,mundial de fútbol,0.0521,1,ok,
20260708T080051_1d1da5,2026-07-08T08:07:21.824115+00:00,channel_stats_fetch,hB6ZtFJSxao,mundial de fútbol,0.0577,1,ok,
20260708T080051_1d1da5,2026-07-08T08:07:23.052864+00:00,transcript_fetch,hB6ZtFJSxao,mundial de fútbol,1.2287,1,skip,no_transcript
20260708T080051_1d1da5,2026-07-08T08:07:23.107013+00:00,thumbnail_download,hB6ZtFJSxao,mundial de fútbol,0.0541,1,ok,
20260708T080051_1d1da5,2026-07-08T08:07:23.171837+00:00,video_stats_fetch,vTP9HXsuw3Y,mundial de fútbol,0.0648,1,ok,
20260708T080051_1d1da5,2026-07-08T08:07:23.251865+00:00,channel_stats_fetch,vTP9HXsuw3Y,mundial de fútbol,0.0799,1,ok,
20260708T080051_1d1da5,2026-07-08T08:07:24.170563+00:00,transcript_fetch,vTP9HXsuw3Y,mundial de fútbol,0.9186,1,skip,no_transcript
20260708T080051_1d1da5,2026-07-08T08:07:24.261253+00:00,thumbnail_download,vTP9HXsuw3Y,mundial de fútbol,0.0906,1,ok,
20260708T080051_1d1da5,2026-07-08T08:07:24.313930+00:00,video_stats_fetch,lDoq7TTI734,mundial de fútbol,0.0526,1,ok,
20260708T080051_1d1da5,2026-07-08T08:07:24.352918+00:00,channel_stats_fetch,lDoq7TTI734,mundial de fútbol,0.0389,1,ok,
20260708T080051_1d1da5,2026-07-08T08:07:25.577759+00:00,transcript_fetch,lDoq7TTI734,mundial de fútbol,1.2248,1,skip,no_transcript
20260708T080051_1d1da5,2026-07-08T08:07:25.728207+00:00,thumbnail_download,lDoq7TTI734,mundial de fútbol,0.1504,1,ok,
20260708T080051_1d1da5,2026-07-08T08:07:25.780596+00:00,video_stats_fetch,y-vCGRBTc1U,mundial de fútbol,0.0523,1,ok,
20260708T080051_1d1da5,2026-07-08T08:07:25.823716+00:00,channel_stats_fetch,y-vCGRBTc1U,mundial de fútbol,0.0431,1,ok,
20260708T080051_1d1da5,2026-07-08T08:07:27.075178+00:00,transcript_fetch,y-vCGRBTc1U,mundial de fútbol,1.2514,1,skip,no_transcript
20260708T080051_1d1da5,2026-07-08T08:07:27.136906+00:00,thumbnail_download,y-vCGRBTc1U,mundial de fútbol,0.0617,1,ok,
20260708T080051_1d1da5,2026-07-08T08:07:27.179188+00:00,video_stats_fetch,C7EUf0Oljeg,mundial de fútbol,0.0422,1,ok,
20260708T080051_1d1da5,2026-07-08T08:07:27.224115+00:00,channel_stats_fetch,C7EUf0Oljeg,mundial de fútbol,0.0449,1,ok,
20260708T080051_1d1da5,2026-07-08T08:07:28.597724+00:00,transcript_fetch,C7EUf0Oljeg,mundial de fútbol,1.3736,1,skip,no_transcript
20260708T080051_1d1da5,2026-07-08T08:07:28.751871+00:00,thumbnail_download,C7EUf0Oljeg,mundial de fútbol,0.1541,1,ok,
20260708T080051_1d1da5,2026-07-08T08:07:44.372521+00:00,llm_batch_call,,mundial de fútbol,15.6205,5,ok,
20260708T080051_1d1da5,2026-07-08T08:07:44.372857+00:00,csv_write,hB6ZtFJSxao,mundial de fútbol,0.0,1,ok,video_row
20260708T080051_1d1da5,2026-07-08T08:07:44.529441+00:00,comment_page_fetch,hB6ZtFJSxao,mundial de fútbol,0.1565,100,ok,page=1
20260708T080051_1d1da5,2026-07-08T08:07:44.530117+00:00,csv_write,hB6ZtFJSxao,mundial de fútbol,0.0005,100,ok,comment_rows
20260708T080051_1d1da5,2026-07-08T08:07:44.718916+00:00,comment_page_fetch,hB6ZtFJSxao,mundial de fútbol,0.1888,100,ok,page=2
20260708T080051_1d1da5,2026-07-08T08:07:44.719617+00:00,csv_write,hB6ZtFJSxao,mundial de fútbol,0.0005,100,ok,comment_rows
20260708T080051_1d1da5,2026-07-08T08:07:44.872809+00:00,comment_page_fetch,hB6ZtFJSxao,mundial de fútbol,0.1532,100,ok,page=3
20260708T080051_1d1da5,2026-07-08T08:07:44.873553+00:00,csv_write,hB6ZtFJSxao,mundial de fútbol,0.0005,100,ok,comment_rows
20260708T080051_1d1da5,2026-07-08T08:07:45.056446+00:00,comment_page_fetch,hB6ZtFJSxao,mundial de fútbol,0.1829,100,ok,page=4
20260708T080051_1d1da5,2026-07-08T08:07:45.057117+00:00,csv_write,hB6ZtFJSxao,mundial de fútbol,0.0005,100,ok,comment_rows
20260708T080051_1d1da5,2026-07-08T08:07:45.190341+00:00,comment_page_fetch,hB6ZtFJSxao,mundial de fútbol,0.1332,100,ok,page=5
20260708T080051_1d1da5,2026-07-08T08:07:45.191024+00:00,csv_write,hB6ZtFJSxao,mundial de fútbol,0.0005,100,ok,comment_rows
20260708T080051_1d1da5,2026-07-08T08:07:45.312971+00:00,comment_page_fetch,hB6ZtFJSxao,mundial de fútbol,0.1219,36,ok,page=6
20260708T080051_1d1da5,2026-07-08T08:07:45.313277+00:00,csv_write,hB6ZtFJSxao,mundial de fútbol,0.0002,36,ok,comment_rows
20260708T080051_1d1da5,2026-07-08T08:07:45.313677+00:00,csv_write,vTP9HXsuw3Y,mundial de fútbol,0.0,1,ok,video_row
20260708T080051_1d1da5,2026-07-08T08:07:45.388507+00:00,comment_page_fetch,vTP9HXsuw3Y,mundial de fútbol,0.0747,36,ok,page=1
20260708T080051_1d1da5,2026-07-08T08:07:45.388782+00:00,csv_write,vTP9HXsuw3Y,mundial de fútbol,0.0002,36,ok,comment_rows
20260708T080051_1d1da5,2026-07-08T08:07:45.389285+00:00,csv_write,lDoq7TTI734,mundial de fútbol,0.0001,1,ok,video_row
20260708T080051_1d1da5,2026-07-08T08:07:45.481708+00:00,comment_page_fetch,lDoq7TTI734,mundial de fútbol,0.0923,100,ok,page=1
20260708T080051_1d1da5,2026-07-08T08:07:45.482372+00:00,csv_write,lDoq7TTI734,mundial de fútbol,0.0005,100,ok,comment_rows
20260708T080051_1d1da5,2026-07-08T08:07:45.578747+00:00,comment_page_fetch,lDoq7TTI734,mundial de fútbol,0.0963,100,ok,page=2
20260708T080051_1d1da5,2026-07-08T08:07:45.579149+00:00,csv_write,lDoq7TTI734,mundial de fútbol,0.0003,100,ok,comment_rows
20260708T080051_1d1da5,2026-07-08T08:07:45.655703+00:00,comment_page_fetch,lDoq7TTI734,mundial de fútbol,0.0765,73,ok,page=3
20260708T080051_1d1da5,2026-07-08T08:07:45.656176+00:00,csv_write,lDoq7TTI734,mundial de fútbol,0.0003,73,ok,comment_rows
20260708T080051_1d1da5,2026-07-08T08:07:45.656594+00:00,csv_write,y-vCGRBTc1U,mundial de fútbol,0.0001,1,ok,video_row
20260708T080051_1d1da5,2026-07-08T08:07:45.802724+00:00,comment_page_fetch,y-vCGRBTc1U,mundial de fútbol,0.146,100,ok,page=1
20260708T080051_1d1da5,2026-07-08T08:07:45.803132+00:00,csv_write,y-vCGRBTc1U,mundial de fútbol,0.0003,100,ok,comment_rows
20260708T080051_1d1da5,2026-07-08T08:07:45.881636+00:00,comment_page_fetch,y-vCGRBTc1U,mundial de fútbol,0.0785,46,ok,page=2
20260708T080051_1d1da5,2026-07-08T08:07:45.881846+00:00,csv_write,y-vCGRBTc1U,mundial de fútbol,0.0001,46,ok,comment_rows
20260708T080051_1d1da5,2026-07-08T08:07:45.945751+00:00,video_stats_fetch,49LB0AUy2VA,mundial de fútbol,0.0638,1,ok,
20260708T080051_1d1da5,2026-07-08T08:07:46.003574+00:00,channel_stats_fetch,49LB0AUy2VA,mundial de fútbol,0.0578,1,ok,
20260708T080051_1d1da5,2026-07-08T08:07:47.160016+00:00,transcript_fetch,49LB0AUy2VA,mundial de fútbol,1.1564,1,skip,no_transcript
20260708T080051_1d1da5,2026-07-08T08:07:47.397442+00:00,thumbnail_download,49LB0AUy2VA,mundial de fútbol,0.2374,1,ok,
20260708T080051_1d1da5,2026-07-08T08:07:47.458102+00:00,video_stats_fetch,zF6-tCqW5qs,mundial de fútbol,0.0606,1,ok,
20260708T080051_1d1da5,2026-07-08T08:07:47.521985+00:00,channel_stats_fetch,zF6-tCqW5qs,mundial de fútbol,0.0638,1,ok,
20260708T080051_1d1da5,2026-07-08T08:07:48.528294+00:00,transcript_fetch,zF6-tCqW5qs,mundial de fútbol,1.0063,1,skip,no_transcript
20260708T080051_1d1da5,2026-07-08T08:07:48.636683+00:00,thumbnail_download,zF6-tCqW5qs,mundial de fútbol,0.1084,1,ok,
20260708T080051_1d1da5,2026-07-08T08:07:48.678058+00:00,video_stats_fetch,9wadkShu708,mundial de fútbol,0.0413,1,ok,
20260708T080051_1d1da5,2026-07-08T08:07:48.717029+00:00,channel_stats_fetch,9wadkShu708,mundial de fútbol,0.0389,1,ok,
20260708T080051_1d1da5,2026-07-08T08:07:49.985595+00:00,transcript_fetch,9wadkShu708,mundial de fútbol,1.2685,1,skip,no_transcript
20260708T080051_1d1da5,2026-07-08T08:07:50.137943+00:00,thumbnail_download,9wadkShu708,mundial de fútbol,0.1523,1,ok,
20260708T080051_1d1da5,2026-07-08T08:07:50.189844+00:00,video_stats_fetch,xZlnsyRsVw8,mundial de fútbol,0.0518,1,ok,
20260708T080051_1d1da5,2026-07-08T08:07:50.234122+00:00,channel_stats_fetch,xZlnsyRsVw8,mundial de fútbol,0.0442,1,ok,
20260708T080051_1d1da5,2026-07-08T08:07:51.404085+00:00,transcript_fetch,xZlnsyRsVw8,mundial de fútbol,1.1699,1,skip,no_transcript
20260708T080051_1d1da5,2026-07-08T08:07:51.480623+00:00,thumbnail_download,xZlnsyRsVw8,mundial de fútbol,0.0765,1,ok,
20260708T080051_1d1da5,2026-07-08T08:07:51.517814+00:00,video_stats_fetch,Hsewaic6U6U,mundial de fútbol,0.0371,1,ok,
20260708T080051_1d1da5,2026-07-08T08:07:51.559211+00:00,channel_stats_fetch,Hsewaic6U6U,mundial de fútbol,0.0413,1,ok,
20260708T080051_1d1da5,2026-07-08T08:07:52.595840+00:00,transcript_fetch,Hsewaic6U6U,mundial de fútbol,1.0366,1,skip,no_transcript
20260708T080051_1d1da5,2026-07-08T08:07:52.648270+00:00,thumbnail_download,Hsewaic6U6U,mundial de fútbol,0.0524,1,ok,
20260708T080051_1d1da5,2026-07-08T08:08:07.376193+00:00,llm_batch_call,,mundial de fútbol,14.7277,5,ok,
20260708T080051_1d1da5,2026-07-08T08:08:07.376791+00:00,csv_write,49LB0AUy2VA,mundial de fútbol,0.0,1,ok,video_row
20260708T080051_1d1da5,2026-07-08T08:08:07.573051+00:00,comment_page_fetch,49LB0AUy2VA,mundial de fútbol,0.1962,100,ok,page=1
20260708T080051_1d1da5,2026-07-08T08:08:07.573783+00:00,csv_write,49LB0AUy2VA,mundial de fútbol,0.0005,100,ok,comment_rows
20260708T080051_1d1da5,2026-07-08T08:08:07.732904+00:00,comment_page_fetch,49LB0AUy2VA,mundial de fútbol,0.1591,100,ok,page=2
20260708T080051_1d1da5,2026-07-08T08:08:07.733659+00:00,csv_write,49LB0AUy2VA,mundial de fútbol,0.0005,100,ok,comment_rows
20260708T080051_1d1da5,2026-07-08T08:08:07.910364+00:00,comment_page_fetch,49LB0AUy2VA,mundial de fútbol,0.1767,100,ok,page=3
20260708T080051_1d1da5,2026-07-08T08:08:07.910798+00:00,csv_write,49LB0AUy2VA,mundial de fútbol,0.0003,100,ok,comment_rows
20260708T080051_1d1da5,2026-07-08T08:08:08.204990+00:00,comment_page_fetch,49LB0AUy2VA,mundial de fútbol,0.2942,100,ok,page=4
20260708T080051_1d1da5,2026-07-08T08:08:08.205410+00:00,csv_write,49LB0AUy2VA,mundial de fútbol,0.0003,100,ok,comment_rows
20260708T080051_1d1da5,2026-07-08T08:08:08.372129+00:00,comment_page_fetch,49LB0AUy2VA,mundial de fútbol,0.1667,100,ok,page=5
20260708T080051_1d1da5,2026-07-08T08:08:08.372565+00:00,csv_write,49LB0AUy2VA,mundial de fútbol,0.0003,100,ok,comment_rows
20260708T080051_1d1da5,2026-07-08T08:08:08.524975+00:00,comment_page_fetch,49LB0AUy2VA,mundial de fútbol,0.1524,100,ok,page=6
20260708T080051_1d1da5,2026-07-08T08:08:08.525374+00:00,csv_write,49LB0AUy2VA,mundial de fútbol,0.0003,100,ok,comment_rows
20260708T080051_1d1da5,2026-07-08T08:08:08.708329+00:00,comment_page_fetch,49LB0AUy2VA,mundial de fútbol,0.1829,100,ok,page=7
20260708T080051_1d1da5,2026-07-08T08:08:08.708735+00:00,csv_write,49LB0AUy2VA,mundial de fútbol,0.0003,100,ok,comment_rows
20260708T080051_1d1da5,2026-07-08T08:08:08.875751+00:00,comment_page_fetch,49LB0AUy2VA,mundial de fútbol,0.167,100,ok,page=8
20260708T080051_1d1da5,2026-07-08T08:08:08.876136+00:00,csv_write,49LB0AUy2VA,mundial de fútbol,0.0003,100,ok,comment_rows
20260708T080051_1d1da5,2026-07-08T08:08:09.095106+00:00,comment_page_fetch,49LB0AUy2VA,mundial de fútbol,0.219,100,ok,page=9
20260708T080051_1d1da5,2026-07-08T08:08:09.095551+00:00,csv_write,49LB0AUy2VA,mundial de fútbol,0.0003,100,ok,comment_rows
20260708T080051_1d1da5,2026-07-08T08:08:09.364861+00:00,comment_page_fetch,49LB0AUy2VA,mundial de fútbol,0.2693,100,ok,page=10
20260708T080051_1d1da5,2026-07-08T08:08:09.365603+00:00,csv_write,49LB0AUy2VA,mundial de fútbol,0.0005,100,ok,comment_rows
20260708T080051_1d1da5,2026-07-08T08:08:09.657876+00:00,comment_page_fetch,49LB0AUy2VA,mundial de fútbol,0.2922,100,ok,page=11
20260708T080051_1d1da5,2026-07-08T08:08:09.658632+00:00,csv_write,49LB0AUy2VA,mundial de fútbol,0.0005,100,ok,comment_rows
20260708T080051_1d1da5,2026-07-08T08:08:09.842414+00:00,comment_page_fetch,49LB0AUy2VA,mundial de fútbol,0.1837,100,ok,page=12
20260708T080051_1d1da5,2026-07-08T08:08:09.843151+00:00,csv_write,49LB0AUy2VA,mundial de fútbol,0.0005,100,ok,comment_rows
20260708T080051_1d1da5,2026-07-08T08:08:10.015489+00:00,comment_page_fetch,49LB0AUy2VA,mundial de fútbol,0.1723,100,ok,page=13
20260708T080051_1d1da5,2026-07-08T08:08:10.016213+00:00,csv_write,49LB0AUy2VA,mundial de fútbol,0.0005,100,ok,comment_rows
20260708T080051_1d1da5,2026-07-08T08:08:10.183872+00:00,comment_page_fetch,49LB0AUy2VA,mundial de fútbol,0.1676,100,ok,page=14
20260708T080051_1d1da5,2026-07-08T08:08:10.184566+00:00,csv_write,49LB0AUy2VA,mundial de fútbol,0.0005,100,ok,comment_rows
20260708T080051_1d1da5,2026-07-08T08:08:10.350046+00:00,comment_page_fetch,49LB0AUy2VA,mundial de fútbol,0.1654,100,ok,page=15
20260708T080051_1d1da5,2026-07-08T08:08:10.350808+00:00,csv_write,49LB0AUy2VA,mundial de fútbol,0.0005,100,ok,comment_rows
20260708T080051_1d1da5,2026-07-08T08:08:10.492273+00:00,comment_page_fetch,49LB0AUy2VA,mundial de fútbol,0.1414,100,ok,page=16
20260708T080051_1d1da5,2026-07-08T08:08:10.492982+00:00,csv_write,49LB0AUy2VA,mundial de fútbol,0.0005,100,ok,comment_rows
20260708T080051_1d1da5,2026-07-08T08:08:10.736518+00:00,comment_page_fetch,49LB0AUy2VA,mundial de fútbol,0.2435,100,ok,page=17
20260708T080051_1d1da5,2026-07-08T08:08:10.737195+00:00,csv_write,49LB0AUy2VA,mundial de fútbol,0.0005,100,ok,comment_rows
20260708T080051_1d1da5,2026-07-08T08:08:10.870251+00:00,comment_page_fetch,49LB0AUy2VA,mundial de fútbol,0.133,100,ok,page=18
20260708T080051_1d1da5,2026-07-08T08:08:10.870966+00:00,csv_write,49LB0AUy2VA,mundial de fútbol,0.0005,100,ok,comment_rows
20260708T080051_1d1da5,2026-07-08T08:08:11.318865+00:00,comment_page_fetch,49LB0AUy2VA,mundial de fútbol,0.4479,100,ok,page=19
20260708T080051_1d1da5,2026-07-08T08:08:11.319525+00:00,csv_write,49LB0AUy2VA,mundial de fútbol,0.0004,100,ok,comment_rows
20260708T080051_1d1da5,2026-07-08T08:08:11.498990+00:00,comment_page_fetch,49LB0AUy2VA,mundial de fútbol,0.1794,100,ok,page=20
20260708T080051_1d1da5,2026-07-08T08:08:11.499684+00:00,csv_write,49LB0AUy2VA,mundial de fútbol,0.0005,100,ok,comment_rows
20260708T080051_1d1da5,2026-07-08T08:08:11.669714+00:00,comment_page_fetch,49LB0AUy2VA,mundial de fútbol,0.17,100,ok,page=21
20260708T080051_1d1da5,2026-07-08T08:08:11.670407+00:00,csv_write,49LB0AUy2VA,mundial de fútbol,0.0005,100,ok,comment_rows
20260708T080051_1d1da5,2026-07-08T08:08:11.870013+00:00,comment_page_fetch,49LB0AUy2VA,mundial de fútbol,0.1996,100,ok,page=22
20260708T080051_1d1da5,2026-07-08T08:08:11.870703+00:00,csv_write,49LB0AUy2VA,mundial de fútbol,0.0005,100,ok,comment_rows
20260708T080051_1d1da5,2026-07-08T08:08:11.997190+00:00,comment_page_fetch,49LB0AUy2VA,mundial de fútbol,0.1265,26,ok,page=23
20260708T080051_1d1da5,2026-07-08T08:08:11.997413+00:00,csv_write,49LB0AUy2VA,mundial de fútbol,0.0001,26,ok,comment_rows
20260708T080051_1d1da5,2026-07-08T08:08:11.997693+00:00,csv_write,9wadkShu708,mundial de fútbol,0.0,1,ok,video_row
20260708T080051_1d1da5,2026-07-08T08:08:12.072976+00:00,comment_page_fetch,9wadkShu708,mundial de fútbol,0.0752,12,ok,page=1
20260708T080051_1d1da5,2026-07-08T08:08:12.073099+00:00,csv_write,9wadkShu708,mundial de fútbol,0.0001,12,ok,comment_rows
20260708T080051_1d1da5,2026-07-08T08:08:12.073404+00:00,csv_write,xZlnsyRsVw8,mundial de fútbol,0.0,1,ok,video_row
20260708T080051_1d1da5,2026-07-08T08:08:12.149528+00:00,comment_page_fetch,xZlnsyRsVw8,mundial de fútbol,0.076,0,ok,page=1
20260708T080051_1d1da5,2026-07-08T08:08:12.149561+00:00,csv_write,xZlnsyRsVw8,mundial de fútbol,0.0,0,ok,comment_rows
20260708T080051_1d1da5,2026-07-08T08:08:12.149814+00:00,csv_write,Hsewaic6U6U,mundial de fútbol,0.0,1,ok,video_row
20260708T080051_1d1da5,2026-07-08T08:08:12.244289+00:00,comment_page_fetch,Hsewaic6U6U,mundial de fútbol,0.0944,100,ok,page=1
20260708T080051_1d1da5,2026-07-08T08:08:12.244655+00:00,csv_write,Hsewaic6U6U,mundial de fútbol,0.0002,100,ok,comment_rows
20260708T080051_1d1da5,2026-07-08T08:08:12.334690+00:00,comment_page_fetch,Hsewaic6U6U,mundial de fútbol,0.09,63,ok,page=2
20260708T080051_1d1da5,2026-07-08T08:08:12.334971+00:00,csv_write,Hsewaic6U6U,mundial de fútbol,0.0002,63,ok,comment_rows
20260708T080051_1d1da5,2026-07-08T08:08:12.335129+00:00,run_end,,,440.7177,1,ok,total_run_seconds=440.72
