tipo;uri;parent_uri;fecha;usuario;id_anonimo;contenido;likes;reposts;replies;media_path;idioma_ia;relevancia_ia;seguidores;texto_citado
POST;at://did:plc:c2bymiikpjbmdtaegboy6ab6/app.bsky.feed.post/3mk75gagflc2p;at://did:plc:c2bymiikpjbmdtaegboy6ab6/app.bsky.feed.post/3mk75gagflc2p;2026-04-23T23:16:59.753Z;laiabalcells.bsky.social;15544CDD4BBBEF2B;All Catalans (including Rosalia and myself) are obsessed with the tradition. Visca Sant Jordi!;5;0;0;;Desconocido;SI;7306;
POST;at://did:plc:pmyexuyh7nm3xznv37xptivv/app.bsky.feed.post/3mk73qd4whc24;at://did:plc:pmyexuyh7nm3xznv37xptivv/app.bsky.feed.post/3mk73qd4whc24;2026-04-23T22:46:50.649Z;huisvrouwblues.bsky.social;B383392551EDC4A6;Nog een spektakelstukje dan #Rosalía #dag2 #Amsterdam #ZiggoDome;5;0;1;;Desconocido;SI;345;
COMENTARIO;at://did:plc:4jsu7k7ggq33le3q6okgxgjq/app.bsky.feed.post/3mk742mk5s22b;at://did:plc:pmyexuyh7nm3xznv37xptivv/app.bsky.feed.post/3mk73qd4whc24;2026-04-23T22:52:36.065Z;meisbaer.bsky.social;63F71A55F94D6377;Die 'wierrook' slinger boven het publiek was erg gaaf!;1;0;1;;Desconocido;SI;;
POST;at://did:plc:rdhrz4igqejlfzfns4hadtlg/app.bsky.feed.post/3mk73dfocl22w;at://did:plc:rdhrz4igqejlfzfns4hadtlg/app.bsky.feed.post/3mk73dfocl22w;2026-04-23T22:39:37.109Z;wilcoboom.bsky.social;7E571C42C4415610;ROSALIA Ziggo Dome 230426;2;0;1;;Desconocido;SI;2460;
COMENTARIO;at://did:plc:kimbccjlimbdxibz5s7nkcyn/app.bsky.feed.post/3mk73nb63ys2s;at://did:plc:rdhrz4igqejlfzfns4hadtlg/app.bsky.feed.post/3mk73dfocl22w;2026-04-23T22:45:07.928Z;davidmichels.bsky.social;2221EACF15896425;roger target acquired;0;0;0;;Desconocido;SI;;
POST;at://did:plc:pmyexuyh7nm3xznv37xptivv/app.bsky.feed.post/3mk73ar3yz224;at://did:plc:pmyexuyh7nm3xznv37xptivv/app.bsky.feed.post/3mk73ar3yz224;2026-04-23T22:38:08.428Z;huisvrouwblues.bsky.social;B383392551EDC4A6;Springen #Rosalía #Amsterdam #dag2 #ZiggoDome;4;0;0;;Desconocido;SI;345;
POST;at://did:plc:pmyexuyh7nm3xznv37xptivv/app.bsky.feed.post/3mk72ijgykc24;at://did:plc:pmyexuyh7nm3xznv37xptivv/app.bsky.feed.post/3mk72ijgykc24;2026-04-23T22:24:35.093Z;huisvrouwblues.bsky.social;B383392551EDC4A6;Wanneer je er geen genoeg van krijgt #Rosalía #Amsterdam #dag2 #ZiggoDome;6;0;0;;Desconocido;SI;345;
POST;at://did:plc:pmyexuyh7nm3xznv37xptivv/app.bsky.feed.post/3mk72b3brnc24;at://did:plc:pmyexuyh7nm3xznv37xptivv/app.bsky.feed.post/3mk72b3brnc24;2026-04-23T22:20:25.361Z;huisvrouwblues.bsky.social;B383392551EDC4A6;Hoogtepunt van de avond: het moment dat Rosalía letterlijk in het middelpunt van de belangstelling staat #Amsterdam #dag2 # ZiggoDome;4;0;0;;Desconocido;SI;345;
POST;at://did:plc:pmyexuyh7nm3xznv37xptivv/app.bsky.feed.post/3mk6zwr7kgk24;at://did:plc:pmyexuyh7nm3xznv37xptivv/app.bsky.feed.post/3mk6zwr7kgk24;2026-04-23T22:14:39.259Z;huisvrouwblues.bsky.social;B383392551EDC4A6;Welke artiest kan hier nog overheen? #Rosalía #dag2 #ZiggoDome;2;0;0;;Desconocido;SI;345;
POST;at://did:plc:pmyexuyh7nm3xznv37xptivv/app.bsky.feed.post/3mk6ztnexuk24;at://did:plc:pmyexuyh7nm3xznv37xptivv/app.bsky.feed.post/3mk6ztnexuk24;2026-04-23T22:12:54.579Z;huisvrouwblues.bsky.social;B383392551EDC4A6;Hoe moet ik deze Rosalía-verslaving nu afbouwen? #FOMO #Amsterdam #dag2 #ZiggoDome;3;0;0;;Desconocido;SI;345;
POST;at://did:plc:pmyexuyh7nm3xznv37xptivv/app.bsky.feed.post/3mk6yzedobs24;at://did:plc:pmyexuyh7nm3xznv37xptivv/app.bsky.feed.post/3mk6yzedobs24;2026-04-23T21:58:12.680Z;huisvrouwblues.bsky.social;B383392551EDC4A6;Ontroerend eind! Rosalía #Amsterdam #dag2 #ZiggoDome;4;0;0;;Desconocido;SI;345;
POST;at://did:plc:pmyexuyh7nm3xznv37xptivv/app.bsky.feed.post/3mk6yun6xuk24;at://did:plc:pmyexuyh7nm3xznv37xptivv/app.bsky.feed.post/3mk6yun6xuk24;2026-04-23T21:55:34.190Z;huisvrouwblues.bsky.social;B383392551EDC4A6;Zo’n optreden wil je toch elke avond! Rosalía #Amsterdam #dag2 #ZiggoDome;2;0;0;;Desconocido;SI;345;
POST;at://did:plc:pmyexuyh7nm3xznv37xptivv/app.bsky.feed.post/3mk6ymrgm5s24;at://did:plc:pmyexuyh7nm3xznv37xptivv/app.bsky.feed.post/3mk6ymrgm5s24;2026-04-23T21:51:10.201Z;huisvrouwblues.bsky.social;B383392551EDC4A6;Heerlijk weer Rosalía #Amsterdam #dag2 #ZiggoDome;3;0;0;;Desconocido;SI;345;
POST;at://did:plc:pmyexuyh7nm3xznv37xptivv/app.bsky.feed.post/3mk6yhxwpik24;at://did:plc:pmyexuyh7nm3xznv37xptivv/app.bsky.feed.post/3mk6yhxwpik24;2026-04-23T21:48:29.246Z;huisvrouwblues.bsky.social;B383392551EDC4A6;Toch nog wel aardige foto’s kunnen maken, ondanks het mindere zicht #Rosalía #dag2 #ZiggoDome;1;0;0;;Desconocido;SI;345;
POST;at://did:plc:pmyexuyh7nm3xznv37xptivv/app.bsky.feed.post/3mk6ydelsk224;at://did:plc:pmyexuyh7nm3xznv37xptivv/app.bsky.feed.post/3mk6ydelsk224;2026-04-23T21:45:54.748Z;huisvrouwblues.bsky.social;B383392551EDC4A6;Einde van deze bijzondere Rosalía-week. Wat een reis! #Amsterdam #2edag #ZiggoDome;4;0;0;;Desconocido;SI;345;
POST;at://did:plc:wxogqgxkbsceibsmxdsgttsk/app.bsky.feed.post/3mk6xwenpos2p;at://did:plc:wxogqgxkbsceibsmxdsgttsk/app.bsky.feed.post/3mk6xwenpos2p;2026-04-23T21:38:38.603Z;liliante.bsky.social;EB18E450DE1BA7C4;Ik zag vanavond Rosalía in de Ziggodome, en het was prachtig, op alle vlakken.;3;0;0;;Desconocido;SI;267;
POST;at://did:plc:whlfoao3kwnm4iqvnjdjfzde/app.bsky.feed.post/3mk6xi7mpfc2w;at://did:plc:whlfoao3kwnm4iqvnjdjfzde/app.bsky.feed.post/3mk6xi7mpfc2w;2026-04-23T21:30:43.566Z;rockandvulcan.bsky.social;1A72F1C14482008B;in m'n eentje naar rosalía gegaan en gejankt bij focu 'ranni. wat een avond.;21;0;4;;Desconocido;SI;2631;
COMENTARIO;at://did:plc:u56irhv63supnbcfmr2ljrgd/app.bsky.feed.post/3mk75ruawj22z;at://did:plc:whlfoao3kwnm4iqvnjdjfzde/app.bsky.feed.post/3mk6xi7mpfc2w;2026-04-23T23:23:29.645Z;joyce-013.bsky.social;E21AF2F7F61803E1;Jaloers!;0;0;0;;Desconocido;SI;;
COMENTARIO;at://did:plc:t45gscrq57biroy5onspmp5i/app.bsky.feed.post/3mk6ydum25c2d;at://did:plc:whlfoao3kwnm4iqvnjdjfzde/app.bsky.feed.post/3mk6xi7mpfc2w;2026-04-23T21:46:11.538Z;huibkoeleman.bsky.social;A59465E1F049FC60;Ze was fantastisch!;0;0;0;;Desconocido;SI;;
COMENTARIO;at://did:plc:hyqnfc7a7mwnnosbnzatjpxu/app.bsky.feed.post/3mk6xtr5tos26;at://did:plc:whlfoao3kwnm4iqvnjdjfzde/app.bsky.feed.post/3mk6xi7mpfc2w;2026-04-23T21:37:11.056Z;kamiklazi.bsky.social;C68379F1E0F22129;Het was fenomenaal!!;0;0;0;;Desconocido;SI;;
COMENTARIO;at://did:plc:6v37ej3s3n77beai77ecrgy4/app.bsky.feed.post/3mkal3q4fv22g;at://did:plc:whlfoao3kwnm4iqvnjdjfzde/app.bsky.feed.post/3mk6xi7mpfc2w;2026-04-24T12:54:19.229Z;alainverheij.bsky.social;9412E2E43B6C851C;Dan waren we er samen in ons eentje. Topavond;0;0;0;;Desconocido;SI;;
POST;at://did:plc:afc3g4yovrv74mlnvafroonx/app.bsky.feed.post/3mk6x6on4qs2z;at://did:plc:afc3g4yovrv74mlnvafroonx/app.bsky.feed.post/3mk6x6on4qs2z;2026-04-23T21:25:23.767Z;loize.bsky.social;DAC438122CF806F0;Nossa gente impactada pelo show da Rosalía;1;0;0;;Desconocido;SI;153;
POST;at://did:plc:uvcalxr5wnk7mcft64lniill/app.bsky.feed.post/3mk6wfnusac2x;at://did:plc:uvcalxr5wnk7mcft64lniill/app.bsky.feed.post/3mk6wfnusac2x;2026-04-23T21:11:24.109Z;eevaliukku.bsky.social;2694E8BF5CD0EE9B;Diepe buiging voor Rosalía. Ze creëerde vanavond een heilige ruimte voor de kunsten: een ode aan beeldende kunst, theater, opera, klassiek, techno. Ik heb weer, voor even, hoop voor de mensheid. ❤️;15;0;2;;Desconocido;SI;2606;
COMENTARIO;at://did:plc:uvcalxr5wnk7mcft64lniill/app.bsky.feed.post/3mk6wrpj6ss2x;at://did:plc:uvcalxr5wnk7mcft64lniill/app.bsky.feed.post/3mk6wfnusac2x;2026-04-23T21:18:08.480Z;eevaliukku.bsky.social;2694E8BF5CD0EE9B;De gabberversie van Berghain 😍 SEINE WUT IST MEINE WUT SEINE LIEBE IST MEINE LIEBE 💥;2;0;0;;Desconocido;SI;;
POST;at://did:plc:6v37ej3s3n77beai77ecrgy4/app.bsky.feed.post/3mk6vnq2f5s2t;at://did:plc:6v37ej3s3n77beai77ecrgy4/app.bsky.feed.post/3mk6vnq2f5s2t;2026-04-23T20:58:01.083Z;alainverheij.bsky.social;9412E2E43B6C851C;Rosalia in Ziggodome komt wel in het rijtje met Leonard Cohen in het olympisch stadion;14;0;0;;Desconocido;SI;3486;
POST;at://did:plc:hlgxymnbav45hdagptv6kbqz/app.bsky.feed.post/3mk6vmcbfbk2a;at://did:plc:hlgxymnbav45hdagptv6kbqz/app.bsky.feed.post/3mk6vmcbfbk2a;2026-04-23T20:57:13.077Z;myrthehilkens.bsky.social;4E5812A73D3468DD;"Mama Mia. 
Als je de kans krijgt; ga naar Rosalía. 
Magnifiek. Ontroerend. Overweldigend. Prachtig. Fantastisch. Wauhahahauw. ❤️";56;2;9;;Desconocido;SI;13225;
COMENTARIO;at://did:plc:wxogqgxkbsceibsmxdsgttsk/app.bsky.feed.post/3mk6xsxdr4k2p;at://did:plc:hlgxymnbav45hdagptv6kbqz/app.bsky.feed.post/3mk6vmcbfbk2a;2026-04-23T21:36:43.987Z;liliante.bsky.social;EB18E450DE1BA7C4;Prachtig he! Een avond om heel lang van na te genieten.;1;0;0;;Desconocido;SI;;
COMENTARIO;at://did:plc:uvcalxr5wnk7mcft64lniill/app.bsky.feed.post/3mk6whu7ug22x;at://did:plc:hlgxymnbav45hdagptv6kbqz/app.bsky.feed.post/3mk6vmcbfbk2a;2026-04-23T21:12:37.873Z;eevaliukku.bsky.social;2694E8BF5CD0EE9B;Ik ben overdonderd;1;0;1;;Desconocido;SI;;
COMENTARIO;at://did:plc:nq2ix2u2vd36ekkqe55q3zys/app.bsky.feed.post/3mk75dhneik2b;at://did:plc:hlgxymnbav45hdagptv6kbqz/app.bsky.feed.post/3mk6vmcbfbk2a;2026-04-23T23:15:26.659Z;marianneka.bsky.social;E2F91C104F8709D7;Ge-weldig, wat een stem en wat een show!;1;0;0;;Desconocido;SI;;
COMENTARIO;at://did:plc:ioj3dmqlwowifija5ph53kdr/app.bsky.feed.post/3mk6vowr7qc2l;at://did:plc:hlgxymnbav45hdagptv6kbqz/app.bsky.feed.post/3mk6vmcbfbk2a;2026-04-23T20:58:41.677Z;jaapfriso.bsky.social;4E2A75BBCC050815;Je citeert ABBA 😍;2;0;0;;Desconocido;SI;;
COMENTARIO;at://did:plc:hyqnfc7a7mwnnosbnzatjpxu/app.bsky.feed.post/3mk6xyv75a226;at://did:plc:hlgxymnbav45hdagptv6kbqz/app.bsky.feed.post/3mk6vmcbfbk2a;2026-04-23T21:40:03.065Z;kamiklazi.bsky.social;C68379F1E0F22129;Niet normaal meer! Een avond vol kunst. Fenomenaal!;2;0;1;;Desconocido;SI;;
COMENTARIO;at://did:plc:hfh6ppbezvbis4xtxgvfengk/app.bsky.feed.post/3mk6wammwys2g;at://did:plc:hlgxymnbav45hdagptv6kbqz/app.bsky.feed.post/3mk6vmcbfbk2a;2026-04-23T21:08:35.031Z;gerardvr.bsky.social;2ABD6930D6D9E0F8;Vertaalde boventiteling?;0;0;1;;Desconocido;SI;;
COMENTARIO;at://did:plc:avuwirqzx7kudzxedz7nmjkn/app.bsky.feed.post/3mk6xithulk2c;at://did:plc:hlgxymnbav45hdagptv6kbqz/app.bsky.feed.post/3mk6vmcbfbk2a;2026-04-23T21:31:04.382Z;markdijkhuis.bsky.social;8B6A1539B847CA81;Jaa, mooi dat je ook ingepakt bent! Wat een show.;2;0;0;;Desconocido;SI;;
COMENTARIO;at://did:plc:6v37ej3s3n77beai77ecrgy4/app.bsky.feed.post/3mk6vo5ehwc2t;at://did:plc:hlgxymnbav45hdagptv6kbqz/app.bsky.feed.post/3mk6vmcbfbk2a;2026-04-23T20:58:15.045Z;alainverheij.bsky.social;9412E2E43B6C851C;Yes;0;0;1;;Desconocido;SI;;
COMENTARIO;at://did:plc:2dhwoyjex6nhescfe2hpq7pq/app.bsky.feed.post/3mk6wa7u3yk2g;at://did:plc:hlgxymnbav45hdagptv6kbqz/app.bsky.feed.post/3mk6vmcbfbk2a;2026-04-23T21:08:21.635Z;eduarddiep.bsky.social;339D8F324BCB0765;Vrouwlief (jarig) en dochter waren er ook. Genoten!!!;1;0;0;;Desconocido;SI;;
POST;at://did:plc:uup2on3uzr6a3sgageemew72/app.bsky.feed.post/3mk6usftsn22e;at://did:plc:uup2on3uzr6a3sgageemew72/app.bsky.feed.post/3mk6usftsn22e;2026-04-23T20:42:44.412Z;corvusregis.bsky.social;E773C781A7D30B82;O Lux da Rosalía;20;4;0;;Desconocido;SI;2644;I may as well reshare it myself 😇
POST;at://did:plc:hyqnfc7a7mwnnosbnzatjpxu/app.bsky.feed.post/3mk6ugktebs26;at://did:plc:hyqnfc7a7mwnnosbnzatjpxu/app.bsky.feed.post/3mk6ugktebs26;2026-04-23T20:36:06.988Z;kamiklazi.bsky.social;C68379F1E0F22129;Wauw!!! Rosalía is echt buitencategorie goed!;5;0;1;;Desconocido;SI;814;
COMENTARIO;at://did:plc:hyqnfc7a7mwnnosbnzatjpxu/app.bsky.feed.post/3mk6wweewbc26;at://did:plc:hyqnfc7a7mwnnosbnzatjpxu/app.bsky.feed.post/3mk6ugktebs26;2026-04-23T21:20:44.566Z;kamiklazi.bsky.social;C68379F1E0F22129;Rosalía is alles! Pop, opera, ballads, techno, Spaans. Pure kunst. Soms letterlijk. Echt nog nket vaak zoiets indrukwekkends meegemaakt!;6;0;0;;Desconocido;SI;;
POST;at://did:plc:gxvizwj4diq227fnax5s52kl/app.bsky.feed.post/3mk6tpiwgys2k;at://did:plc:gxvizwj4diq227fnax5s52kl/app.bsky.feed.post/3mk6tpiwgys2k;2026-04-23T20:23:13.236Z;rosathephox.bsky.social;D35C57A31FAD90BF;"Good news everyone! The title of the Redundancy Review now makes sense again!

Because I have been told I am getting laid off again.

Taking stock of things and getting a milestone to start working on these daily again. Day 289-317 out now!

#writingcommunity #writing #WordPress #WP #unemployed";2;0;0;;Desconocido;SI;70;
POST;at://did:plc:sm26i5lu46qqgy6vl5anun6c/app.bsky.feed.post/3mk6tndn3wc2t;at://did:plc:sm26i5lu46qqgy6vl5anun6c/app.bsky.feed.post/3mk6tndn3wc2t;2026-04-23T20:22:00.580Z;xmorriganx.bsky.social;D50F3565A3708362;cuando empiezo a odiar mi mandíbula cuadriculada pero recuerdo que es la misma que la de mi tatatataratía miss rosalía;0;0;1;;Desconocido;SI;25;
COMENTARIO;at://did:plc:sm26i5lu46qqgy6vl5anun6c/app.bsky.feed.post/3mk6tqgtvoc2t;at://did:plc:sm26i5lu46qqgy6vl5anun6c/app.bsky.feed.post/3mk6tndn3wc2t;2026-04-23T20:23:44.614Z;xmorriganx.bsky.social;D50F3565A3708362;querer modificarla sería antigalleguista debo resistir;0;0;0;;Desconocido;SI;;
POST;at://did:plc:pkufrosc24silyqi2wctxpdi/app.bsky.feed.post/3mk6t6e5evk2o;at://did:plc:pkufrosc24silyqi2wctxpdi/app.bsky.feed.post/3mk6t6e5evk2o;2026-04-23T20:13:37.798Z;pvdp.eurosky.social;802FAB19B711C74D;"Dankzij haar twee shows in Amsterdam wordt m'n profiel van Rosalía uit 2022 weer goed gelezen. Leuk! Lang en hard aan gewerkt destijds, trots op.

🎁: www.nrc.nl/nieuws/2022/...";15;4;1;;Desconocido;SI;650;
COMENTARIO;at://did:plc:tzgx23yryferghu4mlooy2rm/app.bsky.feed.post/3mk7qpgkejs2h;at://did:plc:pkufrosc24silyqi2wctxpdi/app.bsky.feed.post/3mk6t6e5evk2o;2026-04-24T05:02:09.260Z;emkemol.nl;A73D217550C2AA6E;Interessant, dank!;1;0;0;;Desconocido;SI;;
POST;at://did:plc:kwddxyzeu26skuf4ckdx3l3r/app.bsky.feed.post/3mk6sztubtc24;at://did:plc:kwddxyzeu26skuf4ckdx3l3r/app.bsky.feed.post/3mk6sztubtc24;2026-04-23T20:11:06.505Z;bnktop.bsky.social;0CE85D9489F1D51B;Vampire Survivors X Rosalía;1;0;0;;Desconocido;SI;408;
POST;at://did:plc:extqxtsoc4q4qnbmwizooppn/app.bsky.feed.post/3mk6rjtg4l42x;at://did:plc:extqxtsoc4q4qnbmwizooppn/app.bsky.feed.post/3mk6rjtg4l42x;2026-04-23T19:43:19.000Z;triple.jplays.au;AC000A12EC62F2B0;"#NowPlaying
🕠 5:43 am

🎵 Divinize
🧑‍🎤 ROSALÍA
💿 LUX

🎧 Apple Music / YouTube Music

📝 Lyrics";1;0;0;;Desconocido;SI;1147;
POST;at://did:plc:haymfxtcknhpilemtx67ymva/app.bsky.feed.post/3mk6rbjqokc2o;at://did:plc:haymfxtcknhpilemtx67ymva/app.bsky.feed.post/3mk6rbjqokc2o;2026-04-23T19:39:36.853Z;jvdworp.eurosky.social;0749F9981AD190C1;"www.nrc.nl/nieuws/2026/...

7 dagen gratis";2;0;0;;Desconocido;SI;4600;
POST;at://did:plc:2zsiqy2trdksgsxbztnr6ljp/app.bsky.feed.post/3mk6qw7ye622x;at://did:plc:2zsiqy2trdksgsxbztnr6ljp/app.bsky.feed.post/3mk6qw7ye622x;2026-04-23T19:33:17.494Z;fogaodako.bsky.social;68327CA112D7113A;indo ouvir o novo do nine inch nails;1;0;0;;Desconocido;SI;199;
POST;at://did:plc:ddanrakjhr7uyoler4fuskbk/app.bsky.feed.post/3mk6pxefls42l;at://did:plc:ddanrakjhr7uyoler4fuskbk/app.bsky.feed.post/3mk6pxefls42l;2026-04-23T19:16:01.766939Z;concellodacoruna.bsky.social;D585FE35013100D8;"🎶 O RESIS 2026 arrinca no Teatro Rosalía de Castro cunha homenaxe ao compositor estadounidense Morton Feldman

🤝 A alcaldesa, Inés Rey, asistiu a este concerto inaugural";1;0;0;;Desconocido;SI;629;
POST;at://did:plc:7y77b5czc74374mwukeo7vlh/app.bsky.feed.post/3mk6ogewvxc23;at://did:plc:7y77b5czc74374mwukeo7vlh/app.bsky.feed.post/3mk6ogewvxc23;2026-04-23T18:48:38.359Z;eusoufael.bsky.social;376DDECA82C5B52F;Hoje o brinco é em homenagem a Rosália;15;0;1;;Desconocido;SI;871;
COMENTARIO;at://did:plc:7y77b5czc74374mwukeo7vlh/app.bsky.feed.post/3mk6ooyytis23;at://did:plc:7y77b5czc74374mwukeo7vlh/app.bsky.feed.post/3mk6ogewvxc23;2026-04-23T18:53:27.832Z;eusoufael.bsky.social;376DDECA82C5B52F;Meu corretor se recusa a escrever Rosalía;0;0;0;;Desconocido;SI;;
POST;at://did:plc:wxflzklpbcgnto46wvuql75j/app.bsky.feed.post/3mk6mkwxyfe2x;at://did:plc:wxflzklpbcgnto46wvuql75j/app.bsky.feed.post/3mk6mkwxyfe2x;2026-04-23T18:15:23.045Z;noticiaspr.bsky.social;98290AC5D87E9492;"Telemundo presenta el especial ""Billboard Mujeres Latinas en la Música"" el 23 de abril. Homenajes a grandes artistas como Rosalía y Becky G. No te lo pierdas.
www.tvboricuausa.com/2026/04/que-...";1;0;0;;Desconocido;SI;1188;
POST;at://did:plc:xsx3bphrwkgeo3qnfjhzmdra/app.bsky.feed.post/3mk6llmedw22v;at://did:plc:xsx3bphrwkgeo3qnfjhzmdra/app.bsky.feed.post/3mk6llmedw22v;2026-04-23T17:57:52.689Z;hacdias.com;14F1EA480FC8415E;Waiting for ROSALÍA!;4;0;0;;Desconocido;SI;311;
POST;at://did:plc:sdmh72lkx6zss6qoy6uxxhxq/app.bsky.feed.post/3mk6l2rffl225;at://did:plc:sdmh72lkx6zss6qoy6uxxhxq/app.bsky.feed.post/3mk6l2rffl225;2026-04-23T17:48:27.541Z;feirinha.cc;F2D96C610C8D8A39;"Pronta entrega!

LP Rosalía - Lux

R$ 359 com cupom FEIRINHA

www.alvopop.com/produtos/lp-...";0;0;0;;Desconocido;SI;1986;
POST;at://did:plc:scoolg62zej7anmuqtydab2l/app.bsky.feed.post/3mk6kzhm5lc2z;at://did:plc:scoolg62zej7anmuqtydab2l/app.bsky.feed.post/3mk6kzhm5lc2z;2026-04-23T17:47:43.721Z;polux-rbm.bsky.social;09F8089D7DD423E9;"¿Me amenizáis la espera a Rosalía?
ngl.link/polux_rbm2";1;0;1;;Desconocido;SI;1167;
COMENTARIO;at://did:plc:scoolg62zej7anmuqtydab2l/app.bsky.feed.post/3mk6l45uoik2z;at://did:plc:scoolg62zej7anmuqtydab2l/app.bsky.feed.post/3mk6kzhm5lc2z;2026-04-23T17:49:14.175Z;polux-rbm.bsky.social;09F8089D7DD423E9;Creo que casi todo lo sabe alguien aunque hay muchas cosas sólo lo saben 1-3 personas y no tienen por qué siempre las mismas. No tengo nada de que avergonzarme;0;0;1;;Desconocido;SI;;
POST;at://did:plc:hlgxymnbav45hdagptv6kbqz/app.bsky.feed.post/3mk6k6nteas2a;at://did:plc:hlgxymnbav45hdagptv6kbqz/app.bsky.feed.post/3mk6k6nteas2a;2026-04-23T17:32:44.276Z;myrthehilkens.bsky.social;4E5812A73D3468DD;Nog een uurtje en dan begint het. Rosalia. Elke kunstenaar die in AI-tijden een orkestbak aan muzikanten mee op tour neemt, is ❤️;32;1;6;;Desconocido;SI;13225;
COMENTARIO;at://did:plc:uvcalxr5wnk7mcft64lniill/app.bsky.feed.post/3mk6kalt7nk24;at://did:plc:hlgxymnbav45hdagptv6kbqz/app.bsky.feed.post/3mk6k6nteas2a;2026-04-23T17:33:49.287Z;eevaliukku.bsky.social;2694E8BF5CD0EE9B;Ook onderweg! 🤩;1;0;0;;Desconocido;SI;;
COMENTARIO;at://did:plc:tvmuadg36n6x3nvph36tikte/app.bsky.feed.post/3mk6vj6atck25;at://did:plc:hlgxymnbav45hdagptv6kbqz/app.bsky.feed.post/3mk6k6nteas2a;2026-04-23T20:55:28.203Z;janverbeek.bsky.social;A5E1F9373C93C93C;Wat gaaf, ben je geweest?;0;0;0;;Desconocido;SI;;
COMENTARIO;at://did:plc:ppjnurkj2uzgjgly375oabvc/app.bsky.feed.post/3mk6k7ik5rc2x;at://did:plc:hlgxymnbav45hdagptv6kbqz/app.bsky.feed.post/3mk6k6nteas2a;2026-04-23T17:33:12.290Z;willematthea.bsky.social;1FC799C5FE111F16;Veel plezier!;1;0;0;;Desconocido;SI;;
COMENTARIO;at://did:plc:nwikvfd6cautq5tdte23ezfe/app.bsky.feed.post/3mk6m7rmzq224;at://did:plc:hlgxymnbav45hdagptv6kbqz/app.bsky.feed.post/3mk6k6nteas2a;2026-04-23T18:09:09.305Z;petersmit.bsky.social;A3A5BC89F652FFE8;Heel veel zin in inderdaad!;0;0;0;;Desconocido;SI;;
COMENTARIO;at://did:plc:klupeqszl4i4qxjjsiv75lrl/app.bsky.feed.post/3mk6nl76cfk2f;at://did:plc:hlgxymnbav45hdagptv6kbqz/app.bsky.feed.post/3mk6k6nteas2a;2026-04-23T18:33:26.343Z;ericktim.bsky.social;C5BBB01C6D9D8539;Orkest is aan het stemmen..;0;0;0;;Desconocido;SI;;
COMENTARIO;at://did:plc:c3gbvbqbtpzpmsyy75hhkawn/app.bsky.feed.post/3mk6py547v22v;at://did:plc:hlgxymnbav45hdagptv6kbqz/app.bsky.feed.post/3mk6k6nteas2a;2026-04-23T19:16:27.869Z;spaansolijfje.bsky.social;89D90728731F8AEC;"Geweldig voor je
Hier in España is ze nr 1 🕺🏻";0;0;0;;Desconocido;SI;;
POST;at://did:plc:e4pfq3e7wgtbqcsqea4rja4k/app.bsky.feed.post/3mk6k3gou222n;at://did:plc:e4pfq3e7wgtbqcsqea4rja4k/app.bsky.feed.post/3mk6k3gou222n;2026-04-23T17:30:56.120Z;anotherhuman.bsky.social;B95C8FEDED17DF5D;"Who is your birthday twin? 
25 September ♎";2;0;0;;Desconocido;SI;558;"Who is your Birthday Twin? 

May 24th ♊"
POST;at://did:plc:toz4no26o2x4vsbum7cp4bxp/app.bsky.feed.post/3mk6khoveoj2s;at://did:plc:toz4no26o2x4vsbum7cp4bxp/app.bsky.feed.post/3mk6khoveoj2s;2026-04-23T17:22:58.000000Z;news-flows-nl.bsky.social;3B79BE16037D399A;"Spaans supertalent Rosalía krijgt Ziggo Dome muisstil: 'Soort engelenstem'

Nog niet zo lang geleden deed bij de meesten de naam Rosalía (33) nog geen belletje rinkelen, maar inmiddels is de Spaanse superster niet meer weg te denken uit de hitlijsten. Met haar album 'Lux' verpulverde ze vorig...";0;0;0;;Desconocido;SI;583;
POST;at://did:plc:pizuday5ucu3bxp244lgaxu3/app.bsky.feed.post/3mk6ije5sj22k;at://did:plc:pizuday5ucu3bxp244lgaxu3/app.bsky.feed.post/3mk6ije5sj22k;2026-04-23T17:02:55.263Z;jfkmen.bsky.social;57DE058F89EAABBC;"Kunst als rode draad

📸: © JFK
https://jfk.men/entertainment/stage-design-rosalia-lux-tour/";0;0;0;;Desconocido;SI;11;
POST;at://did:plc:lhtew3t7j3kuh47bckq37ueq/app.bsky.feed.post/3mk6ienn62s2f;at://did:plc:lhtew3t7j3kuh47bckq37ueq/app.bsky.feed.post/3mk6ienn62s2f;2026-04-23T17:00:17.912Z;wildwillowmagazine.bsky.social;4028D3ED3712E1AF;"CALLING HISPANIC WRITERS AND ARTISTS! Our new issue is going to be completely dedicated to the Hispanic community, complete with Guest Editors: Diana Rodriguez Wallach (@dianawallachauthor) and Rosália Rodrigo (@rosalia.rodrigo.writes)! 🤩🎉

A message from our EIC below 🧵";0;0;1;;Desconocido;SI;767;
COMENTARIO;at://did:plc:lhtew3t7j3kuh47bckq37ueq/app.bsky.feed.post/3mk6if5a2vs2f;at://did:plc:lhtew3t7j3kuh47bckq37ueq/app.bsky.feed.post/3mk6ienn62s2f;2026-04-23T17:00:17.913Z;wildwillowmagazine.bsky.social;4028D3ED3712E1AF;With everything going on in the world right now, I think the Hispanic community really needs a space where we can lift each other up. The Ceiba tree is a symbol in Puerto Rico of resilience and hope, and I’m aiming for this to be an issue where Hispanic voices can come together and be heard.;1;0;1;;Desconocido;SI;;
POST;at://did:plc:cov6pwd7ajm2wgkrgbpej2f3/app.bsky.feed.post/3mk6hs4nuqs2e;at://did:plc:cov6pwd7ajm2wgkrgbpej2f3/app.bsky.feed.post/3mk6hs4nuqs2e;2026-04-23T16:46:51.238Z;pontevedraviva-bot.bsky.social;3A28431C475EE072;"Máis de 500 escolares celebran o Día do Libro co certame ""Canta Rosalía""

https://www.pontevedraviva.com/gl/cultura/mais-500-escolares-celebran-dia-libro-certame-canta-rosalia_516650_102.html";0;0;0;;Desconocido;SI;116;
POST;at://did:plc:qjkl3slluwlwyjmziw7257zd/app.bsky.feed.post/3mk6hkn6cp32y;at://did:plc:qjkl3slluwlwyjmziw7257zd/app.bsky.feed.post/3mk6hkn6cp32y;2026-04-23T16:45:44+00:00;huffingtonpost.es;1EDD4ED0F2CC4115;Uno de los diarios más importantes de Países Bajos describe a Rosalía con una frase que resonará en España dozz.es/iuz1t3;0;0;0;;Desconocido;SI;8888;
POST;at://did:plc:a5hwxqdhpqu77wkw3f526vk2/app.bsky.feed.post/3mk6lx2qta3l2;at://did:plc:a5hwxqdhpqu77wkw3f526vk2/app.bsky.feed.post/3mk6lx2qta3l2;2026-04-23T16:36:24.000Z;pontevedraviva.com.web.brid.gy;CDD5485698988DE6;;0;0;0;;Desconocido;SI;21;
POST;at://did:plc:2u4v43ddzpwz54nbvx6zcgk6/app.bsky.feed.post/3mk6g66glyc2v;at://did:plc:2u4v43ddzpwz54nbvx6zcgk6/app.bsky.feed.post/3mk6g66glyc2v;2026-04-23T16:20:53.165Z;plushie.rip;74BA70C8F084C3FF;i still think abt that leaked frank ocean & rosalia collab;2;0;1;;Desconocido;SI;128;
COMENTARIO;at://did:plc:2u4v43ddzpwz54nbvx6zcgk6/app.bsky.feed.post/3mk6ggzo3ac2v;at://did:plc:2u4v43ddzpwz54nbvx6zcgk6/app.bsky.feed.post/3mk6g66glyc2v;2026-04-23T16:25:50.158Z;plushie.rip;74BA70C8F084C3FF;wehhhhh how would u not release thissss;1;0;1;;Desconocido;SI;;
POST;at://did:plc:iqvpqzejtme232aq5z64wlal/app.bsky.feed.post/3mk6g2gtkgo2o;at://did:plc:iqvpqzejtme232aq5z64wlal/app.bsky.feed.post/3mk6g2gtkgo2o;2026-04-23T16:18:47+00:00;laregion.es;453C2DCF5CCB8A28;"🛩 El aeropuerto de Santiago-Rosalía de Castro cierra durante 35 días por obras en su pista, desde el 23 de abril hasta el 27 de mayo

Toda la operativa aérea de Galicia se traslada temporalmente a A Coruña y Vigo ⬇
 leer.laregion.es/5tft…";0;0;0;;Desconocido;SI;388;
POST;at://did:plc:25aput7vswdovcul5c5k4df2/app.bsky.feed.post/3mk6e7wng5c25;at://did:plc:25aput7vswdovcul5c5k4df2/app.bsky.feed.post/3mk6e7wng5c25;2026-04-23T15:46:04.625Z;deepdivewithshawn.bsky.social;6B4DD6EF601521C5;"Epic 

#rosalia #britawards #bjork";2;0;0;;Desconocido;SI;1565;
POST;at://did:plc:kifc2p7zxhjpcs3a7devy5kp/app.bsky.feed.post/3mk6cknp6uc2h;at://did:plc:kifc2p7zxhjpcs3a7devy5kp/app.bsky.feed.post/3mk6cknp6uc2h;2026-04-23T15:16:16.858Z;piterr.bsky.social;84B54465247725FD;Voor een ieder die vanavond naar Rosalía gaat: het wordt je beste concert ooit.;0;0;1;;Desconocido;SI;547;
COMENTARIO;at://did:plc:tzxs4eju2vgwytqvwqfnf6i5/app.bsky.feed.post/3mk6dkjhyuc2w;at://did:plc:kifc2p7zxhjpcs3a7devy5kp/app.bsky.feed.post/3mk6cknp6uc2h;2026-04-23T15:34:06.174Z;bezemer67.bsky.social;CBCAB316F9F15470;Mee eens.;0;0;0;;Desconocido;SI;;
POST;at://did:plc:yzg6awu2at2m4tmpow6ezpky/app.bsky.feed.post/3mk6ch7nv7s2d;at://did:plc:yzg6awu2at2m4tmpow6ezpky/app.bsky.feed.post/3mk6ch7nv7s2d;2026-04-23T15:14:21.476Z;mesembria.bsky.social;10B22517A3EAD3C2;"a gata na gringa no show da rosalía postando 20 stories com a legenda ""artista"" kkkkk tá bem";0;0;0;;Desconocido;SI;197;
POST;at://did:plc:zzbpvnwurzheabujcgftoyfp/app.bsky.feed.post/3mk6cbdikez2c;at://did:plc:zzbpvnwurzheabujcgftoyfp/app.bsky.feed.post/3mk6cbdikez2c;2026-04-23T17:11:03+02:00;paroolrss.bsky.social;077149964235ACDE;Rosalía pakt groots uit in de Ziggo Dome en zet een vocaal én visueel spektakel neer | www.parool.nl/kunst-media/rosalia-in-de-ziggo-dome-een-vocaal-spectakel~b759bace | #parool #kunst #media;0;0;0;;Desconocido;SI;49;
POST;at://did:plc:p6qwavbqwqobd2cecvndyz56/app.bsky.feed.post/3mk6a43i2xy2a;at://did:plc:p6qwavbqwqobd2cecvndyz56/app.bsky.feed.post/3mk6a43i2xy2a;2026-04-23T14:32:05.525Z;depo-es-bot.bsky.social;38932194AD091FF8;"Luis López recoñece a implicación compartida entre a Deputación e a mocidade da provincia pola lectura e a difusión da literatura, da lingua e da cultura galegas

https://www.depo.gal/gl/w/noticia-luis-lopez-celebracion-dia-libro-entrega-premios-canta-rosalia-deputacion-23-04-2026?redirect=%2Fnoti";1;0;0;;Desconocido;SI;76;
POST;at://did:plc:7yjpbvkrufbi6bjeoqp7dlkk/app.bsky.feed.post/3mk672tedkh2i;at://did:plc:7yjpbvkrufbi6bjeoqp7dlkk/app.bsky.feed.post/3mk672tedkh2i;2026-04-23T14:13:44.689602+00:00;elperiodicocat.eurosky.social;D7205CBD859D1B45;"Vídeo  Emocionant abraçada de Rosalía amb Loli Bahia en el seu concert d’Amsterdam

https://www.elperiodico.cat/ca/oci-i-cultura/20260423/video--emocionant-abracada-de-129423677?utm_source=rss-noticias&utm_medium=feed&utm_campaign=oci-i-cultura";0;0;0;;Desconocido;SI;86;
POST;at://did:plc:v5q7mceusoc2eswkmsa4bpvc/app.bsky.feed.post/3mk6efidtisq2;at://did:plc:v5q7mceusoc2eswkmsa4bpvc/app.bsky.feed.post/3mk6efidtisq2;2026-04-23T14:07:21.000Z;diariodepontevedra.es.web.brid.gy;08E2EC395128EE50;;0;0;0;;Desconocido;SI;114;
POST;at://did:plc:ntbkjzkatqtw4p2ngfkvm7ov/app.bsky.feed.post/3mk66kihusy2x;at://did:plc:ntbkjzkatqtw4p2ngfkvm7ov/app.bsky.feed.post/3mk66kihusy2x;2026-04-23T14:04:36.150575Z;ara.cat;934F099A61EA6CBD;Rosalía ha debutat com a actriu a la sèrie Euphoria interpretant Magick, una ballarina de pole dance en un club de striptease. La cantant catalana s'ha pogut veure e...  ;0;0;0;;Desconocido;SI;8478;
POST;at://did:plc:hvlqnnvqcbq6vivfrxw54fbf/app.bsky.feed.post/3mk65gtylzk2e;at://did:plc:hvlqnnvqcbq6vivfrxw54fbf/app.bsky.feed.post/3mk65gtylzk2e;2026-04-23T13:44:40.535Z;oormagazine.bsky.social;FB9B64061D8C6FB0;Rosalía is de onbetwiste ster in de Ziggo Dome, maar samen met het orkest en de dansers, wordt het optreden een kunstwerk dat discipline en kunde ádemt.;2;0;0;;Desconocido;SI;822;
POST;at://did:plc:qznwsy2xbnzuctaphtdc4rcx/app.bsky.feed.post/3mk64zlux2k2o;at://did:plc:qznwsy2xbnzuctaphtdc4rcx/app.bsky.feed.post/3mk64zlux2k2o;2026-04-23T13:37:15.808Z;rosersol.bsky.social;3AEEBCB6F417F849;www.artmajeur.com/roser-sola/e... #promotion #artist #ArtMajeur;2;1;0;;Desconocido;SI;12;
POST;at://did:plc:kyw6geqldhybvk7innpg7lae/app.bsky.feed.post/3mk64wx377k2g;at://did:plc:kyw6geqldhybvk7innpg7lae/app.bsky.feed.post/3mk64wx377k2g;2026-04-23T13:35:46.863Z;callanbentley.bsky.social;9923DF3A8F8A65C4;Multiple reverse-graded debris flow deposits of basaltic clasts overlain by the basal limestone that records initial transgression of the Gulf of California. Below the Hotel El Morro in Santa Rosalia, BCS. ⚒️;28;5;2;;Desconocido;SI;3506;
COMENTARIO;at://did:plc:kyw6geqldhybvk7innpg7lae/app.bsky.feed.post/3mk662l4ucc2g;at://did:plc:kyw6geqldhybvk7innpg7lae/app.bsky.feed.post/3mk64wx377k2g;2026-04-23T13:55:42.316Z;callanbentley.bsky.social;9923DF3A8F8A65C4;Here is that same flooding surface recorded at another site. At this one, the limestone includes bivalve shells and a pumice rich ash bed that yielded 4 zircons that all said it was 6.3 Ma: a superb constraint on the story of the evolution of the Gulf. ⚒️;14;2;1;;Desconocido;SI;;
COMENTARIO;at://did:plc:3i66ijpznjeytfqk4qbq64yd/app.bsky.feed.post/3mk66akcuo22c;at://did:plc:kyw6geqldhybvk7innpg7lae/app.bsky.feed.post/3mk64wx377k2g;2026-04-23T13:59:02.801Z;gizmotron.bsky.social;C329D7C985AAB871;That's an amazing record of that event! ❤️;1;0;0;;Desconocido;SI;;
POST;at://did:plc:xytal2nqiiao73hwz45lvlhh/app.bsky.feed.post/3mk64v7mtw22t;at://did:plc:xytal2nqiiao73hwz45lvlhh/app.bsky.feed.post/3mk64v7mtw22t;2026-04-23T13:34:48.753Z;djuur.bsky.social;2DA4634E300E39AA;simplesmente novia robot da Rosalía pqp;0;0;0;;Desconocido;SI;123;
POST;at://did:plc:h2xnjsbrdhff2bcw7whc637u/app.bsky.feed.post/3mk64an57wc2e;at://did:plc:h2xnjsbrdhff2bcw7whc637u/app.bsky.feed.post/3mk64an57wc2e;2026-04-23T13:23:18.278Z;monontiveros.bsky.social;087BA5FF233BFA7B;Aprovechando que el Pisuerga pasa por el Tiny Desk, quiero decir como si le interesara a alguien que Amaia me interesa 97 veces más que Rosalía como artista y 893 veces más como persona.;22;3;1;;Desconocido;SI;2537;
COMENTARIO;at://did:plc:3msgok5fyf5uzbjbdbk23web/app.bsky.feed.post/3mk6wtr2pvs2m;at://did:plc:h2xnjsbrdhff2bcw7whc637u/app.bsky.feed.post/3mk64an57wc2e;2026-04-23T21:19:17.211Z;nestormarts.eurosky.social;C2E0C6A42505F256;Justo estaba pensando yo eso, que si me dan a elegir me quedo con Amaia, sin dudar.;2;0;1;;Desconocido;SI;;
POST;at://did:plc:zpm65tkpb3s4hh2rknn4lcsu/app.bsky.feed.post/3mk633j3ofk2u;at://did:plc:zpm65tkpb3s4hh2rknn4lcsu/app.bsky.feed.post/3mk633j3ofk2u;2026-04-23T13:02:32.515Z;laslagrimas.bsky.social;17453BC6CDA808CF;"Rosalía de Castro en Buenos Aires, en la ""quinta provincia gallega"". Argentina, país que recibió a tantos emigrantes.

""En el cielo, en la tierra, en lo insondable
yo te hallaré y me hallarás.
No, no puedo acabar lo que es eterno,
ni puede tener fin la inmensidad"".";2;0;0;;Desconocido;SI;948;
POST;at://did:plc:toz4no26o2x4vsbum7cp4bxp/app.bsky.feed.post/3mk634f6asq2q;at://did:plc:toz4no26o2x4vsbum7cp4bxp/app.bsky.feed.post/3mk634f6asq2q;2026-04-23T12:57:10.000000Z;news-flows-nl.bsky.social;3B79BE16037D399A;"Rosalía neemt Ziggo Dome via ballet, opera en reggaeton mee naar biechtstoel

De verwachtingen voor de concerten van Rosalía in de Ziggo Dome waren hooggespannen. Haar album LUX werd in november met de ene na de andere vijfsterrenrecensie ontvangen. Ze brengt de plaat tot leven met een orkest,...";0;0;0;;Desconocido;SI;583;
POST;at://did:plc:soukaxvfinjyrfb6ldiwspur/app.bsky.feed.post/3mk62myalhs2w;at://did:plc:soukaxvfinjyrfb6ldiwspur/app.bsky.feed.post/3mk62myalhs2w;2026-04-23T12:54:25.090Z;antvir.bsky.social;31811BAAF639A98E;"Rosalia en papier 🦭
#furry #Furrsona #furryart #drawing";3;0;0;;Desconocido;SI;7;
POST;at://did:plc:35lraeod2gevfwqz7y47smej/app.bsky.feed.post/3mk62brj3ps2d;at://did:plc:35lraeod2gevfwqz7y47smej/app.bsky.feed.post/3mk62brj3ps2d;2026-04-23T12:48:08.931Z;luischinaski.bsky.social;BAC7EEDBF7524BB5;Todo la emoción que buscaba cuando se lanzó Lux de Rosalía me la ha dado el single de Focu Ranni ❤️;5;0;0;;Desconocido;SI;986;
POST;at://did:plc:kokw4cwsqwv4nxuvn7encjz4/app.bsky.feed.post/3mk627t5v5t27;at://did:plc:kokw4cwsqwv4nxuvn7encjz4/app.bsky.feed.post/3mk627t5v5t27;2026-04-23T12:47:03+00:00;elconstitucional.bsky.social;AADB667C90DB0805;#MásFama Así ha sido el emotivo y espontáneo abrazo de Rosalía a Loli Bahía en su concierto de Ámsterdam que ha encendido las redes;1;0;0;;Desconocido;SI;82;
POST;at://did:plc:otxzomvjfdnly26dmjirmepj/app.bsky.feed.post/3mk5zktfo522o;at://did:plc:otxzomvjfdnly26dmjirmepj/app.bsky.feed.post/3mk5zktfo522o;2026-04-23T12:35:19.164Z;betosalui.bsky.social;E6966ABD3C99C189;"Marvilloso. Sé que creo una falsa disyuntiva pero no he podido pensar ""prefiero Amaia a Rosalía"". Conecto más con esto e insisto que no son incompatibles. Por cierto, la baterista es Abril Saurí. La sigo, @abril_drums en IG. Es una gran profesional. Desconocía su faceta de corista, espectacular.";8;0;2;;Desconocido;SI;2523;"Amaia en Tyni Desk.

Wiiiiiiiiiiiiiiiiiiiiiiiiiiiiiiiiiii!

youtu.be/6tCjflXY9CM

#Amaia"
COMENTARIO;at://did:plc:6owdf3annb7nkkjsaemg2g6u/app.bsky.feed.post/3mk63d5yugs27;at://did:plc:otxzomvjfdnly26dmjirmepj/app.bsky.feed.post/3mk5zktfo522o;2026-04-23T13:06:49.328Z;javiermarin.com;DE2A1B3A61B24288;"Qué suerte tenemos de haber coincidido en el tiempo con Amaia y con Rosalía.
Y con la NPR. 😅";0;0;0;;Desconocido;SI;;
COMENTARIO;at://did:plc:6ndhvxwfnwqhyq35ukipidig/app.bsky.feed.post/3mk5zomsz6s23;at://did:plc:otxzomvjfdnly26dmjirmepj/app.bsky.feed.post/3mk5zktfo522o;2026-04-23T12:37:26.478Z;martmarracha.bsky.social;69AB436BD971FAEE;Quiero tantísimo a Amaia desde 2017...🥹💔;1;0;0;;Desconocido;SI;;
POST;at://did:plc:lg6hkdrtipy2it5hxwgv4a62/app.bsky.feed.post/3mk5z7yniyc2f;at://did:plc:lg6hkdrtipy2it5hxwgv4a62/app.bsky.feed.post/3mk5z7yniyc2f;2026-04-23T12:29:15.565Z;mattsteinglass.bsky.social;EE52161C9CB2278A;Rosalia's performance in Amsterdam last night was rather amazing. Europe, sex, god and everything they connect to. Obsessed women in the crowd wearing white headscarves. Crowd looking not to be entertained but converted. www.volkskrant.nl/cultuur-medi...;12;0;0;;Desconocido;SI;36178;
POST;at://did:plc:242hfv4ddbhlirrqknq4ldqr/app.bsky.feed.post/3mk5wb5irrk27;at://did:plc:242hfv4ddbhlirrqknq4ldqr/app.bsky.feed.post/3mk5wb5irrk27;2026-04-23T11:36:12.983Z;rtvegalicia.bsky.social;F1C26E676C44BA9D;⏺️ LAVACOLLA PECHADO | Primeiro día co aeroporto Rosalía de Castro de Santiago pechado | Hoxe comezan as obras para mellorar o pavimento, que durarán 35 días | Verémolo no Telexornal, ás 13:55 e ás 15:45 en La1 de Tve;0;0;0;;Desconocido;SI;60;
POST;at://did:plc:h7k27pvkesdm763fm3aawrdz/app.bsky.feed.post/3mk5vxie3mf2i;at://did:plc:h7k27pvkesdm763fm3aawrdz/app.bsky.feed.post/3mk5vxie3mf2i;2026-04-23T11:30:47.516Z;bellotaferrol.bsky.social;0FB951931CB76F0D;"En @vozferrol: Rosalía Fernández, psicóloga de la AECC: ""Ante un diagnóstico en nuestro entorno hay que estar presente, pero no ser pesado""";0;0;0;;Desconocido;SI;97;
POST;at://did:plc:toz4no26o2x4vsbum7cp4bxp/app.bsky.feed.post/3mk5wpaxnyr2s;at://did:plc:toz4no26o2x4vsbum7cp4bxp/app.bsky.feed.post/3mk5wpaxnyr2s;2026-04-23T11:27:18.000000Z;news-flows-nl.bsky.social;3B79BE16037D399A;"Bij de Spaanse superster Rosalía komt alles samen in een uitbarsting van energie

In een creatieve tour de force schakelde de Spaanse zangeres Rosalía met haar in de zaal opgestelde orkest moeiteloos tussen opera, rave en amapiano, terwijl ze en pointe op spitzen danste en de Venus van Milo...";0;0;0;;Desconocido;SI;583;
POST;at://did:plc:au27wxfys4qqf2426ww4dt54/app.bsky.feed.post/3mk5ugmdgq22d;at://did:plc:au27wxfys4qqf2426ww4dt54/app.bsky.feed.post/3mk5ugmdgq22d;2026-04-23T11:03:28.825Z;drewesoudman.bsky.social;AAFBA2EBF7A41560;www.trouw.nl/recensies/bi...;0;0;0;;Desconocido;SI;273;
POST;at://did:plc:au27wxfys4qqf2426ww4dt54/app.bsky.feed.post/3mk5uf7khb22d;at://did:plc:au27wxfys4qqf2426ww4dt54/app.bsky.feed.post/3mk5uf7khb22d;2026-04-23T11:02:41.868Z;drewesoudman.bsky.social;AAFBA2EBF7A41560;youtu.be/MbyioTEaNCA?...;0;0;0;;Desconocido;SI;273;
POST;at://did:plc:3moffezjkyetnoaje3cuthrf/app.bsky.feed.post/3mk5u2f56qk2w;at://did:plc:3moffezjkyetnoaje3cuthrf/app.bsky.feed.post/3mk5u2f56qk2w;2026-04-23T10:56:38.627Z;lpichinin.bsky.social;2F2EA1AD71EA50F2;"mane rosalia ou anira 
chega de rivalidade feminina 
ainda mais entre latinas!!";0;0;0;;Desconocido;SI;352;
POST;at://did:plc:7v5wvv4w2huipjlg2aslprwr/app.bsky.feed.post/3mk5swdboyc2c;at://did:plc:7v5wvv4w2huipjlg2aslprwr/app.bsky.feed.post/3mk5swdboyc2c;2026-04-23T10:36:28.717Z;abmusikred.bsky.social;6731F6E1DE65D612;Det är svårt att beskriva en show med Rosalía. Var ska man ens börja? Markus Larsson ser den katalanska superstjärnan i Amsterdam.;1;0;0;;Desconocido;SI;592;
POST;at://did:plc:o6ggjvnj4ze3mnrpnv5oravg/app.bsky.feed.post/3mk5rgaco2u2x;at://did:plc:o6ggjvnj4ze3mnrpnv5oravg/app.bsky.feed.post/3mk5rgaco2u2x;2026-04-23T10:09:33.979376+00:00;longtail-news.bsky.social;F8198016D5914651;"Feed: ""Newsroom Panama""
Published on Wednesday, April 22, 2026";0;0;0;;Desconocido;SI;2261;
POST;at://did:plc:eme6hsdrrl6wo4nbsgdiv3qo/app.bsky.feed.post/3mk5pyhak6c2e;at://did:plc:eme6hsdrrl6wo4nbsgdiv3qo/app.bsky.feed.post/3mk5pyhak6c2e;2026-04-23T09:43:58.757Z;icmsevilla.bsky.social;1866A1939E7B4AA9;"❓ Pregunta a científicos y científicas @casacienciasevcsic.bsky.social 

La investigadora Rosalía Poyato  acerca a los más pequeños al mundo de las cerámicas avanzadas y sus aplicaciones en energía, medio ambiente y salud 🔬🌍
#PreguntaACientíficos  #ScienceForKids 

www.linkedin.com/posts/casa-d...";2;1;0;;Desconocido;SI;31;
POST;at://did:plc:p5slhrxccr233isukwrueomr/app.bsky.feed.post/3mk5pgpe2nc2p;at://did:plc:p5slhrxccr233isukwrueomr/app.bsky.feed.post/3mk5pgpe2nc2p;2026-04-23T09:34:03.278Z;overmuziek.eurosky.social;E465EB6E187DAD72;ROSALÍA was weergaloos. Shoutout naar de Nederlandse ondertiteling: “neuken tot je van me houdt!” ✨;0;0;0;;Desconocido;SI;823;
POST;at://did:plc:porhmaaojmqazn7ej2pviue5/app.bsky.feed.post/3mk5pb3jzd22y;at://did:plc:porhmaaojmqazn7ej2pviue5/app.bsky.feed.post/3mk5pb3jzd22y;2026-04-23T09:30:54.712420+00:00;rac1.eurosky.social;9E1C877F96E54052;"La directora d'orquestra del Lux Tour sorprèn a l'aeroport de Barcelona tocant un tema de Rosalía al piano

https://www.rac1.cat/gent/20260423/340090/directora-d-orquestra-lux-tour-sorpren-l-aeroport-barcelona-tocant-tema-rosalia-piano-lv.html";0;0;0;;Desconocido;SI;211;
POST;at://did:plc:5cwk7qetdhwqfvqlavbobfpy/app.bsky.feed.post/3mk5oxz2buk26;at://did:plc:5cwk7qetdhwqfvqlavbobfpy/app.bsky.feed.post/3mk5oxz2buk26;2026-04-23T09:25:50.127Z;rosamassague.bsky.social;7B7A0B5BA96E81B7;"Aquí deixo algunes idees de llibres que parlen de música. A @politicaprosa.bsky.social 
politicaprosa.com/de-wagner-i-...";1;1;0;;Desconocido;SI;160;
POST;at://did:plc:pizuday5ucu3bxp244lgaxu3/app.bsky.feed.post/3mk5nqxz5je2p;at://did:plc:pizuday5ucu3bxp244lgaxu3/app.bsky.feed.post/3mk5nqxz5je2p;2026-04-23T09:03:57.650Z;jfkmen.bsky.social;57DE058F89EAABBC;"Het is pas mei, maar Amsterdam heeft zijn beste optreden van het jaar al gehad

📸: © JFK
https://jfk.men/entertainment/rosalia-live-ziggo-dome-review/";0;0;1;;Desconocido;SI;11;
COMENTARIO;at://did:plc:myyedi7tkhesifjh4xncr4nc/app.bsky.feed.post/3mk5sz3tuds24;at://did:plc:pizuday5ucu3bxp244lgaxu3/app.bsky.feed.post/3mk5nqxz5je2p;2026-04-23T10:38:01.588Z;davidschoenmaker.eurosky.social;480BE23FA1DCF897;En dat in april;0;0;0;;Desconocido;SI;;
POST;at://did:plc:7ebiv57njmxoqidecbdqpb3p/app.bsky.feed.post/3mk5noep3wk25;at://did:plc:7ebiv57njmxoqidecbdqpb3p/app.bsky.feed.post/3mk5noep3wk25;2026-04-23T09:02:32.910601Z;revistamongolia.bsky.social;12C546CDAF733524;Ufff el confesionario de Rosalía;20;3;1;;Desconocido;SI;13058;
COMENTARIO;at://did:plc:q75sfnprgu2fqckhm74w5qhr/app.bsky.feed.post/3mk5ox6dirioo;at://did:plc:7ebiv57njmxoqidecbdqpb3p/app.bsky.feed.post/3mk5noep3wk25;2026-04-23T09:25:22.120Z;juanesteban.art;EBDE1A9108C8BAB4;Un careo con Corina.;0;0;0;;Desconocido;SI;;
POST;at://did:plc:sw7sitfsqqxslwzqksjc2txv/app.bsky.feed.post/3mk5l3tqxi22e;at://did:plc:sw7sitfsqqxslwzqksjc2txv/app.bsky.feed.post/3mk5l3tqxi22e;2026-04-23T08:16:23.831Z;kelzor.bsky.social;ECBCE4540B083754;Por favor, que algún periodista valiente le pregunte por su libro favorito y que se está leyendo ahora.;24;4;2;;Desconocido;SI;2948;
COMENTARIO;at://did:plc:sw7sitfsqqxslwzqksjc2txv/app.bsky.feed.post/3mk5ljzv7pc23;at://did:plc:sw7sitfsqqxslwzqksjc2txv/app.bsky.feed.post/3mk5l3tqxi22e;2026-04-23T08:24:20.025Z;kelzor.bsky.social;ECBCE4540B083754;Oh, fuck, el nuevo sistema de carrusel de imágenes de Bluesky va a fastidiar muchísimos posts ahora, ¿verdad?;1;0;2;;Desconocido;SI;;
COMENTARIO;at://did:plc:4ggwqb7qgf4piuuw2ikq6osa/app.bsky.feed.post/3mk5mw63fnq24;at://did:plc:sw7sitfsqqxslwzqksjc2txv/app.bsky.feed.post/3mk5l3tqxi22e;2026-04-23T08:48:59.920Z;factoryslut.at.app.wafrn.net;4A0C2427B06C6BB8;JSKDJFJSBDIDNDHDJDNDJDJD;1;0;0;;Desconocido;SI;;
POST;at://did:plc:mbk6swbkailvqu277emwu7ja/app.bsky.feed.post/3mk5jexnwbc2i;at://did:plc:mbk6swbkailvqu277emwu7ja/app.bsky.feed.post/3mk5jexnwbc2i;2026-04-23T07:45:42.433Z;jeanique.bsky.social;4A681DEE3B80A911;Had hier al bij willen zijn en nu nog meer www.volkskrant.nl/cultuur-medi...;1;1;1;;Desconocido;SI;2355;
COMENTARIO;at://did:plc:itk2k6yfhehyfnhfocf4mur7/app.bsky.feed.post/3mk6jiicvbs2y;at://did:plc:mbk6swbkailvqu277emwu7ja/app.bsky.feed.post/3mk5jexnwbc2i;2026-04-23T17:20:20.300Z;evabbl.bsky.social;0E997C3F56E8E09A;Same;0;0;0;;Desconocido;SI;;
POST;at://did:plc:kz7u7qx5zzgatcd2rsq6crac/app.bsky.feed.post/3mk5ijokxhl2x;at://did:plc:kz7u7qx5zzgatcd2rsq6crac/app.bsky.feed.post/3mk5ijokxhl2x;2026-04-23T07:30:25.609Z;elperiodico.com;3D05C31BA2A72C21;Vídeo | Emocionante abrazo de Rosalía con Loli Bahia en su concierto de Ámsterdam;0;0;0;;Desconocido;SI;8084;
POST;at://did:plc:ythu5ecnpc3zl3m4gmzxdaul/app.bsky.feed.post/3mk5l5z5wgoj2;at://did:plc:ythu5ecnpc3zl3m4gmzxdaul/app.bsky.feed.post/3mk5l5z5wgoj2;2026-04-23T07:29:35.000Z;ilfattoquotidiano.it.web.brid.gy;1347A966151CF69F;;0;0;0;;Desconocido;SI;76;
POST;at://did:plc:zr5kzmo4k7ynqoev4jewvrkh/app.bsky.feed.post/3mk5i7yuwcc2g;at://did:plc:zr5kzmo4k7ynqoev4jewvrkh/app.bsky.feed.post/3mk5i7yuwcc2g;2026-04-23T07:25:02.192Z;leoblokhuis.bsky.social;099FF9B05AF91602;"Rosalía, wat verpletterend mooi, creatief en indrukwekkend. 
@ziggodome.bsky.social";17;0;1;;Desconocido;SI;7280;
COMENTARIO;at://did:plc:tzxs4eju2vgwytqvwqfnf6i5/app.bsky.feed.post/3mk5jn24qbs2m;at://did:plc:zr5kzmo4k7ynqoev4jewvrkh/app.bsky.feed.post/3mk5i7yuwcc2g;2026-04-23T07:50:13.452Z;bezemer67.bsky.social;CBCAB316F9F15470;"Ik kan het niet beter omschrijven.

Erg leuk en gepassioneerd publiek ook.";0;0;0;;Desconocido;SI;;
POST;at://did:plc:k2wtsv2ge4ldediq7ienbi3b/app.bsky.feed.post/3mk5i6sjc4k2h;at://did:plc:k2wtsv2ge4ldediq7ienbi3b/app.bsky.feed.post/3mk5i6sjc4k2h;2026-04-23T07:24:21.970Z;rikvantoor.bsky.social;4E657373FF11F261;Gisteren heel bewust niet 100 euro uitgegeven aan een last minute Rosalía ticket, maar nu toch fomo achteraf;2;0;1;;Desconocido;SI;284;
COMENTARIO;at://did:plc:k2wtsv2ge4ldediq7ienbi3b/app.bsky.feed.post/3mk6xoa5or22z;at://did:plc:k2wtsv2ge4ldediq7ienbi3b/app.bsky.feed.post/3mk5i6sjc4k2h;2026-04-23T21:34:05.452Z;rikvantoor.bsky.social;4E657373FF11F261;Iedereen die ik ken blijkt wel gegaan te zijn geloof ik;0;0;0;;Desconocido;SI;;
POST;at://did:plc:er5wp4rxivn5xmjn7yjbggt6/app.bsky.feed.post/3mk5holiioc2o;at://did:plc:er5wp4rxivn5xmjn7yjbggt6/app.bsky.feed.post/3mk5holiioc2o;2026-04-23T07:15:17.734Z;verasiemons.bsky.social;2E0C9B45FBE2E209;ROSALÍA live > The Passion;9;0;2;;Desconocido;SI;1428;
COMENTARIO;at://did:plc:sldvg347tpc3573sbd53yd55/app.bsky.feed.post/3mk5hq7qilc2z;at://did:plc:er5wp4rxivn5xmjn7yjbggt6/app.bsky.feed.post/3mk5holiioc2o;2026-04-23T07:16:12.521Z;sahn.bsky.social;EDC41D974E817C79;Alles > de passion;2;0;1;;Desconocido;SI;;
COMENTARIO;at://did:plc:aiy5vjkxbd5qjmpt5537k6io/app.bsky.feed.post/3mk6ihxa23k2g;at://did:plc:er5wp4rxivn5xmjn7yjbggt6/app.bsky.feed.post/3mk5holiioc2o;2026-04-23T17:02:08.639Z;erwintijms.bsky.social;8C4741445BEB009E;Niet eens een impopular opinion.;0;0;0;;Desconocido;SI;;
POST;at://did:plc:4fmzfhdft6wyi432jjtzunuo/app.bsky.feed.post/3mk5hfhtmq42s;at://did:plc:4fmzfhdft6wyi432jjtzunuo/app.bsky.feed.post/3mk5hfhtmq42s;2026-04-23T07:10:10.000Z;luk.eurosky.social;C427F44B3680C1B1;Mais qu’ils sont nuuuls;0;0;1;;Desconocido;SI;368;
COMENTARIO;at://did:plc:4fmzfhdft6wyi432jjtzunuo/app.bsky.feed.post/3mkiopnrbjs2c;at://did:plc:4fmzfhdft6wyi432jjtzunuo/app.bsky.feed.post/3mk5hfhtmq42s;2026-04-27T18:20:26.988Z;luk.eurosky.social;C427F44B3680C1B1;Mais qu'il est nuuuuuuuul bsky.app/profile/kunt...;0;0;0;;Desconocido;SI;;
POST;at://did:plc:pkufrosc24silyqi2wctxpdi/app.bsky.feed.post/3mk5ggixqxk2p;at://did:plc:pkufrosc24silyqi2wctxpdi/app.bsky.feed.post/3mk5ggixqxk2p;2026-04-23T06:52:52.910Z;pvdp.eurosky.social;802FAB19B711C74D;Rosalia was gisteravond heel erg goed in vorm. Onvermoeibaar, vrolijk, sterk, lief, scherp. Haar stem beter dan ooit, en de productie smaakvol en precies groots genoeg om soms nog intiem te kunnen zijn. Sommige theaterstukjes duurden wel te lang, en groot nadeel was de enorme golden circle die 1/2;2;0;1;;Desconocido;SI;650;
COMENTARIO;at://did:plc:pkufrosc24silyqi2wctxpdi/app.bsky.feed.post/3mk5ggiy6n22p;at://did:plc:pkufrosc24silyqi2wctxpdi/app.bsky.feed.post/3mk5ggixqxk2p;2026-04-23T06:52:52.911Z;pvdp.eurosky.social;802FAB19B711C74D;veel ruimte van de zaal afhakte. En ook het orkest stond midden in de zaal, waardoor het nog krapper was. Ik heb zeldzaam ongemakkelijk gestaan in de Ziggo Dome. Dat orkest heb ik overigens ook nooit gezien, kwam er pas na vier songs achter dat het er was. Net niet lekker uitgedacht.;0;0;1;;Desconocido;SI;;
POST;at://did:plc:64ax4jkfua4kiumvrmmnmobj/app.bsky.feed.post/3mk5g6ozcrc2v;at://did:plc:64ax4jkfua4kiumvrmmnmobj/app.bsky.feed.post/3mk5g6ozcrc2v;2026-04-23T06:48:30.817Z;elviracaneda.bsky.social;29957A1FB57407A8;"Prachtig concert van een prachtige artist! #Rosalía 🌹 #Amsterdam #GlobalLib 🌎
www.volkskrant.nl/cultuur-medi...";0;0;0;;Desconocido;SI;208;
POST;at://did:plc:eyc66y5qx6izymsqzxdxv2lb/app.bsky.feed.post/3mk5g4j3ig22n;at://did:plc:eyc66y5qx6izymsqzxdxv2lb/app.bsky.feed.post/3mk5g4j3ig22n;2026-04-23T06:47:17.486Z;sunriseforever.bsky.social;F41FC9D0905BC53C;"Leed, no seáis tan analfabetos como el susodicho y toda su panda de serviles analfabetos.

El analfabetismo conduce a la estupidez y esta a la incongruente, la cual te acaba situando en el lado de lo banal!

Abajo un banalista!

www.eldiario.es/rastreador/f...";3;1;1;;Desconocido;SI;356;
COMENTARIO;at://did:plc:3h4rdvjkdpqazd4wqsaf66kq/app.bsky.feed.post/3mk6bj2nnas2r;at://did:plc:eyc66y5qx6izymsqzxdxv2lb/app.bsky.feed.post/3mk5g4j3ig22n;2026-04-23T14:57:29.592Z;kalima-monzonica.bsky.social;8E2BC7548771D69C;Es imposible ser más analfabeto que Fakejoo, y encima habla como sentando cátedra, a mí se me sale el pis del descojone.;2;0;1;;Desconocido;SI;;
POST;at://did:plc:ass4aukj7qniiiswynzx24xa/app.bsky.feed.post/3mk5f6pqg4k25;at://did:plc:ass4aukj7qniiiswynzx24xa/app.bsky.feed.post/3mk5f6pqg4k25;2026-04-23T06:30:37.682Z;volkskrant.nl;D402538121720B29;Minimaal decor geeft meesterlijke Rosalía de ruimte – Ziggo Dome blijft verpletterd achter;5;1;0;;Desconocido;SI;31877;
POST;at://did:plc:eieeh72wpkh2dbdifkissxrx/app.bsky.feed.post/3mk5do322bs2p;at://did:plc:eieeh72wpkh2dbdifkissxrx/app.bsky.feed.post/3mk5do322bs2p;2026-04-23T06:03:25.516Z;vdflier.bsky.social;79FC0CAD2EA0DCB8;Gisteren Rosalía. Waanzinnig goed!;0;0;0;;Desconocido;SI;61;
POST;at://did:plc:wekbqjnmwhs5rtpdheudp56p/app.bsky.feed.post/3mk5dewzvmt2w;at://did:plc:wekbqjnmwhs5rtpdheudp56p/app.bsky.feed.post/3mk5dewzvmt2w;2026-04-23T05:58:19.287920+00:00;rafaeldeleonbot.bsky.social;E961437538086467;Que tengo en la calabaza / visitar una joyería / pa comprarle un siete plazas / a mi novia Rosalía.;0;0;0;;Desconocido;SI;8;
POST;at://did:plc:s52rcs4sir6g2oq5nd4hf2b5/app.bsky.feed.post/3mk5azdy4ck2r;at://did:plc:s52rcs4sir6g2oq5nd4hf2b5/app.bsky.feed.post/3mk5azdy4ck2r;2026-04-23T05:16:02.762Z;johnbosma.bsky.social;3647FAAE2DA1B1FB;youtube.com/watch?v=htQB...;0;0;0;;Desconocido;SI;487;
POST;at://did:plc:alqz74jxktlvenr62qos47as/app.bsky.feed.post/3mk57padb6s2t;at://did:plc:alqz74jxktlvenr62qos47as/app.bsky.feed.post/3mk57padb6s2t;2026-04-23T04:52:29.647Z;dvschend.bsky.social;3C21AC7394BD955E;"""Rosalía mikt op de heiligverklaring in Ziggo Dome"".

Mijn review + foto's en video's van Rosalía gisteravond in Ziggo Dome staan nu online:

reviewnl.wordpress.com/2026/04/23/r...

#rosalia #luxtour #ziggodome";1;0;1;;Desconocido;SI;77;
COMENTARIO;at://did:plc:alqz74jxktlvenr62qos47as/app.bsky.feed.post/3mk57t6idpk2t;at://did:plc:alqz74jxktlvenr62qos47as/app.bsky.feed.post/3mk57padb6s2t;2026-04-23T04:54:41.935Z;dvschend.bsky.social;3C21AC7394BD955E;"Plus de video van het prachtige ""La perla""

www.youtube.com/watch?v=YTwT...

#rosalia #luxtour #ziggodome";0;0;0;;Desconocido;SI;;
POST;at://did:plc:7fq77ywjddp4kaju2gklzi77/app.bsky.feed.post/3mk57mxrkax27;at://did:plc:7fq77ywjddp4kaju2gklzi77/app.bsky.feed.post/3mk57mxrkax27;2026-04-23T04:51:13Z;ad.nl;C13D7FB4FEEE2E75;Rosalía zingt met veel smartelijke uithalen, maar net zo makkelijk en overtuigend ook fluisterzacht;0;0;0;;Desconocido;SI;7320;
POST;at://did:plc:toz4no26o2x4vsbum7cp4bxp/app.bsky.feed.post/3mk5ab2m2mn2q;at://did:plc:toz4no26o2x4vsbum7cp4bxp/app.bsky.feed.post/3mk5ab2m2mn2q;2026-04-23T04:49:00.000000Z;news-flows-nl.bsky.social;3B79BE16037D399A;"Minimaal decor geeft meesterlijke Rosalía de ruimte - Ziggo Dome blijft verpletterd achter


";0;0;0;;Desconocido;SI;583;
POST;at://did:plc:5fxxxsoo5yem5ibihse4el2u/app.bsky.feed.post/3mk57cbgdzw2s;at://did:plc:5fxxxsoo5yem5ibihse4el2u/app.bsky.feed.post/3mk57cbgdzw2s;2026-04-23T04:45:14.508Z;terencepoubelle.bsky.social;AE56C255F3D6E4E2;♪ #nowplaying Mundo nuevo - Rosalia (Lux - 2025) https://www.radiofrance.fr/fip;0;0;0;;Desconocido;SI;133;
POST;at://did:plc:3judfjtr342mlrhlkc57dehk/app.bsky.feed.post/3mk57cbu2i32x;at://did:plc:3judfjtr342mlrhlkc57dehk/app.bsky.feed.post/3mk57cbu2i32x;2026-04-23T04:45:14.800Z;fipnowplays.bsky.social;8C772ABBE22E30CA;♪ #nowplaying Mundo nuevo - Rosalia (Lux - 2025) https://www.radiofrance.fr/fip;1;1;0;;Desconocido;SI;892;
POST;at://did:plc:ywy2lxtfdki4yg6fqmfev7vl/app.bsky.feed.post/3mk572i2gera2;at://did:plc:ywy2lxtfdki4yg6fqmfev7vl/app.bsky.feed.post/3mk572i2gera2;2026-04-23T04:40:46.000Z;nieuws.mastodon.nl.ap.brid.gy;24AC8D9ADAFEB828;"""Rosalía zingt met veel smartelijke uithalen, maar net zo makkelijk en overtuigend ook fluisterzacht"" via AD
https://www.ad.nl/show/rosalia-zingt-met-veel-smartelijke-uithalen-maar-net-zo-makkelijk-en-overtuigend-ook-fluisterzacht~af826f20/
#nieuws #algemeendagblad";0;0;0;;Desconocido;SI;276;
POST;at://did:plc:toz4no26o2x4vsbum7cp4bxp/app.bsky.feed.post/3mk5aaimcul2u;at://did:plc:toz4no26o2x4vsbum7cp4bxp/app.bsky.feed.post/3mk5aaimcul2u;2026-04-23T04:39:12.000000Z;news-flows-nl.bsky.social;3B79BE16037D399A;"Rosalía zingt met veel smartelijke uithalen, maar net zo makkelijk en overtuigend ook fluisterzacht

Rosalía, de momenteel populairste Spaanstalige zangeres ter wereld, deed bij het eerste van twee optredens in de Ziggo Dome de grenzen tussen pop en klassiek vervagen. Ze hield zich vocaal...";0;0;0;;Desconocido;SI;583;
POST;at://did:plc:vf4cpmuk2qhgu3nm63llvih6/app.bsky.feed.post/3mk56rfmgac2z;at://did:plc:vf4cpmuk2qhgu3nm63llvih6/app.bsky.feed.post/3mk56rfmgac2z;2026-04-23T04:35:48.558Z;lapiur.bsky.social;F2C1123C185FCA3B;"Feliz Día del Libro, lüberalles. I Feliç Sant Jordi a tothom.
(Sí, el enlace es antiguo).";118;24;18;;Desconocido;SI;17077;
COMENTARIO;at://did:plc:yvx6crxq23mzdnnonyhunfza/app.bsky.feed.post/3mk56x7otas25;at://did:plc:vf4cpmuk2qhgu3nm63llvih6/app.bsky.feed.post/3mk56rfmgac2z;2026-04-23T04:39:03.668Z;tabernita.satan.social;50F4DCB542388BC7;"Hola

elpais.com/ccaa/2014/05...";8;0;2;;Desconocido;SI;;
COMENTARIO;at://did:plc:xizbn66qwsfkq6xeeqmk7yfj/app.bsky.feed.post/3mk57wbkg3s24;at://did:plc:vf4cpmuk2qhgu3nm63llvih6/app.bsky.feed.post/3mk56rfmgac2z;2026-04-23T04:56:25.812Z;jmmontanban.bsky.social;E7941A1333404AA5;Gràcies Piur!!!!🥀🥀📚📚;1;0;0;;Desconocido;SI;;
COMENTARIO;at://did:plc:xbtflzcvng5r67qlpe6u3l7e/app.bsky.feed.post/3mk5dttruyk2a;at://did:plc:vf4cpmuk2qhgu3nm63llvih6/app.bsky.feed.post/3mk56rfmgac2z;2026-04-23T06:06:39.235Z;lucsebastian.bsky.social;0CB990B59E346184;"Buenos días, Piur.
Anotop at, Lüberalles.";2;0;1;;Desconocido;SI;;
COMENTARIO;at://did:plc:ue7ctchi6ol6fb357lckmzzn/app.bsky.feed.post/3mk5nymscck2x;at://did:plc:vf4cpmuk2qhgu3nm63llvih6/app.bsky.feed.post/3mk56rfmgac2z;2026-04-23T09:08:17.099Z;maribelcruzmola.bsky.social;9A90CD25E6CDF30A;Ya sabíamos que era un zote desde siempre. 🤷🏻‍♀️;0;0;0;;Desconocido;SI;;
COMENTARIO;at://did:plc:to42ibrbp7v4wpaok5n47lmv/app.bsky.feed.post/3mk5aol33qc2e;at://did:plc:vf4cpmuk2qhgu3nm63llvih6/app.bsky.feed.post/3mk56rfmgac2z;2026-04-23T05:10:01.101Z;madridvk.eurosky.social;A0C3BA0AFADBC061;Buenos días y feliz Día del Libro, Piur.👋🌞;1;0;0;;Desconocido;SI;;
COMENTARIO;at://did:plc:mhjufteoubho7dmg2zdpoowe/app.bsky.feed.post/3mk577qf7fc2h;at://did:plc:vf4cpmuk2qhgu3nm63llvih6/app.bsky.feed.post/3mk56rfmgac2z;2026-04-23T04:43:49.616Z;tinosdo.bsky.social;22742939774F2286;"Buenos días,
Ya le hubiera gustado a su equipo de comunicación que ese hubiera sido su último ridículo. Que los pobres tienen que andar cerca de la dislaceración cerebral (gracias, Google) de tanto ""facepalm"".";3;0;1;;Desconocido;SI;;
COMENTARIO;at://did:plc:j2ywry2k53tvgqcaop6up3ah/app.bsky.feed.post/3mk5bgerqyk2s;at://did:plc:vf4cpmuk2qhgu3nm63llvih6/app.bsky.feed.post/3mk56rfmgac2z;2026-04-23T05:23:19.811Z;elsrmanzano.bsky.social;F4D1BF885CB60CDD;Bona Diada, Piur!;2;0;0;;Desconocido;SI;;
COMENTARIO;at://did:plc:i5mkq5rxhd54hbhd5vvwgekb/app.bsky.feed.post/3mk5b4vx6ec2z;at://did:plc:vf4cpmuk2qhgu3nm63llvih6/app.bsky.feed.post/3mk56rfmgac2z;2026-04-23T05:18:02.270Z;cuprazo.bsky.social;B1851BAB9376132F;"Historia real: yo, leyendo '1984' en un descanso del trabajo:
-¿Qué lees?
-(sin levantar la vista le señalo el título en la portada del libro)
-¿Orwell? No sé de que va.
-(me cago en Dios para mis adentros. De todas maneras no me esperaba más de ese chaval)";4;0;1;;Desconocido;SI;;
COMENTARIO;at://did:plc:hbq5563bz4czw53iten456o4/app.bsky.feed.post/3mk5c5pegx22g;at://did:plc:vf4cpmuk2qhgu3nm63llvih6/app.bsky.feed.post/3mk56rfmgac2z;2026-04-23T05:36:22.661Z;manolo892.bsky.social;D716A1B4AE5B83D1;Este, no se ha leído un libro en su vida.;0;0;0;;Desconocido;SI;;
COMENTARIO;at://did:plc:ffpwq7uvvpva5aql2uc2guxl/app.bsky.feed.post/3mk5cotgqjs2m;at://did:plc:vf4cpmuk2qhgu3nm63llvih6/app.bsky.feed.post/3mk56rfmgac2z;2026-04-23T05:45:57.355Z;cesar.fernandezcano.es;224D22AA9634D6BB;Buenos días, Piur.;0;0;0;;Desconocido;SI;;
COMENTARIO;at://did:plc:dju7ci2h3ey4vtglbcipxrt5/app.bsky.feed.post/3mk5df7uy6k2z;at://did:plc:vf4cpmuk2qhgu3nm63llvih6/app.bsky.feed.post/3mk56rfmgac2z;2026-04-23T05:58:28.602Z;oxigeno.bsky.social;88DD273390443B88;Y que fue un delantero del Deportivo;1;0;0;;Desconocido;SI;;
COMENTARIO;at://did:plc:c45j4n7ebxmemfetli7l2fiz/app.bsky.feed.post/3mk5w2rrqfk2g;at://did:plc:vf4cpmuk2qhgu3nm63llvih6/app.bsky.feed.post/3mk56rfmgac2z;2026-04-23T11:32:39.366Z;bettyblueaesztia.bsky.social;ECBE1A45C3522889;"Supina ignorancia
Buen día 😘";0;0;0;;Desconocido;SI;;
COMENTARIO;at://did:plc:bzlno3tkkvkt5dsx2wlgcdlp/app.bsky.feed.post/3mk5ezdbzxk2g;at://did:plc:vf4cpmuk2qhgu3nm63llvih6/app.bsky.feed.post/3mk56rfmgac2z;2026-04-23T06:27:37.007Z;moscaraja.bsky.social;65768922F2C224D3;Con Feijoo nada es viejo, todo es inútil;1;0;0;;Desconocido;SI;;
COMENTARIO;at://did:plc:bevpwjabobqhxxm6ejlsezjc/app.bsky.feed.post/3mk5elulfzc24;at://did:plc:vf4cpmuk2qhgu3nm63llvih6/app.bsky.feed.post/3mk56rfmgac2z;2026-04-23T06:20:05.378Z;satancucufato.satan.social;F416284CB3140D08;Pero nunca superara el Zalacaín de Azorín de cierta señora asquerosa;3;0;0;;Desconocido;SI;;
COMENTARIO;at://did:plc:auheb534vds5diviypi7drbi/app.bsky.feed.post/3mk57xbvcck2x;at://did:plc:vf4cpmuk2qhgu3nm63llvih6/app.bsky.feed.post/3mk56rfmgac2z;2026-04-23T04:56:59.723Z;robbhaifisch.bsky.social;716865707048B6E0;Buenos días, Piur!!!;2;0;1;;Desconocido;SI;;
COMENTARIO;at://did:plc:7a5bv3lxwz5qzddhgjxfkisa/app.bsky.feed.post/3mk57s33fsk2e;at://did:plc:vf4cpmuk2qhgu3nm63llvih6/app.bsky.feed.post/3mk56rfmgac2z;2026-04-23T04:54:04.811Z;saki-perez.bsky.social;88429DF7F8284B8E;"Feliç Sant Jordi.
Hoy si que echo mucho de menos estar en Bcn.";2;0;1;;Desconocido;SI;;
COMENTARIO;at://did:plc:5kazmqfmib63mqsqqg77prtb/app.bsky.feed.post/3mk5b56pmxs2l;at://did:plc:vf4cpmuk2qhgu3nm63llvih6/app.bsky.feed.post/3mk56rfmgac2z;2026-04-23T05:18:11.460Z;oscarsumano.bsky.social;E6A6770CFB06082E;Buenos días, Piur;2;0;1;;Desconocido;SI;;
COMENTARIO;at://did:plc:4cqi7562boqix3wtwpavupuu/app.bsky.feed.post/3mk5el5b37c2n;at://did:plc:vf4cpmuk2qhgu3nm63llvih6/app.bsky.feed.post/3mk56rfmgac2z;2026-04-23T06:19:40.920Z;longuito.bsky.social;A40D25BD594CD1E5;Bonyu;1;0;1;;Desconocido;SI;;
POST;at://did:plc:us4rq6sao32xbbszowfdt7lp/app.bsky.feed.post/3mk56gjhodc2v;at://did:plc:us4rq6sao32xbbszowfdt7lp/app.bsky.feed.post/3mk56gjhodc2v;2026-04-23T04:29:43.498Z;pateandoespana.bsky.social;FF3FE5AC01FCBA00;youtube.com/shorts/myknS...;0;0;0;;Desconocido;SI;181;
POST;at://did:plc:nykmwazapmalw2crvse2vt6k/app.bsky.feed.post/3mk55vjw7j22s;at://did:plc:nykmwazapmalw2crvse2vt6k/app.bsky.feed.post/3mk55vjw7j22s;2026-04-23T04:20:13.548Z;gserranoeng.bsky.social;77DC185E26F9D741;Encontré una canción para ti... La Perla por ROSALÍA 🔥 Escúchala ahora en #Deezer. link.deezer.com/s/334oXgbR2E...;1;0;0;;Desconocido;SI;588;
POST;at://did:plc:a2z5hrt5zud7ip5if76uy2ir/app.bsky.feed.post/3mk552cp5ms2t;at://did:plc:a2z5hrt5zud7ip5if76uy2ir/app.bsky.feed.post/3mk552cp5ms2t;2026-04-23T04:05:00.003Z;enbyee.bsky.social;56FD38F953133DA6;graças a rosalia eu tenho;2;0;1;;Desconocido;SI;253;"Gente, vocês conhecem uma música que tem o nome de vocês (no título ou na letra)? Se sim, qual?

Sempre tive um leve sofrimento pelo baixo índice de Rodrigos nas músicas."
COMENTARIO;at://did:plc:a2z5hrt5zud7ip5if76uy2ir/app.bsky.feed.post/3mk552cps522t;at://did:plc:a2z5hrt5zud7ip5if76uy2ir/app.bsky.feed.post/3mk552cp5ms2t;2026-04-23T04:05:00.004Z;enbyee.bsky.social;56FD38F953133DA6;embora escrito errado;1;0;0;;Desconocido;SI;;
POST;at://did:plc:yiqangnmi4pu2nimtlqy3tzb/app.bsky.feed.post/3mk4xe5d2gc2l;at://did:plc:yiqangnmi4pu2nimtlqy3tzb/app.bsky.feed.post/3mk4xe5d2gc2l;2026-04-23T02:23:07.456Z;astera-art.bsky.social;4B3297AFE7FC5E4F;"Saint Rosalia on her huge #carriage in Palermo’s Palazzo dei Normanni Square.
#photography, #PalacesAndGardens, #travelamdtransportation, #italy, #Sicily, #sculpture";13;1;3;;Desconocido;SI;579;
COMENTARIO;at://did:plc:yiqangnmi4pu2nimtlqy3tzb/app.bsky.feed.post/3mk4yrrbats24;at://did:plc:yiqangnmi4pu2nimtlqy3tzb/app.bsky.feed.post/3mk4xe5d2gc2l;2026-04-23T02:48:38.324Z;astera-art.bsky.social;4B3297AFE7FC5E4F;#YellowThu, #ColorADay, #urbangaxe;0;0;0;;Desconocido;SI;;
COMENTARIO;at://did:plc:yiqangnmi4pu2nimtlqy3tzb/app.bsky.feed.post/3mk4yao4x7s2z;at://did:plc:yiqangnmi4pu2nimtlqy3tzb/app.bsky.feed.post/3mk4xe5d2gc2l;2026-04-23T02:39:04.611Z;astera-art.bsky.social;4B3297AFE7FC5E4F;#EastCoastKin;1;0;0;;Desconocido;SI;;
COMENTARIO;at://did:plc:whgpgz6w22esnbzlisp4an4i/app.bsky.feed.post/3mk5gx3ldnc2v;at://did:plc:yiqangnmi4pu2nimtlqy3tzb/app.bsky.feed.post/3mk4xe5d2gc2l;2026-04-23T07:02:09.298Z;sabineshutterbug.bsky.social;A069644377D83C33;That’s truly an impressive presentation of Saint Rosalia!;1;0;0;;Desconocido;SI;;
POST;at://did:plc:c4ows6h5scip7dyf5l56ytch/app.bsky.feed.post/3mk4v3rcmrc2m;at://did:plc:c4ows6h5scip7dyf5l56ytch/app.bsky.feed.post/3mk4v3rcmrc2m;2026-04-23T01:42:38.945Z;phatcussy.bsky.social;5CC7369D35D01EC1;Reliquia by Rosalía absolutely whips;3;0;1;;Desconocido;SI;7041;
COMENTARIO;at://did:plc:n2jsmusnh3jt6nokd5dcloe6/app.bsky.feed.post/3mk4v4yg2o225;at://did:plc:c4ows6h5scip7dyf5l56ytch/app.bsky.feed.post/3mk4v3rcmrc2m;2026-04-23T01:43:19.952Z;wittywebhandle.bsky.social;986A5C8EFB1AC511;Rosalía whips;2;0;3;;Desconocido;SI;;
POST;at://did:plc:rc5dpipcst2hzjnvxvlfvyav/app.bsky.feed.post/3mk4sfnbkzs25;at://did:plc:rc5dpipcst2hzjnvxvlfvyav/app.bsky.feed.post/3mk4sfnbkzs25;2026-04-23T00:54:29.035Z;meridadotropico.bsky.social;9A54648E97C2AE47;Uma parte de mim fica irritada que a Rosália escolheu cantar em português de Portugal em Memória, a outra já acha que o tenebroso sotaque português ajuda a acrescentar uma camada de dramaticidade que a música pede e precisa;1;0;1;;Desconocido;SI;647;
COMENTARIO;at://did:plc:rc5dpipcst2hzjnvxvlfvyav/app.bsky.feed.post/3mk4sfncbik25;at://did:plc:rc5dpipcst2hzjnvxvlfvyav/app.bsky.feed.post/3mk4sfnbkzs25;2026-04-23T00:54:29.036Z;meridadotropico.bsky.social;9A54648E97C2AE47;Memória é a música do Lux que mais me pega pois foi feita para mim, que sou historiadora!!!;1;0;1;;Desconocido;SI;;
POST;at://did:plc:r5b4xxhnh2i36vzrpjjijxmf/app.bsky.feed.post/3mk4qez2njc26;at://did:plc:r5b4xxhnh2i36vzrpjjijxmf/app.bsky.feed.post/3mk4qez2njc26;2026-04-23T00:18:20.354Z;colorwavesfollow.blacksky.app;199D25AD84B7B357;rosalía? what are you doing here? #euphoria;0;0;0;;Desconocido;SI;879;
POST;at://did:plc:5ojekzzv6wft33qjpaofamjj/app.bsky.feed.post/3mk4qbf7hmw24;at://did:plc:5ojekzzv6wft33qjpaofamjj/app.bsky.feed.post/3mk4qbf7hmw24;2026-04-23T00:16:18Z;ilgiorno.bsky.social;756BF07E46777AF8;;0;0;0;;Desconocido;SI;40;
POST;at://did:plc:w3wwrbinrcq2px4x2gt3x3sb/app.bsky.feed.post/3mk4ncszbek2y;at://did:plc:w3wwrbinrcq2px4x2gt3x3sb/app.bsky.feed.post/3mk4ncszbek2y;2026-04-22T23:23:25.682Z;homemdocafeezx.bsky.social;2077FAA7ACBBE8FB;;2;0;0;;Desconocido;SI;1376;
POST;at://did:plc:27f4h5wo67asop7hywgqzcoz/app.bsky.feed.post/3mk4lq27cih2a;at://did:plc:27f4h5wo67asop7hywgqzcoz/app.bsky.feed.post/3mk4lq27cih2a;2026-04-22T22:55:01Z;chordsworld.bsky.social;FE859A259293E092;"ROSALÍA - Jeanne Chords

Does anyone know the strumming pattern for this song?";0;0;0;;Desconocido;SI;12;
POST;at://did:plc:3afhd5jskmjh24neui6sw7tf/app.bsky.feed.post/3mk4l4nmaik2f;at://did:plc:3afhd5jskmjh24neui6sw7tf/app.bsky.feed.post/3mk4l4nmaik2f;2026-04-22T22:44:11.203Z;crisisenpi.bsky.social;9A0F6F916AC8A16F;Ni Lola Índigo ni Rosalía son latinas.;2;0;0;;Desconocido;SI;759;El evento será transmitido por Telemundo el próximo jueves 23 de abril.
POST;at://did:plc:7zw6euiay4tdf7mphq2opnks/app.bsky.feed.post/3mk4kiu3z3n2i;at://did:plc:7zw6euiay4tdf7mphq2opnks/app.bsky.feed.post/3mk4kiu3z3n2i;2026-04-22T22:33:06.176Z;20minutos.es;A399E3FBE89D4E7D;El evento será transmitido por Telemundo el próximo jueves 23 de abril.;2;1;0;;Desconocido;SI;17408;
POST;at://did:plc:pmyexuyh7nm3xznv37xptivv/app.bsky.feed.post/3mk4jvexvl22q;at://did:plc:pmyexuyh7nm3xznv37xptivv/app.bsky.feed.post/3mk4jvexvl22q;2026-04-22T22:22:13.525Z;huisvrouwblues.bsky.social;B383392551EDC4A6;Nog eentje dan #Rosalía #Amsterdam #dag1 #ZiggoDome;3;1;0;;Desconocido;SI;345;
POST;at://did:plc:pmyexuyh7nm3xznv37xptivv/app.bsky.feed.post/3mk4jpu3tis2q;at://did:plc:pmyexuyh7nm3xznv37xptivv/app.bsky.feed.post/3mk4jpu3tis2q;2026-04-22T22:19:08.056Z;huisvrouwblues.bsky.social;B383392551EDC4A6;Rosalía rockt! #Amsterdam #Dag1 #ZiggoDome;4;0;0;;Desconocido;SI;345;
POST;at://did:plc:pmyexuyh7nm3xznv37xptivv/app.bsky.feed.post/3mk4jidbe3c2q;at://did:plc:pmyexuyh7nm3xznv37xptivv/app.bsky.feed.post/3mk4jidbe3c2q;2026-04-22T22:14:55.530Z;huisvrouwblues.bsky.social;B383392551EDC4A6;Goeiedag! #Rosalía #Amsterdam #Ziggodome;4;0;2;;Desconocido;SI;345;
COMENTARIO;at://did:plc:wasl3hddrg35wyfvibo2ko3b/app.bsky.feed.post/3mk5bjovxpc24;at://did:plc:pmyexuyh7nm3xznv37xptivv/app.bsky.feed.post/3mk4jidbe3c2q;2026-04-23T05:25:11.098Z;debuski.bsky.social;DBE885567D7F3A68;Met vertaling haha!;1;0;1;;Desconocido;SI;;
COMENTARIO;at://did:plc:3vhyksg6a5nw77ebuukwxpgv/app.bsky.feed.post/3mk53fcbg322p;at://did:plc:pmyexuyh7nm3xznv37xptivv/app.bsky.feed.post/3mk4jidbe3c2q;2026-04-23T03:35:21.173Z;tanjadegraaf.bsky.social;CC304FF96F2EFF8A;Jaloers!;0;0;1;;Desconocido;SI;;
POST;at://did:plc:62rhkedh5wvxc6enukyancr2/app.bsky.feed.post/3mk4jfjssjc2k;at://did:plc:62rhkedh5wvxc6enukyancr2/app.bsky.feed.post/3mk4jfjssjc2k;2026-04-22T22:13:21.730Z;fdtate.bsky.social;A070FE5A8B59756F;"#NewMusic2026
#DavidsMonthOfMusic
A language other than your own

Rosalía - Focu 'Ranni

A bonus track from the deluxe edition of last year's Lux album 

youtu.be/u7pr0p3ShXU?...";9;0;0;;Desconocido;SI;1508;
POST;at://did:plc:rxzk3xsi4qewnu7yrl6ugyrh/app.bsky.feed.post/3mk4jd6alpc2u;at://did:plc:rxzk3xsi4qewnu7yrl6ugyrh/app.bsky.feed.post/3mk4jd6alpc2u;2026-04-22T22:12:02.489Z;playgamesmovies.bsky.social;2DBFFCED85F0B14B;"LUX (Complete Works)

ROSALÍA

Play on Apple Music apple.co/4tsjxLb Ad.";0;0;1;;Desconocido;SI;323;
COMENTARIO;at://did:plc:rxzk3xsi4qewnu7yrl6ugyrh/app.bsky.feed.post/3mk4jeea46s2u;at://did:plc:rxzk3xsi4qewnu7yrl6ugyrh/app.bsky.feed.post/3mk4jd6alpc2u;2026-04-22T22:12:42.319Z;playgamesmovies.bsky.social;2DBFFCED85F0B14B;"Try Apple Music free for 1 month

Music apple.co/4tsjxLb

On Apple & Android.

Offer valid for new Apple Music subscribers only. After the 1-month free trial, subscription automatically renews at the standard monthly rate unless cancelled before the trial ends. Terms & conditions apply. Ad.";0;0;0;;Desconocido;SI;;
POST;at://did:plc:pmyexuyh7nm3xznv37xptivv/app.bsky.feed.post/3mk4jcrf3qc2q;at://did:plc:pmyexuyh7nm3xznv37xptivv/app.bsky.feed.post/3mk4jcrf3qc2q;2026-04-22T22:11:49.006Z;huisvrouwblues.bsky.social;B383392551EDC4A6;Er kan er maar één zo zingen als Rosalía! #Amsterdam #ZiggoDome;4;0;1;;Desconocido;SI;345;
COMENTARIO;at://did:plc:wasl3hddrg35wyfvibo2ko3b/app.bsky.feed.post/3mk5bhzvkkc24;at://did:plc:pmyexuyh7nm3xznv37xptivv/app.bsky.feed.post/3mk4jcrf3qc2q;2026-04-23T05:24:15.510Z;debuski.bsky.social;DBE885567D7F3A68;Geweldig 🤩;1;0;0;;Desconocido;SI;;
POST;at://did:plc:pmyexuyh7nm3xznv37xptivv/app.bsky.feed.post/3mk4i2mi3ls2q;at://did:plc:pmyexuyh7nm3xznv37xptivv/app.bsky.feed.post/3mk4i2mi3ls2q;2026-04-22T21:49:21.678Z;huisvrouwblues.bsky.social;B383392551EDC4A6;Zing, vecht, huil, bid, lach, werk en bewonder! Rosalía no. 1 ❤️ #ZiggoDome #Amsterdam #dag1;2;0;0;;Desconocido;SI;345;
POST;at://did:plc:2g5pf6z7riizw4linmt4flkn/app.bsky.feed.post/3mk4hv7jpyc26;at://did:plc:2g5pf6z7riizw4linmt4flkn/app.bsky.feed.post/3mk4hv7jpyc26;2026-04-22T21:46:20.324Z;wouterwagemakers.bsky.social;46C2F829CA45A16E;Went to Rosalía in Amsterdam and she was magnificent. One of the best concerts I’ve ever attended.;9;0;1;;Desconocido;SI;2846;
COMENTARIO;at://did:plc:u3ncxqlyxkyr257cf3bun6dv/app.bsky.feed.post/3mk4lbkhugc2d;at://did:plc:2g5pf6z7riizw4linmt4flkn/app.bsky.feed.post/3mk4hv7jpyc26;2026-04-22T22:46:55.686Z;raymondruesink.bsky.social;450D2AE5DC23819E;Couldn’t agree more;1;0;0;;Desconocido;SI;;
POST;at://did:plc:sw2u3jta6dqm2dfab45a64we/app.bsky.feed.post/3mk4hba42ic25;at://did:plc:sw2u3jta6dqm2dfab45a64we/app.bsky.feed.post/3mk4hba42ic25;2026-04-22T21:35:09.471Z;tempetebot.bsky.social;BADE4CD840DF2BCF;"🎶 #NowPlaying LISA, ROSALÍA - New Woman (feat. ROSALÍA)

https://radiotempete.com/";0;0;0;;Desconocido;SI;100;
POST;at://did:plc:44pr4kzk6jdlqw4kul2g37nf/app.bsky.feed.post/3mk4hb6zk2k27;at://did:plc:44pr4kzk6jdlqw4kul2g37nf/app.bsky.feed.post/3mk4hb6zk2k27;2026-04-22T21:35:08.701Z;micheldoodeman.bsky.social;478533501BA82ED2;Rosalía gewoon weer erg geweldig;4;0;0;;Desconocido;SI;2375;
POST;at://did:plc:cmcmn7er6sqttvfxu5coxuze/app.bsky.feed.post/3mk4h5tggek25;at://did:plc:cmcmn7er6sqttvfxu5coxuze/app.bsky.feed.post/3mk4h5tggek25;2026-04-22T21:33:15.891Z;mangoseed.bsky.social;7BEB141A2040D4CD;If ChatGPT thinks Sam Altman is god and Grok thinks Elon Musk is, then I am worshipping Mother Earth and appointing Rosalia her divine messenger.;0;0;0;;Desconocido;SI;1526;
POST;at://did:plc:bnouldnl4idye2nnwqp3kpmz/app.bsky.feed.post/3mk4gi3kpxk23;at://did:plc:bnouldnl4idye2nnwqp3kpmz/app.bsky.feed.post/3mk4gi3kpxk23;2026-04-22T21:21:06.222Z;rodolfo75.bsky.social;EDE23FB4F4C73C23;Genoten van Rosalía,;0;0;0;;Desconocido;SI;224;
POST;at://did:plc:mosolh63wa3gitnblnm7eyve/app.bsky.feed.post/3mk4fth2wb22v;at://did:plc:mosolh63wa3gitnblnm7eyve/app.bsky.feed.post/3mk4fth2wb22v;2026-04-22T21:09:33.637Z;tomactually.bsky.social;23AC111F70672E61;Holy shit that Rosalía concert was AMAZING! 😻;10;0;1;;Desconocido;SI;1519;
COMENTARIO;at://did:plc:gaiyb4rccj4g7brngni6kdkz/app.bsky.feed.post/3mk5fft7y5c2r;at://did:plc:mosolh63wa3gitnblnm7eyve/app.bsky.feed.post/3mk4fth2wb22v;2026-04-23T06:34:36.370Z;messylines.bsky.social;7D086465D9FDE01A;Isn't she phenomenal! Also you've inadvertently answered a question I had about whether the surtitles would be in the language of each country she visits - I saw them in Spanish so didn't know for sure if they'd change.;1;0;1;;Desconocido;SI;;
POST;at://did:plc:qbccbnt75n4obplzekugvw7p/app.bsky.feed.post/3mk4fapsrk22r;at://did:plc:qbccbnt75n4obplzekugvw7p/app.bsky.feed.post/3mk4fapsrk22r;2026-04-22T20:59:05.281Z;veerle024.bsky.social;D5A6424449CC1361;ROSALIA (RAVE) > SEKS;4;1;2;;Desconocido;SI;9;
COMENTARIO;at://did:plc:rflai6ngztcbgkexrk42hyxj/app.bsky.feed.post/3mk5qdebblk2t;at://did:plc:qbccbnt75n4obplzekugvw7p/app.bsky.feed.post/3mk4fapsrk22r;2026-04-23T09:50:04.735Z;stelliebellie04.bsky.social;D681DE142F89B9F7;Iemand die ik ken stond opeens op zn insta op het podium met rosalia??;1;0;1;;Desconocido;SI;;
COMENTARIO;at://did:plc:72tueqw2nnia3z3h5jdntchh/app.bsky.feed.post/3mkapkkobtk22;at://did:plc:qbccbnt75n4obplzekugvw7p/app.bsky.feed.post/3mk4fapsrk22r;2026-04-24T14:14:11.807Z;teundg.bsky.social;C7CB8368959C438B;Ik zie nu allemaal filmpjes voorbij komen jaloers aan het worden :(;3;0;0;;Desconocido;SI;;
POST;at://did:plc:toz4no26o2x4vsbum7cp4bxp/app.bsky.feed.post/3mk4gliqrzu2y;at://did:plc:toz4no26o2x4vsbum7cp4bxp/app.bsky.feed.post/3mk4gliqrzu2y;2026-04-22T20:53:00.000000Z;news-flows-nl.bsky.social;3B79BE16037D399A;"Beeldschone Spaanse popster Rosalía komt in Ziggo Dome gewoon een lekker potje ijzersterk zingen: ’Goedenavond Amsterdam! Alles goed?’

Nadat Rosalía eerder dit jaar bekroond werd tot International Artist of the Year tijdens de Brit Awards staat de Spaanse wereldster twee avonden achter elkaar...";0;0;0;;Desconocido;SI;583;
POST;at://did:plc:sw2u3jta6dqm2dfab45a64we/app.bsky.feed.post/3mk4ejiuke62y;at://did:plc:sw2u3jta6dqm2dfab45a64we/app.bsky.feed.post/3mk4ejiuke62y;2026-04-22T20:46:05.871Z;tempetebot.bsky.social;BADE4CD840DF2BCF;"🎶 #NowPlaying ROSALÍA - MALAMENTE

https://radiotempete.com/";0;0;0;;Desconocido;SI;100;
POST;at://did:plc:2lgyrhe234mmhry2xy5sac2j/app.bsky.feed.post/3mk4bu5c7c22f;at://did:plc:2lgyrhe234mmhry2xy5sac2j/app.bsky.feed.post/3mk4bu5c7c22f;2026-04-22T19:58:21.980Z;tuinpic.bsky.social;3D5D521148BDE0BB;rosalía en euphoria;2;0;0;;Desconocido;SI;65;
POST;at://did:plc:67hvgkgndbsto2t4lfbbyfmt/app.bsky.feed.post/3mk4at5juns2a;at://did:plc:67hvgkgndbsto2t4lfbbyfmt/app.bsky.feed.post/3mk4at5juns2a;2026-04-22T19:39:54.940Z;christaromp.bsky.social;3E8076CFF975869F;Allemaal peers gaan naar Rosalía, ik heb er nog nooit van gehoord. Ik ben een beetje bij PearlJam en dEUS blijven hangen 😅;7;0;12;;Desconocido;SI;1850;
COMENTARIO;at://did:plc:wasl3hddrg35wyfvibo2ko3b/app.bsky.feed.post/3mk4av3t5ss24;at://did:plc:67hvgkgndbsto2t4lfbbyfmt/app.bsky.feed.post/3mk4at5juns2a;2026-04-22T19:41:00.256Z;debuski.bsky.social;DBE885567D7F3A68;Rosalia is fantastisch. Vind t zo jammer dat ik geen kaartje heb.;0;0;2;;Desconocido;SI;;
COMENTARIO;at://did:plc:uvcalxr5wnk7mcft64lniill/app.bsky.feed.post/3mk5fioqb7s2p;at://did:plc:67hvgkgndbsto2t4lfbbyfmt/app.bsky.feed.post/3mk4at5juns2a;2026-04-23T06:36:12.323Z;eevaliukku.bsky.social;2694E8BF5CD0EE9B;Ik was naar dEUS én ik ga vanavond naar Rosalía! (Maar eerlijk is eerlijk, ik ben ook bij lange na niet bij met nieuwe artiesten, Rosalia is de uitzondering);0;0;0;;Desconocido;SI;;
COMENTARIO;at://did:plc:tzlbumgoi7vfmaix2fddnz2o/app.bsky.feed.post/3mk4azn5r5k2o;at://did:plc:67hvgkgndbsto2t4lfbbyfmt/app.bsky.feed.post/3mk4at5juns2a;2026-04-22T19:43:32.646Z;nijn.bsky.social;836239922FEE56B8;"Het is echt fantastische muziek!! Dit vind ik echt n adembenemend mooi album 😍
music.youtube.com/playlist?lis...";1;0;0;;Desconocido;SI;;
COMENTARIO;at://did:plc:t3f27br7pwjr6qfqyputlna4/app.bsky.feed.post/3mk4m2ldifs2z;at://did:plc:67hvgkgndbsto2t4lfbbyfmt/app.bsky.feed.post/3mk4at5juns2a;2026-04-22T23:00:55.452Z;josk.bsky.social;31C02F7AD49D590B;Heb het geprobeerd, is niet mijn kopje thee.;1;0;1;;Desconocido;SI;;
COMENTARIO;at://did:plc:qvozofw44d4ick44g3nmzoc4/app.bsky.feed.post/3mk5d4wompc2r;at://did:plc:67hvgkgndbsto2t4lfbbyfmt/app.bsky.feed.post/3mk4at5juns2a;2026-04-23T05:53:50.522Z;henkbulder.nl;B807EE0397B9B227;Wat meer mensen hier zeggen: heb het geprobeerd, maar het kan me niet bekoren.;3;0;1;;Desconocido;SI;;
COMENTARIO;at://did:plc:pipx464wv43uioe55ebkg3ku/app.bsky.feed.post/3mk5gdd4vr22z;at://did:plc:67hvgkgndbsto2t4lfbbyfmt/app.bsky.feed.post/3mk4at5juns2a;2026-04-23T06:51:06.124Z;melan-choly.eurosky.social;AAE69D46E76C3E80;Ik denk dat ik de kunst ervan wel begrijp, maar vond haar eerdere werk een stuk leuker (Moto Mami bijv.).;1;0;0;;Desconocido;SI;;
COMENTARIO;at://did:plc:p5az3ftdmiieevpng4xzzmpg/app.bsky.feed.post/3mk4bzmsuos2d;at://did:plc:67hvgkgndbsto2t4lfbbyfmt/app.bsky.feed.post/3mk4at5juns2a;2026-04-22T20:01:26.031Z;renewaning.eurosky.social;9A8C27770539849B;Ik ben het gaan luisteren toen het vorig jaar bijna overal album van het jaar werd. Maar ik kan er persoonlijk niet zoveel mee.;1;0;1;;Desconocido;SI;;
COMENTARIO;at://did:plc:ozhyx2mkhrd2h7dcgmi5aqrp/app.bsky.feed.post/3mk4e7lvouc2n;at://did:plc:67hvgkgndbsto2t4lfbbyfmt/app.bsky.feed.post/3mk4at5juns2a;2026-04-22T20:40:33.886Z;jvaneck.bsky.social;06FEB38DE7850715;Dat is op zich wel knap. Er is best veel aandacht voor geweest.;1;0;1;;Desconocido;SI;;
COMENTARIO;at://did:plc:mkkrdd7r7mndcynwbgopvfyc/app.bsky.feed.post/3mk4ckydl6k2u;at://did:plc:67hvgkgndbsto2t4lfbbyfmt/app.bsky.feed.post/3mk4at5juns2a;2026-04-22T20:11:08.538Z;ienaredeker.bsky.social;5FD6E5D67226B503;Ik heb het geprobeerd, maar ben afgehaakt. Het raakte me niet.;3;0;1;;Desconocido;SI;;
COMENTARIO;at://did:plc:l46bhj2b62krfhejsjcnbv47/app.bsky.feed.post/3mk5dfhqzmc2q;at://did:plc:67hvgkgndbsto2t4lfbbyfmt/app.bsky.feed.post/3mk4at5juns2a;2026-04-23T05:58:36.862Z;chellsview.bsky.social;B412799377217AB7;Ik zie ook dat iedereen er blijkbaar was, nog nooit van haar gehoord 😂;2;0;0;;Desconocido;SI;;
COMENTARIO;at://did:plc:kx6nna5q5vjtyc64aolrocw5/app.bsky.feed.post/3mk5degczes2b;at://did:plc:67hvgkgndbsto2t4lfbbyfmt/app.bsky.feed.post/3mk4at5juns2a;2026-04-23T05:58:01.800Z;sebasvandenbrink.nl;ADBF48504FCD65C8;Pearl Jam ❤️☺️ zal die Rosalía wel eens checken echter;2;0;0;;Desconocido;SI;;
COMENTARIO;at://did:plc:3suog45ukkyo7fwagxmfk6ls/app.bsky.feed.post/3mk5ddg7y5c2l;at://did:plc:67hvgkgndbsto2t4lfbbyfmt/app.bsky.feed.post/3mk4at5juns2a;2026-04-23T05:57:28.145Z;ruurd.bsky.social;5CEB63E1AB78FE0D;Precies. Ik ga vanavond gewoon naar Meindert Talma in de Nieuwe Anita. (Als ik het trek).;2;0;1;;Desconocido;SI;;
POST;at://did:plc:bocnnsgapjhiygttr4my5ymo/app.bsky.feed.post/3mk47cokjjs2u;at://did:plc:bocnnsgapjhiygttr4my5ymo/app.bsky.feed.post/3mk47cokjjs2u;2026-04-22T19:12:48.620Z;mtinebosj.bsky.social;91BD39A6375627B9;Ze is amper twintig minuten onderweg, maar Rosalía staat de show van het jaar te geven. Waanzinnig.;11;0;2;;Desconocido;SI;667;
COMENTARIO;at://did:plc:cgrojsspc5lxi7movgqwl5fq/app.bsky.feed.post/3mk47rzjua22x;at://did:plc:bocnnsgapjhiygttr4my5ymo/app.bsky.feed.post/3mk47cokjjs2u;2026-04-22T19:21:23.448Z;natashav.bsky.social;B7E173389B76DE40;Oooeh ik heb de hele dag op ticketswap zitten kijken, maar vond het toch wat prijzig;0;0;1;;Desconocido;SI;;
COMENTARIO;at://did:plc:avuwirqzx7kudzxedz7nmjkn/app.bsky.feed.post/3mk47pihmm22u;at://did:plc:bocnnsgapjhiygttr4my5ymo/app.bsky.feed.post/3mk47cokjjs2u;2026-04-22T19:19:58.441Z;markdijkhuis.bsky.social;8B6A1539B847CA81;Ha. Told you so! 💃;2;0;1;;Desconocido;SI;;
POST;at://did:plc:6ov4xugbuwc3z455tynjwo3a/app.bsky.feed.post/3mk46fsfyak2m;at://did:plc:6ov4xugbuwc3z455tynjwo3a/app.bsky.feed.post/3mk46fsfyak2m;2026-04-22T18:56:39.587Z;lagenost.bsky.social;ED42332A4B6B37E6;"Hallo, du MÅ høre den nye ""Complete Works""-versionen av Rosalía-albumet ""Lux""! Et mesterverk!";1;0;0;;Desconocido;SI;693;
POST;at://did:plc:ge45dblsbsrlf4ydipbrfshe/app.bsky.feed.post/3mk457lc3ok2j;at://did:plc:ge45dblsbsrlf4ydipbrfshe/app.bsky.feed.post/3mk457lc3ok2j;2026-04-22T18:35:17.051Z;ryangrosselangue.bsky.social;81308A51C4A089E9;"Les mêmes qui font des leçons sur les fakes news, deep fakes et autres manipulations... Et qui témoignent d'un amour prononce pour le droit à l'image et  la propriété intellectuelle 

www.huffingtonpost.fr/politique/ar...";0;0;0;;Desconocido;SI;93;
POST;at://did:plc:kstkrvkawwgco6mnke2nsdwf/app.bsky.feed.post/3mk455uw2zc2b;at://did:plc:kstkrvkawwgco6mnke2nsdwf/app.bsky.feed.post/3mk455uw2zc2b;2026-04-22T18:34:20.033Z;fcbfemeni.bsky.social;078159286FE41FA8;"🔄 Triple canvi al Barça | 62’
↑🟢 Pina
↑🟢 Alexia
↑🟢 Patri
↓🔴 Rosalía
↓🔴 Kika
↓🔴 Sydney
#EspanyolBarça";5;0;0;;Desconocido;SI;8335;
POST;at://did:plc:aslyaytlciwmmtc7eshw2vrn/app.bsky.feed.post/3mk44nhvcyk2r;at://did:plc:aslyaytlciwmmtc7eshw2vrn/app.bsky.feed.post/3mk44nhvcyk2r;2026-04-22T18:25:09.506Z;barcabsky.bsky.social;A58D5EB259CBC5B5;"🔄 Triple substitution for Barça (63')

↑🟢 Pina
↑🟢 Alexia
↑🟢 Patri
↓🔴 Rosalía
↓🔴 Kika
↓🔴 Sydney

#EspanyolBarça";0;0;0;;Desconocido;SI;796;
POST;at://did:plc:4jsu7k7ggq33le3q6okgxgjq/app.bsky.feed.post/3mk44hncfns2j;at://did:plc:4jsu7k7ggq33le3q6okgxgjq/app.bsky.feed.post/3mk44hncfns2j;2026-04-22T18:21:53.839Z;meisbaer.bsky.social;63F71A55F94D6377;Waiting for #Rosalía in the Ziggo dome in Amsterdam! Very excited crowd 💃;3;0;0;;Desconocido;SI;143;
POST;at://did:plc:ok45h5rklmmyqkiovnd2zaoa/app.bsky.feed.post/3mk44hkl2qc2u;at://did:plc:ok45h5rklmmyqkiovnd2zaoa/app.bsky.feed.post/3mk44hkl2qc2u;2026-04-22T18:21:50.985Z;casaderosalia.bsky.social;0188C0A56A870F35;Estamos xa no acto “Otero con Rosalía” con Xosé Manuel Salgado disertando sobre ambos os dous autores.;0;0;0;;Desconocido;SI;543;
POST;at://did:plc:3sawpk7qdwqakmvhc7xxybn7/app.bsky.feed.post/3mk43uyismc2f;at://did:plc:3sawpk7qdwqakmvhc7xxybn7/app.bsky.feed.post/3mk43uyismc2f;2026-04-22T18:11:28.062Z;salmorehoe.bsky.social;D4864DE271351EED;he escuchado superestrella de aitana en la casa de rosalía de castro;4;0;0;;Desconocido;SI;442;
POST;at://did:plc:qjkl3slluwlwyjmziw7257zd/app.bsky.feed.post/3mk437nedbk2d;at://did:plc:qjkl3slluwlwyjmziw7257zd/app.bsky.feed.post/3mk437nedbk2d;2026-04-22T17:59:31+00:00;huffingtonpost.es;1EDD4ED0F2CC4115;La cantante italiana Arisa hace una comparación con Rosalía que a buen seguro dará que hablar en España dozz.es/d5qwa4;0;0;0;;Desconocido;SI;8888;
POST;at://did:plc:evpejpjohmeffqvqfjlb74dl/app.bsky.feed.post/3mk42p6miqc2c;at://did:plc:evpejpjohmeffqvqfjlb74dl/app.bsky.feed.post/3mk42p6miqc2c;2026-04-22T17:50:19.406Z;spphobic.bsky.social;B9509363A5957A58;cómo te vas a llamar Rosalía y jugar en el Barça;0;0;0;;Desconocido;SI;288;Debut de Rosalía a la Lliga 👏
POST;at://did:plc:kstkrvkawwgco6mnke2nsdwf/app.bsky.feed.post/3mk42fmgqg22b;at://did:plc:kstkrvkawwgco6mnke2nsdwf/app.bsky.feed.post/3mk42fmgqg22b;2026-04-22T17:44:58.336Z;fcbfemeni.bsky.social;078159286FE41FA8;Debut de Rosalía a la Lliga 👏;10;0;0;;Desconocido;SI;8335;
POST;at://did:plc:pmyexuyh7nm3xznv37xptivv/app.bsky.feed.post/3mk3zw4kq2c2w;at://did:plc:pmyexuyh7nm3xznv37xptivv/app.bsky.feed.post/3mk3zw4kq2c2w;2026-04-22T17:36:18.384Z;huisvrouwblues.bsky.social;B383392551EDC4A6;Het uitzicht van vandaag #Rosalía #22april #Amsterdam;5;0;1;;Desconocido;SI;345;
COMENTARIO;at://did:plc:wasl3hddrg35wyfvibo2ko3b/app.bsky.feed.post/3mk43p2nw4s27;at://did:plc:pmyexuyh7nm3xznv37xptivv/app.bsky.feed.post/3mk3zw4kq2c2w;2026-04-22T18:08:09.000Z;debuski.bsky.social;DBE885567D7F3A68;Jaloers!!!;1;0;1;;Desconocido;SI;;
POST;at://did:plc:2mx726up4nb25z3ayzxyy5z7/app.bsky.feed.post/3mk3zv2ieh22i;at://did:plc:2mx726up4nb25z3ayzxyy5z7/app.bsky.feed.post/3mk3zv2ieh22i;2026-04-22T17:35:42.660Z;airportplanner.bsky.social;49600A57F70A7830;Northern Spain’s second busiest airport, Santiago-Rosalía de Castro Airport (SCQ), will shut its doors from Thursday, 23 April to Wednesday, 27 May 2026. It is due to undergo critical runway maintenance during the closure. traveltomorrow.com/santiago-air... #Santiago #airport #avgeek #SCQ;1;0;0;;Desconocido;SI;460;
POST;at://did:plc:gnvvlsrhrrwn5lbbp5scxx6l/app.bsky.feed.post/3mk3zoeiohs2y;at://did:plc:gnvvlsrhrrwn5lbbp5scxx6l/app.bsky.feed.post/3mk3zoeiohs2y;2026-04-22T17:31:58.275Z;schrik.bsky.social;AA7F182340D13B0D;"""Was jij er ook bij in 1981?"" Ik gok dat het publiek hier bij Paul Simon iets ouder is dan bij Rosalía iets verderop";2;0;1;;Desconocido;SI;1882;
COMENTARIO;at://did:plc:gnvvlsrhrrwn5lbbp5scxx6l/app.bsky.feed.post/3mk3zxwjpgc2y;at://did:plc:gnvvlsrhrrwn5lbbp5scxx6l/app.bsky.feed.post/3mk3zoeiohs2y;2026-04-22T17:37:19.173Z;schrik.bsky.social;AA7F182340D13B0D;Denk dat hij 1982 bedoelde trouwens: Simon & Garfunkel in de Kuip www.nrc.nl/nieuws/1982/...;1;0;0;;Desconocido;SI;;
POST;at://did:plc:jykcb7zydrai7rw664gpls23/app.bsky.feed.post/3mk3znamwfb2p;at://did:plc:jykcb7zydrai7rw664gpls23/app.bsky.feed.post/3mk3znamwfb2p;2026-04-22T17:31:20.645Z;blaugranagram.com;1A3AD0437D88AC79;"🔵🔴 28' Barça Femení 1-1 Espanyol. Early goal from Carla Julià canceled by a penalty.

A reminder that Rosalía Domínguez is making her debut, and already playing like a first team regular.

If Barça go on to win the derby, they win Liga F.";1;0;0;;Desconocido;SI;456;
POST;at://did:plc:bibzz7r6mkiogxxsr22c3hs6/app.bsky.feed.post/3mk3zkgfpdc2b;at://did:plc:bibzz7r6mkiogxxsr22c3hs6/app.bsky.feed.post/3mk3zkgfpdc2b;2026-04-22T17:29:46.058Z;makox3.bsky.social;82FFDC2AE845EC1B;someone add motorcycle engine revs in Focu ‘Ranni by Rosalía PLEASE;2;0;0;;Desconocido;SI;375;
POST;at://did:plc:ur77nun2q74loi34r2e6r43u/app.bsky.feed.post/3mk3zjl4mu22j;at://did:plc:ur77nun2q74loi34r2e6r43u/app.bsky.feed.post/3mk3zjl4mu22j;2026-04-22T17:29:17.448Z;maiamindel.bsky.social;B1A0BD0E1D9417F6;"open.spotify.com/intl-es/trac...
lux (2025) by rosalia";3;0;0;;Desconocido;SI;15976;
POST;at://did:plc:brgzzc3whw24y5w7wl3hcfhn/app.bsky.feed.post/3mk3ygnwwmk2o;at://did:plc:brgzzc3whw24y5w7wl3hcfhn/app.bsky.feed.post/3mk3ygnwwmk2o;2026-04-22T17:09:46.003Z;cptowers.bsky.social;295B04E8837C1D09;"kinda rules that they're using a Rosalia song to advertise the NBA playoffs.

it rules even more if you know that the song also features Bjork and Yves Tumor and an EXTREMELY vulgar Mike Tyson sample repeated over and over and over. 

This song rules so hard. 
www.youtube.com/watch?v=7fyu...";3;0;1;;Desconocido;SI;9259;
COMENTARIO;at://did:plc:kpwhldfxutpxgrimsvs2vber/app.bsky.feed.post/3mk3yho42b224;at://did:plc:brgzzc3whw24y5w7wl3hcfhn/app.bsky.feed.post/3mk3ygnwwmk2o;2026-04-22T17:10:19.724Z;michaelwaterloo.bsky.social;67E1D962C78805D6;Man, her LUX album is so so so so good. @thomascostello.bsky.social put me on to it.;1;0;1;;Desconocido;SI;;
POST;at://did:plc:alqz74jxktlvenr62qos47as/app.bsky.feed.post/3mk3wvvhlxc2z;at://did:plc:alqz74jxktlvenr62qos47as/app.bsky.feed.post/3mk3wvvhlxc2z;2026-04-22T16:42:29.709Z;dvschend.bsky.social;3C21AC7394BD955E;Ready for what probably be THE show of the year....by Rosalía;0;0;0;;Desconocido;SI;77;
POST;at://did:plc:7szqua2y7242iy4bnurjp6sk/app.bsky.feed.post/3mk3wuuwjis2j;at://did:plc:7szqua2y7242iy4bnurjp6sk/app.bsky.feed.post/3mk3wuuwjis2j;2026-04-22T16:41:55.607Z;mrbytehub.github.io;3B7EA1728FADA349;Come non amarla!;4;0;0;;Desconocido;SI;1461;
POST;at://did:plc:ukhqib76fwmbtjg32fa4apst/app.bsky.feed.post/3mk3wtqnvu22v;at://did:plc:ukhqib76fwmbtjg32fa4apst/app.bsky.feed.post/3mk3wtqnvu22v;2026-04-22T16:41:17.573Z;thursdaysgirl.bsky.social;7786D8730EF41AC4;Oye lo bien que me lo he pasado con el segundo episodio de #Euphoria entre la reinaza del personaje de Angel el cameo de la Rosalía luego la venganza que se viene de Maddy hacia Cassie y Rue trapicheando realmente todo pura fantasía;1;0;0;;Desconocido;SI;166;
POST;at://did:plc:dzfsd3qxli7y3urrfctxbfcw/app.bsky.feed.post/3mk3vstu4rkq2;at://did:plc:dzfsd3qxli7y3urrfctxbfcw/app.bsky.feed.post/3mk3vstu4rkq2;2026-04-22T16:22:46.000Z;nuopradio2.mastodon.nl.ap.brid.gy;66D2A700064219FE;La Perla van Rosalia. Dit nummer draait tot 18:25:15.;0;0;0;;Desconocido;SI;186;
POST;at://did:plc:ywy2lxtfdki4yg6fqmfev7vl/app.bsky.feed.post/3mk3vgmr6wum2;at://did:plc:ywy2lxtfdki4yg6fqmfev7vl/app.bsky.feed.post/3mk3vgmr6wum2;2026-04-22T16:15:52.000Z;nieuws.mastodon.nl.ap.brid.gy;24AC8D9ADAFEB828;"""Rosalía zingt in een uitverkochte Ziggo Dome in 14 talen: lastig meezingen"" via RTL Nieuws
https://www.rtl.nl/nieuws/editienl/video/52e12493-dfa9-4115-ae2b-82acde743d0b/rosalia-zingt-een-uitverkochte-ziggo
#nieuws #rtlnieuws";0;0;0;;Desconocido;SI;276;
POST;at://did:plc:toz4no26o2x4vsbum7cp4bxp/app.bsky.feed.post/3mk3vynzioy2t;at://did:plc:toz4no26o2x4vsbum7cp4bxp/app.bsky.feed.post/3mk3vynzioy2t;2026-04-22T16:10:58.000000Z;news-flows-nl.bsky.social;3B79BE16037D399A;"Rosalía zingt in een uitverkochte Ziggo Dome in 14 talen: lastig meezingen

Zangeres Rosalia staat vandaag en morgen voor het eerst in de Ziggo Dome. Tijdens de tour speelt ze muziek van haar vierde album LUX. Bijzonder is dat op het album 14 verschillende talen te horen zijn waaronder Japans,...";0;0;0;;Desconocido;SI;583;
POST;at://did:plc:dmjm6xseqmasogarrbpdvaao/app.bsky.feed.post/3mk3uwxd2642x;at://did:plc:dmjm6xseqmasogarrbpdvaao/app.bsky.feed.post/3mk3uwxd2642x;2026-04-22T16:07:16.380Z;fotogramasrevista.bsky.social;392653631969A905;Cómo Rosalía pasó de ser fan de 'Euphoria' a triunfar con su acento español en la serie;1;0;0;;Desconocido;SI;1484;
POST;at://did:plc:jwegffkd7si6zegzpou7yupi/app.bsky.feed.post/3mk3uo23cmk2n;at://did:plc:jwegffkd7si6zegzpou7yupi/app.bsky.feed.post/3mk3uo23cmk2n;2026-04-22T16:02:18.642Z;benevoluspf.bsky.social;B7EB363237AAD8BA;If anyone is interested in the music the NBA is using for all its promos (for games we won’t be able to watch because they’re all on various streaming services), here it is. From Rosalía.;1;1;1;;Desconocido;SI;4386;
COMENTARIO;at://did:plc:jwegffkd7si6zegzpou7yupi/app.bsky.feed.post/3mk3ux2avgs2n;at://did:plc:jwegffkd7si6zegzpou7yupi/app.bsky.feed.post/3mk3uo23cmk2n;2026-04-22T16:07:20.815Z;benevoluspf.bsky.social;B7EB363237AAD8BA;That’s Björk (from Iceland), btw.;0;0;0;;Desconocido;SI;;
POST;at://did:plc:wshh5yyiege53ypkjpjjdudo/app.bsky.feed.post/3mk3unutiis2g;at://did:plc:wshh5yyiege53ypkjpjjdudo/app.bsky.feed.post/3mk3unutiis2g;2026-04-22T16:02:13.144Z;politicaprosa.bsky.social;01B104BAD86B6BC6;"📚 Una selecció de novetats editorials sobre música i músics molt variada que va de la vida de Richard Wagner a la Barcelona de Rosalia.

Per @rosamassague.bsky.social.";2;2;0;;Desconocido;SI;552;
POST;at://did:plc:extqxtsoc4q4qnbmwizooppn/app.bsky.feed.post/3mk3trcxkru2x;at://did:plc:extqxtsoc4q4qnbmwizooppn/app.bsky.feed.post/3mk3trcxkru2x;2026-04-22T15:45:44.000Z;triple.jplays.au;AC000A12EC62F2B0;"#NowPlaying
🕜 1:45 am

🎵 La Perla
🧑‍🎤 ROSALÍA & Yahritza Y Su Esencia
💿 LUX";0;0;0;;Desconocido;SI;1147;
POST;at://did:plc:qbccbnt75n4obplzekugvw7p/app.bsky.feed.post/3mk3to4chs22o;at://did:plc:qbccbnt75n4obplzekugvw7p/app.bsky.feed.post/3mk3to4chs22o;2026-04-22T15:44:27.233Z;veerle024.bsky.social;D5A6424449CC1361;LA ROSALIA TIJJJJDDDD;3;0;1;;Desconocido;SI;9;
COMENTARIO;at://did:plc:fnugjqaryuhjsmipsvf4cfcz/app.bsky.feed.post/3mk4biksfkc2y;at://did:plc:qbccbnt75n4obplzekugvw7p/app.bsky.feed.post/3mk3to4chs22o;2026-04-22T19:51:53.494Z;melissanhoz.bsky.social;59F949ECCA12DFCC;HAVE FUN MOPPIE!!!!!!!;3;0;0;;Desconocido;SI;;
POST;at://did:plc:w4mqrunmfdi3ufjduci53726/app.bsky.feed.post/3mk3tnmrgjc2e;at://did:plc:w4mqrunmfdi3ufjduci53726/app.bsky.feed.post/3mk3tnmrgjc2e;2026-04-22T15:44:10.946Z;renattto.bsky.social;D8DAD269891E1F73;rezando (ouvindo o rosalia trabalhos completos);9;0;0;;Desconocido;SI;3251;
POST;at://did:plc:3tvkem5ffwbrxwmsip6y7sbo/app.bsky.feed.post/3mk3rwa2mpc23;at://did:plc:3tvkem5ffwbrxwmsip6y7sbo/app.bsky.feed.post/3mk3rwa2mpc23;2026-04-22T15:13:12.121Z;oriolllado.bsky.social;C198AF42EA52B16F;Avui a #Badalona Matí, a Cançons per explicar el món, hem parlat de la lluna, l'astre amb més metàfores sobre l'amor i els seus misteris. Disfressats d'astronautes, ens hem fet acompanyar per Van Morrison, Roger Mas, Paul Simon i Rosalía! Escolta'l aquí: www.oriolllado.cat/altracaradel...;0;0;0;;Desconocido;SI;954;
POST;at://did:plc:ddanrakjhr7uyoler4fuskbk/app.bsky.feed.post/3mk3rqbe5en2d;at://did:plc:ddanrakjhr7uyoler4fuskbk/app.bsky.feed.post/3mk3rqbe5en2d;2026-04-22T15:09:51.990967Z;concellodacoruna.bsky.social;D585FE35013100D8;"🎶 A Coruña enche os seus espazos culturais de comedia e música contemporánea co inicio do EMHU e o RESIS

🎭 Os teatros Colón e Rosalía de Castro protagonizarán a xornada inaugural

ℹ️ https://i.gal/8o1ON";1;1;0;;Desconocido;SI;629;
POST;at://did:plc:glhgcupagpocfirbowvsoenp/app.bsky.feed.post/3mk3qetkf4w2n;at://did:plc:glhgcupagpocfirbowvsoenp/app.bsky.feed.post/3mk3qetkf4w2n;2026-04-22T14:45:34.536Z;caminodesantiago.bsky.social;070560D5E5892F0C;"‼️Der Flughafen Santiago de Compostela–Rosalía de Castro (SCQ) wird vom 23. April bis 27. Mai 2026 wegen umfangreicher Landebahn‑ und Infrastrukturrenovierungen vollständig geschlossen. In dieser Zeit werden alle Flüge ausgesetzt: keine Abflüge und keine Ankünfte.
#caminodesantiago
#jakobsweg";1;0;1;;Desconocido;SI;1333;
COMENTARIO;at://did:plc:glhgcupagpocfirbowvsoenp/app.bsky.feed.post/3mk3qgb7qo426;at://did:plc:glhgcupagpocfirbowvsoenp/app.bsky.feed.post/3mk3qetkf4w2n;2026-04-22T14:46:22.656Z;caminodesantiago.bsky.social;070560D5E5892F0C;Santiago (SCQ) ist das wichtigste Tor für Camino‑Pilger, vor allem im Frühjahr. Wer Ende April–Mai 2026 starten oder den Camino beenden will, sollte A Coruña (LCG), Vigo (VGO) oder Porto (OPO) nutzen und dann mit Zug, Bus oder Transfer nach Santiago reisen.;0;0;0;;Desconocido;SI;;
POST;at://did:plc:glhgcupagpocfirbowvsoenp/app.bsky.feed.post/3mk3pwdkjct23;at://did:plc:glhgcupagpocfirbowvsoenp/app.bsky.feed.post/3mk3pwdkjct23;2026-04-22T14:37:28.026Z;caminodesantiago.bsky.social;070560D5E5892F0C;"‼️Santiago de Compostela–Rosalía de Castro Airport (SCQ) will be fully closed from 23 April to 27 May 2026 for major runway renovation and infrastructure work.

During this period, all flights will be suspended: no departures or arrivals.‼️
#caminodesantiago
#jakobsweg
#compostelle
#stjamesway";1;0;1;;Desconocido;SI;1333;
COMENTARIO;at://did:plc:glhgcupagpocfirbowvsoenp/app.bsky.feed.post/3mk3q64pwet2r;at://did:plc:glhgcupagpocfirbowvsoenp/app.bsky.feed.post/3mk3pwdkjct23;2026-04-22T14:41:49.307Z;caminodesantiago.bsky.social;070560D5E5892F0C;Santiago (SCQ) is the key gateway for Camino de Santiago pilgrims, especially in spring. Those planning to start or finish in late April–May 2026 should use A Coruña (LCG), Vigo (VGO), or Porto (OPO) and travel on by train, bus, or transfer to Santiago.;0;0;0;;Desconocido;SI;;
POST;at://did:plc:sdmh72lkx6zss6qoy6uxxhxq/app.bsky.feed.post/3mk3mztfbfs2k;at://did:plc:sdmh72lkx6zss6qoy6uxxhxq/app.bsky.feed.post/3mk3mztfbfs2k;2026-04-22T13:45:44.346Z;feirinha.cc;F2D96C610C8D8A39;"Bom diaaaa!

Rosalía - Motomami [Disco de Vinil]  

R$238,28

amzn.to/4tZzxE5";0;0;0;;Desconocido;SI;1986;
POST;at://did:plc:4lwapbwymx5gv5isifm2co5o/app.bsky.feed.post/3mk3lbppz2j22;at://did:plc:4lwapbwymx5gv5isifm2co5o/app.bsky.feed.post/3mk3lbppz2j22;2026-04-22T13:14:19.889264Z;voguespain.bsky.social;8622563BBFA92792;La artista ha apostado por la firma española para incorporar a su armario proporciones llevadas al límite y un guiño a los años sesenta www.vogue.es/articulos/do...;0;0;0;;Desconocido;SI;234;
POST;at://did:plc:lephpehj5gk7jyrehx726csm/app.bsky.feed.post/3mk3l24v3bz2t;at://did:plc:lephpehj5gk7jyrehx726csm/app.bsky.feed.post/3mk3l24v3bz2t;2026-04-22T13:10:06.579972Z;tigrepaper.bsky.social;E0BFA20D0D67304A;"Dins la voràgine de Sant Jordi, CRITIC recomana 'Les cures' a Donald Trump, i 'Deu mites sobre Israel' a Pilar Rahola, i ens sembla molt bé!

😉Aquí totes les recomanacions! ⬇️

";1;0;0;;Desconocido;SI;909;
POST;at://did:plc:d6bnlxfbzimd2dnqmcro5x6y/app.bsky.feed.post/3mk3g7yrn7c2y;at://did:plc:d6bnlxfbzimd2dnqmcro5x6y/app.bsky.feed.post/3mk3g7yrn7c2y;2026-04-22T11:43:55.128Z;e2pts0.bsky.social;3E5BE2BBE0D12CCE;"Y'a pas à dire l'IAgen, quel progrès quand meme. Ça manquait.
www.huffingtonpost.fr/politique/ar...";1;0;0;;Desconocido;SI;76;
POST;at://did:plc:iho2utcnulwv32huepi2ydw7/app.bsky.feed.post/3mk3f4i2iop2w;at://did:plc:iho2utcnulwv32huepi2ydw7/app.bsky.feed.post/3mk3f4i2iop2w;2026-04-22T11:24:03.042239Z;noticies.apuntmedia.es;0AA196E89BC76902;"🎶 La Fúmiga presenta el seu primer i únic disc de vinil este dimecres.

👉 Una edició limitada, amb només mil exemplars, que malgrat no haver eixit encara a la venda, ja és el número set dels vinils més venuts en Amazon.
";1;0;0;;Desconocido;SI;1913;
POST;at://did:plc:kzkl2onyewbs7pehh2ellzcb/app.bsky.feed.post/3mk3cdj2nqz2v;at://did:plc:kzkl2onyewbs7pehh2ellzcb/app.bsky.feed.post/3mk3cdj2nqz2v;2026-04-22T10:34:15.403186Z;g1-bot-rss.adilson.net.br;73394A3CBBF2819F;"Delegado nega que tenha monitorado com drone advogada que reclamou nas redes sociais sobre arquivamento de BO; vídeo";0;0;0;;Desconocido;SI;7361;
POST;at://did:plc:6tukkhkt2kbigiplitdgveay/app.bsky.feed.post/3mk36kvf7d22x;at://did:plc:6tukkhkt2kbigiplitdgveay/app.bsky.feed.post/3mk36kvf7d22x;2026-04-22T09:26:50.740Z;kenveerman.eurosky.social;01321367ADBD0FF7;"Looking forward to seeing Rosalia next week. But oh my word Ticketmaster is such an utterly terrible ticket provider.

In order to acces an expensive ticket they require you to give an email address, a phone number, face verification (whut?) and to download their app.";1;0;0;;Desconocido;SI;202;
POST;at://did:plc:umxovjhjxcbtyejuwkicyl3q/app.bsky.feed.post/3mk34lgftan2s;at://did:plc:umxovjhjxcbtyejuwkicyl3q/app.bsky.feed.post/3mk34lgftan2s;2026-04-22T08:51:20.845Z;rockdelux.bsky.social;8BC6D687978612EB;"En “La Hora Rockdelux” de abril, Santi Carrillo y Juan Cervera conversan sobre Rosalía, Neurosis, Kanye West, Mayte Martín, Massive Attack, Dagmar Zuniga y Fugazi.

🌱 Golosinas musicales para florecer en primavera.";1;0;0;;Desconocido;SI;2185;
POST;at://did:plc:br2ek5c3x75jzkhpz32auxnv/app.bsky.feed.post/3mk32apqxek2n;at://did:plc:br2ek5c3x75jzkhpz32auxnv/app.bsky.feed.post/3mk32apqxek2n;2026-04-22T08:09:34.322Z;latrobairitz.eurosky.social;552BD74C8A666A89;"A la feina (de l'administració) han cantat ""fa més la Rosalía pel català que totes les campanyes de l'administració"". Meravellós.";15;0;5;;Desconocido;SI;1730;
COMENTARIO;at://did:plc:xcjmywwjkz54ml54bxnn5iln/app.bsky.feed.post/3mk5i63lycc2t;at://did:plc:br2ek5c3x75jzkhpz32auxnv/app.bsky.feed.post/3mk32apqxek2n;2026-04-23T07:23:57.940Z;polymniah.bsky.social;6E15D3F41DD56005;🥱;1;0;0;;Desconocido;SI;;
COMENTARIO;at://did:plc:rahcmx2m7l3ohspccfj37qsa/app.bsky.feed.post/3mk5j73igrc26;at://did:plc:br2ek5c3x75jzkhpz32auxnv/app.bsky.feed.post/3mk32apqxek2n;2026-04-23T07:42:25.122Z;cinta.bsky.social;4B4FF13826011D08;🫠;3;0;0;;Desconocido;SI;;
COMENTARIO;at://did:plc:qxlsyyaaiwbkxvvgtun6asgy/app.bsky.feed.post/3mk3g224gwc2b;at://did:plc:br2ek5c3x75jzkhpz32auxnv/app.bsky.feed.post/3mk32apqxek2n;2026-04-22T11:40:35.205Z;jsalvata.bsky.social;C7838821B9BC2DC2;Xupito!;1;0;0;;Desconocido;SI;;
COMENTARIO;at://did:plc:qbuso24ipxm3ufgpl7c2qzce/app.bsky.feed.post/3mk6ce6rr4k2d;at://did:plc:br2ek5c3x75jzkhpz32auxnv/app.bsky.feed.post/3mk32apqxek2n;2026-04-23T15:12:39.889Z;bethalga.bsky.social;57857E6F625BE49C;"Però si va dir ""cumpleanys""";1;0;0;;Desconocido;SI;;
COMENTARIO;at://did:plc:b2pw2cg2j7shqf3ittpf7m5b/app.bsky.feed.post/3mk32dzc2qs2e;at://did:plc:br2ek5c3x75jzkhpz32auxnv/app.bsky.feed.post/3mk32apqxek2n;2026-04-22T08:11:24.981Z;jorditxa.bsky.social;DCA8617A0E6D746D;;1;0;1;;Desconocido;SI;;
POST;at://did:plc:uqsv2fby2su6dj3wstxsnzkv/app.bsky.feed.post/3mkaxtmthjl2p;at://did:plc:uqsv2fby2su6dj3wstxsnzkv/app.bsky.feed.post/3mkaxtmthjl2p;2026-04-22T08:08:41Z;bbcradio1bot.bsky.social;EB1EE598F58BBF0D;"BBC Radio 1
Radio 1 Breakfast with Greg James

Now Playing
ROSALÍA, Björk & Yves Tumor
Berghain";0;0;0;;Desconocido;SI;903;
POST;at://did:plc:eadlvi4jlwv5ig6yecdz6b4f/app.bsky.feed.post/3mk326zg6g42s;at://did:plc:eadlvi4jlwv5ig6yecdz6b4f/app.bsky.feed.post/3mk326zg6g42s;2026-04-22T08:08:37.259Z;radio-1.bsky.social;2C04256D6DD0361B;“Berghain” by ROSALÍA, Björk & Yves Tumor #nowplaying #radio1;0;0;0;;Desconocido;SI;316;
POST;at://did:plc:vyxsjxlfps5oo62o2a6wphok/app.bsky.feed.post/3mk2zwdojxp2p;at://did:plc:vyxsjxlfps5oo62o2a6wphok/app.bsky.feed.post/3mk2zwdojxp2p;2026-04-22T08:03:43Z;diariocompos.bsky.social;F4C1519DCE6EC416;Preocupación en el sector hotelero compostelano por la grave pérdida de tráfico aeroportuario;0;0;0;;Desconocido;SI;3;
POST;at://did:plc:pizuday5ucu3bxp244lgaxu3/app.bsky.feed.post/3mk2zt4lfoh2a;at://did:plc:pizuday5ucu3bxp244lgaxu3/app.bsky.feed.post/3mk2zt4lfoh2a;2026-04-22T08:01:57.589Z;jfkmen.bsky.social;57DE058F89EAABBC;"Voor de concerten op 22 en 23 april

📸: © Noah Dillon
https://jfk.men/entertainment/setlist-rosalia-ziggo-dome-2026-lux-tour/";0;0;0;;Desconocido;SI;11;
POST;at://did:plc:qoqwfo6jimgrx5bubpas4inz/app.bsky.feed.post/3mk2zdrmfas2o;at://did:plc:qoqwfo6jimgrx5bubpas4inz/app.bsky.feed.post/3mk2zdrmfas2o;2026-04-22T07:53:23.192Z;elcultural.com;1AE02270E88F6551;"Sant Jordi conquista las calles: cincuenta novedades recomendadas para el Día del Libro

Las mejores novelas, ensayos, poemarios, libros de arte, cine, cómic y música. Fernando Aramburu, Isabel Allende, los versos de Margaret Atwood y obras que desentrañan el talento de Rosalía o David Lynch.";0;0;0;;Desconocido;SI;1715;
POST;at://did:plc:f3pzejtn7vcblvziskpilhte/app.bsky.feed.post/3mk2xzcj5jk2m;at://did:plc:f3pzejtn7vcblvziskpilhte/app.bsky.feed.post/3mk2xzcj5jk2m;2026-04-22T07:29:38.070Z;lennartvn.bsky.social;061E71D3A9A4608A;Vanavond Rosalía dus al de hele dag Barfa-lona aan het zeggen;4;0;1;;Desconocido;SI;555;
COMENTARIO;at://did:plc:6v37ej3s3n77beai77ecrgy4/app.bsky.feed.post/3mk2z73g3ik2m;at://did:plc:f3pzejtn7vcblvziskpilhte/app.bsky.feed.post/3mk2xzcj5jk2m;2026-04-22T07:50:45.698Z;alainverheij.bsky.social;9412E2E43B6C851C;Veel plezier! Groeten aan mijn vrouw en stiefkind (ik mag morgen);0;0;0;;Desconocido;SI;;
POST;at://did:plc:rguoczakh7llofcmtnkwise5/app.bsky.feed.post/3mk2xlg2sc224;at://did:plc:rguoczakh7llofcmtnkwise5/app.bsky.feed.post/3mk2xlg2sc224;2026-04-22T07:21:52.030Z;obaixoulla.bsky.social;5789C2EC67548435;"En 1957 inaugurouse a estatua de Rosalía no Espolón e un ano despois tivo lugar, no mesmo sitio de #Padrón, a coroación de Ramón Cabanillas, dous actos galeguistas protagonizados por Otero Pedrayo e dos que se falará hoxe na @casaderosalia.bsky.social #OBaixoUlla

www.obaixoulla.gal/elementos/pa...";9;2;0;;Desconocido;SI;322;
POST;at://did:plc:nc7xtwsybnrft2kfr3cczs3f/app.bsky.feed.post/3mk2wenyv3r2c;at://did:plc:nc7xtwsybnrft2kfr3cczs3f/app.bsky.feed.post/3mk2wenyv3r2c;2026-04-22T07:00:11Z;infobae.bsky.social;8FE9D04C46BEF927;Rosalía y el creador de ‘Euphoria’ revelan cómo fue la aparición de la cantante en la serie: “No te preocupes mucho por el inglés, hazlo en español”;0;0;0;;Desconocido;SI;4246;
POST;at://did:plc:4viv5kfl7bitgoilzlcujd5o/app.bsky.feed.post/3mk3bfrdn3jl2;at://did:plc:4viv5kfl7bitgoilzlcujd5o/app.bsky.feed.post/3mk3bfrdn3jl2;2026-04-22T07:00:00.000Z;handle.invalid;0B200F1EC7AC559E;;0;1;0;;Desconocido;SI;3;
POST;at://did:plc:352gmn2m2vh6lc4yd4xnpdlp/app.bsky.feed.post/3mk2wdqr6mk22;at://did:plc:352gmn2m2vh6lc4yd4xnpdlp/app.bsky.feed.post/3mk2wdqr6mk22;2026-04-22T06:59:41.074Z;mireller.bsky.social;67CA834EEA155676;Morgen ga ik!!! Kan niet wachten 🤩https://www.volkskrant.nl/cultuur-media/de-duivel-van-goya-de-mona-lisa-balletdanseresje-van-degas-zangeres-rosalia-is-het-op-het-podium-allemaal~bb2e2389/;0;0;0;;Desconocido;SI;405;
POST;at://did:plc:sipihef75agzed374wb4os54/app.bsky.feed.post/3mk2vux4hxs2e;at://did:plc:sipihef75agzed374wb4os54/app.bsky.feed.post/3mk2vux4hxs2e;2026-04-22T06:51:24.417Z;wilh.bsky.social;2D5FAEAF3DEEA8B5;"Ze treedt vandaag en morgen op in Amsterdam las ik in de Volkskrant, dan hier de dag maar mee in!
youtu.be/hwO4eBeBxR4?...";2;0;0;;Desconocido;SI;1098;
POST;at://did:plc:ok45h5rklmmyqkiovnd2zaoa/app.bsky.feed.post/3mk2vsnu2ic2t;at://did:plc:ok45h5rklmmyqkiovnd2zaoa/app.bsky.feed.post/3mk2vsnu2ic2t;2026-04-22T06:50:07.596Z;casaderosalia.bsky.social;0188C0A56A870F35;"Unímonos ao Ano Oteriano cun acto que inclúe unha charla entre especialistas e a audición do histórico discurso de Otero Pedrayo en Padrón, ademais de proxección de imaxes. Hoxe á tardiña! 
www.elcorreogallego.es/concellos/20...";2;0;0;;Desconocido;SI;543;
POST;at://did:plc:uojkt5hmipe2asxivjggn5a7/app.bsky.feed.post/3mk2tzpemwm2v;at://did:plc:uojkt5hmipe2asxivjggn5a7/app.bsky.feed.post/3mk2tzpemwm2v;2026-04-22T08:18:15+02:00;elpuntavui.cat;A40ECDCB9478095B;"DE REÜLL | Rosalía t’esbudella, article de @Nuriastorch

✍️ Núria Astorch Flavià";0;0;0;;Desconocido;SI;2155;
POST;at://did:plc:ds3osjwmuh5kuopyrsde3vti/app.bsky.feed.post/3mk2thaax2c2z;at://did:plc:ds3osjwmuh5kuopyrsde3vti/app.bsky.feed.post/3mk2thaax2c2z;2026-04-22T06:07:56.757Z;liesbethvdh.bsky.social;886C55656E15B659;Aan alle ontzettende geluksvogels die vanavond of morgenavond naar Rosalía in Ziggo Dome gaan: klap en juich en geniet ook een beetje namens mij!;0;0;0;;Desconocido;SI;628;
POST;at://did:plc:pkufrosc24silyqi2wctxpdi/app.bsky.feed.post/3mk2siih34s2u;at://did:plc:pkufrosc24silyqi2wctxpdi/app.bsky.feed.post/3mk2siih34s2u;2026-04-22T05:50:45.160Z;pvdp.eurosky.social;802FAB19B711C74D;¡Het is Rosalía-dag! 💃;6;0;4;;Desconocido;SI;650;
COMENTARIO;at://did:plc:tpnnfv253ztbhtircbdbatrl/app.bsky.feed.post/3mk2thygb5c2b;at://did:plc:pkufrosc24silyqi2wctxpdi/app.bsky.feed.post/3mk2siih34s2u;2026-04-22T06:08:22.095Z;jaaphermans.bsky.social;27F197F54D3DCE44;Dank zij o.a. jou een tijd geleden LUX gaan luisteren, want eerder totaaaaal niet op m’n radar. Wat. Een. Plaat. Wel grappig: mijn al 30 jaar in Spanje wonende zus kijkt met verbazing naar hoe ze de wereld veroverd, want “wel aardig” (voor LUX uitkwam) 🤣;2;0;0;;Desconocido;SI;;
COMENTARIO;at://did:plc:pkufrosc24silyqi2wctxpdi/app.bsky.feed.post/3mk4kssgv2c2b;at://did:plc:pkufrosc24silyqi2wctxpdi/app.bsky.feed.post/3mk2siih34s2u;2026-04-22T22:38:40.723Z;pvdp.eurosky.social;802FAB19B711C74D;;1;0;0;;Desconocido;SI;;
COMENTARIO;at://did:plc:avuwirqzx7kudzxedz7nmjkn/app.bsky.feed.post/3mk2t5bsaj22o;at://did:plc:pkufrosc24silyqi2wctxpdi/app.bsky.feed.post/3mk2siih34s2u;2026-04-22T06:02:22.828Z;markdijkhuis.bsky.social;8B6A1539B847CA81;Wordt geweldig, Peter!;2;0;0;;Desconocido;SI;;
COMENTARIO;at://did:plc:7fgsnsbuqgkuwygqslobu7tc/app.bsky.feed.post/3mk45bxh5z225;at://did:plc:pkufrosc24silyqi2wctxpdi/app.bsky.feed.post/3mk2siih34s2u;2026-04-22T18:36:36.909Z;taxedotom.bsky.social;60F1CF7531043B40;Morgenavond voor mij, kijk er heel erg naar uit.;2;0;0;;Desconocido;SI;;
POST;at://did:plc:ofwprqbjgby6xxsothcpym5f/app.bsky.feed.post/3mk2r77vtbax2;at://did:plc:ofwprqbjgby6xxsothcpym5f/app.bsky.feed.post/3mk2r77vtbax2;2026-04-22T05:19:29.000Z;elplural.com.web.brid.gy;38457E734001C958;;0;0;0;;Desconocido;SI;233;
POST;at://did:plc:arvju7xtlou7o5r3hmuuizht/app.bsky.feed.post/3mk2qchavok22;at://did:plc:arvju7xtlou7o5r3hmuuizht/app.bsky.feed.post/3mk2qchavok22;2026-04-22T05:11:35.099Z;tamazcat.bsky.social;9B32B2EC2F10E109;Opus Rosalia;2;0;1;;Desconocido;SI;182;
COMENTARIO;at://did:plc:arvju7xtlou7o5r3hmuuizht/app.bsky.feed.post/3mk2qfmwun222;at://did:plc:arvju7xtlou7o5r3hmuuizht/app.bsky.feed.post/3mk2qchavok22;2026-04-22T05:13:21.724Z;tamazcat.bsky.social;9B32B2EC2F10E109;They call me Strange Backslop because I am so Fermented and Red;1;0;0;;Desconocido;SI;;
POST;at://did:plc:sw2u3jta6dqm2dfab45a64we/app.bsky.feed.post/3mk2own2dem2y;at://did:plc:sw2u3jta6dqm2dfab45a64we/app.bsky.feed.post/3mk2own2dem2y;2026-04-22T04:47:04.411Z;tempetebot.bsky.social;BADE4CD840DF2BCF;"🎶 #NowPlaying Rosalía - NANA (Cap.9: Concepción)

https://radiotempete.com/";0;0;0;;Desconocido;SI;100;
POST;at://did:plc:7xtn2lpylor65kgtgjaqxxgc/app.bsky.feed.post/3mk2nrnjask27;at://did:plc:7xtn2lpylor65kgtgjaqxxgc/app.bsky.feed.post/3mk2nrnjask27;2026-04-22T04:26:23.755Z;fruttekoek.bsky.social;6F211ECE133D2E78;"""De duivel van Goya, de Mona Lisa, balletdanseresje van Degas: zangeres #Rosalía is het op het podium allemaal""

Bedankt voor de zéér uitgebreide recensie van het visuele aspect van het concert van Rosalia, 
maar hoe was de zang en muziek?";0;0;0;;Desconocido;SI;356;
POST;at://did:plc:oymnacxjqqhunnzmaljgbuw6/app.bsky.feed.post/3mk2milcdra2t;at://did:plc:oymnacxjqqhunnzmaljgbuw6/app.bsky.feed.post/3mk2milcdra2t;2026-04-22T04:03:23Z;diarioarousa.bsky.social;77778A93BE67A085;#Vilagarcía | Un informe técnico del Concello pide a la Xunta la reparación de este vial y de Rosalía de Castro;0;0;0;;Desconocido;SI;11;
POST;at://did:plc:ij2kpfuhdcg3t367deqys732/app.bsky.feed.post/3mk2pxqut6ef2;at://did:plc:ij2kpfuhdcg3t367deqys732/app.bsky.feed.post/3mk2pxqut6ef2;2026-04-22T04:00:00.000Z;wwd.com.web.brid.gy;F96C2A39F8352263;;0;0;0;;Desconocido;SI;28;
POST;at://did:plc:hdbifwhisnjgv5d3wo3nbfwf/app.bsky.feed.post/3mk2iq2nvq22f;at://did:plc:hdbifwhisnjgv5d3wo3nbfwf/app.bsky.feed.post/3mk2iq2nvq22f;2026-04-22T02:56:01.721Z;myke-wazowski.blacksky.app;BFE43CA10B28CD1D;Ayo did zendaya bump Rosalía 😂;0;0;0;;Desconocido;SI;1517;
POST;at://did:plc:ass4aukj7qniiiswynzx24xa/app.bsky.feed.post/3mk2gzo2nrv27;at://did:plc:ass4aukj7qniiiswynzx24xa/app.bsky.feed.post/3mk2gzo2nrv27;2026-04-22T02:25:36.420Z;volkskrant.nl;D402538121720B29;De duivel van Goya, de Mona Lisa, balletdanseresje van Degas: zangeres Rosalía is het op het podium allemaal;4;0;1;;Desconocido;SI;31877;
COMENTARIO;at://did:plc:uz4fnwly6pvt45ytr5ilw5sn/app.bsky.feed.post/3mk2wxnveik2o;at://did:plc:ass4aukj7qniiiswynzx24xa/app.bsky.feed.post/3mk2gzo2nrv27;2026-04-22T07:10:49.155Z;valcit.bsky.social;6CC23A5505C90585;Geweldige artiest.;0;0;0;;Desconocido;SI;;
POST;at://did:plc:sbqha2hlrgttsljv7fljws3m/app.bsky.feed.post/3mk2gpzvf7c2b;at://did:plc:sbqha2hlrgttsljv7fljws3m/app.bsky.feed.post/3mk2gpzvf7c2b;2026-04-22T02:20:13.434Z;lucaskav.bsky.social;A6A531EFE9370B66;Eu choro de rir toda vez que aparece a Tia Milena de cosplay da Rosalia Lux;3;0;0;;Desconocido;SI;962;
POST;at://did:plc:7yjpbvkrufbi6bjeoqp7dlkk/app.bsky.feed.post/3mk2gcqqiu22z;at://did:plc:7yjpbvkrufbi6bjeoqp7dlkk/app.bsky.feed.post/3mk2gcqqiu22z;2026-04-22T02:12:47.608016+00:00;elperiodicocat.eurosky.social;D7205CBD859D1B45;"Rosalía, l’estrella ""estudiant""

https://www.elperiodico.cat/ca/opinio/20260420/rosalia-l-estrella-estudiant-129288309?utm_source=rss-noticias&utm_medium=feed&utm_campaign=opinio";0;0;0;;Desconocido;SI;86;
POST;at://did:plc:oeae6xttqp2xpae3zntpcyvl/app.bsky.feed.post/3mk2ftx3jd22x;at://did:plc:oeae6xttqp2xpae3zntpcyvl/app.bsky.feed.post/3mk2ftx3jd22x;2026-04-22T02:04:30.963Z;sukunasty.bsky.social;A9F1B5F5595BE106;God was in the studio;6;3;0;;Desconocido;SI;1327;
POST;at://did:plc:4gkb3c2t25p3dxi6mqdjr35e/app.bsky.feed.post/3mk2fqi3m6s2j;at://did:plc:4gkb3c2t25p3dxi6mqdjr35e/app.bsky.feed.post/3mk2fqi3m6s2j;2026-04-22T02:02:34.573Z;escorpionica.bsky.social;E27C8462B9A4F426;"ROSALÍA - Focu 'Ranni (Official Video)
youtu.be/u7pr0p3ShXU?...";0;0;1;;Desconocido;SI;302;
COMENTARIO;at://did:plc:4gkb3c2t25p3dxi6mqdjr35e/app.bsky.feed.post/3mk2sbnvl522r;at://did:plc:4gkb3c2t25p3dxi6mqdjr35e/app.bsky.feed.post/3mk2fqi3m6s2j;2026-04-22T05:46:55.996Z;escorpionica.bsky.social;E27C8462B9A4F426;"Colocaram essa música na cena da menina que foge do casamento com o professor em Anne with an E 💡 
www.instagram.com/reel/DXXa-0k...";0;0;0;;Desconocido;SI;;
POST;at://did:plc:gxmg6egpy4vnweuwyfhmxfpg/app.bsky.feed.post/3mk2eyjk5sk2a;at://did:plc:gxmg6egpy4vnweuwyfhmxfpg/app.bsky.feed.post/3mk2eyjk5sk2a;2026-04-22T01:49:10.795Z;smolizzyhands.bsky.social;EB7B7FFF8E7804E8;youtu.be/u7pr0p3ShXU?...;0;0;0;;Desconocido;SI;3174;
POST;at://did:plc:oeae6xttqp2xpae3zntpcyvl/app.bsky.feed.post/3mk2dck7hrc2x;at://did:plc:oeae6xttqp2xpae3zntpcyvl/app.bsky.feed.post/3mk2dck7hrc2x;2026-04-22T01:18:59.550Z;sukunasty.bsky.social;A9F1B5F5595BE106;need a mix of the version that's on the blue album, but with this bridge;4;0;0;;Desconocido;SI;1327;
POST;at://did:plc:nz4oqmelihwybwpeai24axox/app.bsky.feed.post/3mk2buanhnk27;at://did:plc:nz4oqmelihwybwpeai24axox/app.bsky.feed.post/3mk2buanhnk27;2026-04-22T00:53:06.023Z;luhbachsep.bsky.social;416229771DF1F67D;"- Mãe, por que o nome da minha irmã é rosa? 
- Porque sua outra mãe É A ROSALÍA
🙏🏼🙏🏼🙏🏼🙏🏼🙌🏼🙌🏼🙌🏼";0;0;0;;Desconocido;SI;459;"- Mãe, por que o nome da minha irmã é rosa? 
- Porque sua outra mãe adora rosas
- E o meu nome é por que então? 
- Silêncio, Bee Gees - One Night Only Live At MGM Grand Las Vegas 1997."
POST;at://did:plc:ass4aukj7qniiiswynzx24xa/app.bsky.feed.post/3mk2bs5ypgv2l;at://did:plc:ass4aukj7qniiiswynzx24xa/app.bsky.feed.post/3mk2bs5ypgv2l;2026-04-22T00:51:55.907Z;volkskrant.nl;D402538121720B29;Van gabber tot Rosalía: choreografentrio (La)Horde trekt zich niets aan van genrehokjes (en al helemaal niet van genderhokjes);1;0;0;;Desconocido;SI;31877;
POST;at://did:plc:nz4oqmelihwybwpeai24axox/app.bsky.feed.post/3mk2bfp35kk27;at://did:plc:nz4oqmelihwybwpeai24axox/app.bsky.feed.post/3mk2bfp35kk27;2026-04-22T00:44:57.835Z;luhbachsep.bsky.social;416229771DF1F67D;O BIQUINHO DO MEU PEITO ESTÁ DURO POIS ROSALÍA TOCOU MEU CORAÇÃO LIBERANDO AS FAIXAS DE LUX AMÉM AMÉM AMÉM IRMÕES🙏🏼🙏🏼🙏🏼🙏🏼;1;0;0;;Desconocido;SI;459;
POST;at://did:plc:w5dbedhjrlgh5ulhzgvpc4y4/app.bsky.feed.post/3mk2atsew422h;at://did:plc:w5dbedhjrlgh5ulhzgvpc4y4/app.bsky.feed.post/3mk2atsew422h;2026-04-22T00:34:57.320Z;inyim.bsky.social;9E0D567AAB66E2E3;"Rosalía is officially Billboard Latin Women in Music’s 2026 Woman of the Year, with the ceremony set to air April 23.

itsnotyouitsme.org/rosalia-decl... 

#Rosalia #LatinWomenInMusic #PopCulture";0;0;0;;Desconocido;SI;89;
POST;at://did:plc:thkxnsenkekh7wu2k56lzsd5/app.bsky.feed.post/3mk2aksu2vf2h;at://did:plc:thkxnsenkekh7wu2k56lzsd5/app.bsky.feed.post/3mk2aksu2vf2h;2026-04-22T00:29:55+00:00;sondeolatinonews.bsky.social;0981F27610A28883;"🚨  Rosalía aparece en Euphoria con un breve personaje que destaca por su estilo y spanglish 📈

📌 #Cine #sondeolatino #noticias #News #Viral

☑️ Ver Artículo  🔗 :  

 ";0;0;1;;Desconocido;SI;91;
COMENTARIO;at://did:plc:thkxnsenkekh7wu2k56lzsd5/app.bsky.feed.post/3mk2akt6mx327;at://did:plc:thkxnsenkekh7wu2k56lzsd5/app.bsky.feed.post/3mk2aksu2vf2h;2026-04-22T00:29:55+00:00;sondeolatinonews.bsky.social;0981F27610A28883;#sondeolatinonews #noticias #rd;0;0;0;;Desconocido;SI;;
POST;at://did:plc:nz4oqmelihwybwpeai24axox/app.bsky.feed.post/3mk27vyo4k227;at://did:plc:nz4oqmelihwybwpeai24axox/app.bsky.feed.post/3mk27vyo4k227;2026-04-22T00:18:17.280Z;luhbachsep.bsky.social;416229771DF1F67D;"FOCU 'RANNI
PARABÉNS ROSALÍA
TOMA AQUI O MEU CUZINHO, É SEU";0;0;0;;Desconocido;SI;459;
